Unidade 1.1 — nível A2
Tipo 1 (medium) — meta 6, existentes 0, faltam 6
  Gerando lote de 6...
  Criados 6 rascunhos.
Tipo 2 (hard) — meta 2, existentes 0, faltam 2
  Gerando lote de 2...
  Criados 2 rascunhos.
Tipo 3 (hard) — meta 2, existentes 0, faltam 2
  Gerando lote de 2...
  Criados 2 rascunhos.
Tipo 4 (easy) — meta 12, existentes 0, faltam 12
  Gerando lote de 12...
  Criados 12 rascunhos.
Tipo 9 (hard) — meta 2, existentes 0, faltam 2
  Gerando lote de 2...
  Criados 2 rascunhos.
Tipo 10 (hard) — meta 2, existentes 0, faltam 2
  Gerando lote de 2...
  Criados 2 rascunhos.
Tipo 13 (medium) — meta 6, existentes 0, faltam 6
  Gerando lote de 6...
  Criados 6 rascunhos.
Tipo 11 (hard) — meta 2, existentes 0, faltam 2
  Gerando lote de 2...
  Criados 2 rascunhos.
Tipo 5 (easy) — meta 12, existentes 0, faltam 12
  Gerando lote de 12...
  Criados 12 rascunhos.
Tipo 7 (medium) — meta 6, existentes 0, faltam 6
  Gerando lote de 6...
  Criados 6 rascunhos.
Tipo 12 (medium) — meta 6, existentes 0, faltam 6
  Gerando lote de 6...
  Criados 6 rascunhos.
Tipo 8 (hard) — meta 2, existentes 0, faltam 2
  Gerando lote de 2...
  Criados 2 rascunhos.
Tipo 6 (hard) — meta 2, existentes 0, faltam 2
  Gerando lote de 2...
  Criados 2 rascunhos.
Geração concluída. Aprovando rascunhos pendentes...
Concluído. 62 exercício(s) aprovado(s) na unidade 1.1.
Unidade 4.2 — nível A1
Tipo 1 (medium) — meta 6, existentes 0, faltam 6
  Gerando lote de 6...
  Criados 6 rascunhos.
Tipo 2 (hard) — meta 2, existentes 0, faltam 2
  Gerando lote de 2...
  Criados 2 rascunhos.
Tipo 3 (hard) — meta 2, existentes 0, faltam 2
  Gerando lote de 2...
  Criados 2 rascunhos.
Tipo 4 (easy) — meta 12, existentes 0, faltam 12
  Gerando lote de 12...
  Criados 12 rascunhos.
Tipo 9 (hard) — meta 2, existentes 0, faltam 2
  Gerando lote de 2...
  Criados 2 rascunhos.
Tipo 10 (hard) — meta 2, existentes 0, faltam 2
  Gerando lote de 2...
  Criados 2 rascunhos.
Tipo 13 (medium) — meta 6, existentes 0, faltam 6
  Gerando lote de 6...
  Criados 6 rascunhos.
Tipo 11 (hard) — meta 2, existentes 0, faltam 2
  Gerando lote de 2...
  Criados 2 rascunhos.
Tipo 5 (easy) — meta 12, existentes 0, faltam 12
  Gerando lote de 12...
  Criados 12 rascunhos.
Tipo 7 (medium) — meta 6, existentes 0, faltam 6
  Gerando lote de 6...
  Criados 6 rascunhos.
Tipo 12 (medium) — meta 6, existentes 0, faltam 6
  Gerando lote de 6...
  Criados 6 rascunhos.
Tipo 8 (hard) — meta 2, existentes 0, faltam 2
  Gerando lote de 2...
  Criados 2 rascunhos.
Tipo 6 (hard) — meta 2, existentes 0, faltam 2
  Gerando lote de 2...
  Criados 2 rascunhos.
Geração concluída. Aprovando rascunhos pendentes...
Concluído. 62 exercício(s) aprovado(s) na unidade 4.2.
Unidade 4.1 — nível A1
Tipo 1 (medium) — meta 6, existentes 0, faltam 6
  Gerando lote de 6...
  Criados 6 rascunhos.
Tipo 2 (hard) — meta 2, existentes 0, faltam 2
  Gerando lote de 2...
  Criados 2 rascunhos.
Tipo 3 (hard) — meta 2, existentes 0, faltam 2
  Gerando lote de 2...
  Criados 2 rascunhos.
Tipo 4 (easy) — meta 12, existentes 0, faltam 12
  Gerando lote de 12...
  Criados 12 rascunhos.
Tipo 9 (hard) — meta 2, existentes 0, faltam 2
  Gerando lote de 2...
  Erro: Expected double-quoted property name in JSON at position 1005 — aguardando e tentando de novo...
  Gerando lote de 2...
  Criados 2 rascunhos.
Tipo 10 (hard) — meta 2, existentes 0, faltam 2
  Gerando lote de 2...
  Criados 2 rascunhos.
Tipo 13 (medium) — meta 6, existentes 0, faltam 6
  Gerando lote de 6...
  Criados 6 rascunhos.
Tipo 11 (hard) — meta 2, existentes 0, faltam 2
  Gerando lote de 2...
  Criados 2 rascunhos.
Tipo 5 (easy) — meta 12, existentes 0, faltam 12
  Gerando lote de 12...
  Criados 12 rascunhos.
Tipo 7 (medium) — meta 6, existentes 0, faltam 6
  Gerando lote de 6...
  Criados 6 rascunhos.
Tipo 12 (medium) — meta 6, existentes 0, faltam 6
  Gerando lote de 6...
  Criados 6 rascunhos.
Tipo 8 (hard) — meta 2, existentes 0, faltam 2
  Gerando lote de 2...
  Criados 2 rascunhos.
Tipo 6 (hard) — meta 2, existentes 0, faltam 2
  Gerando lote de 2...
  Criados 2 rascunhos.
Geração concluída. Aprovando rascunhos pendentes...
Concluído. 62 exercício(s) aprovado(s) na unidade 4.1.
Unidade 2.5 — nível C1
Tipo 1 (medium) — meta 12, existentes 0, faltam 12
  Gerando lote de 12...
  Criados 12 rascunhos.
Tipo 2 (hard) — meta 3, existentes 0, faltam 3
  Gerando lote de 3...
  Criados 3 rascunhos.
Tipo 3 (hard) — meta 3, existentes 0, faltam 3
  Gerando lote de 3...
  Criados 3 rascunhos.
Tipo 4 (easy) — meta 24, existentes 0, faltam 24
  Gerando lote de 20...
  Criados 20 rascunhos.
  Gerando lote de 4...
  Criados 4 rascunhos.
Tipo 9 (hard) — meta 3, existentes 0, faltam 3
  Gerando lote de 3...
  Criados 3 rascunhos.
Tipo 10 (hard) — meta 3, existentes 0, faltam 3
  Gerando lote de 3...
  Criados 3 rascunhos.
Tipo 13 (medium) — meta 12, existentes 0, faltam 12
  Gerando lote de 12...
  Criados 12 rascunhos.
Tipo 11 (hard) — meta 3, existentes 0, faltam 3
  Gerando lote de 3...
  Criados 3 rascunhos.
Tipo 5 (easy) — meta 24, existentes 0, faltam 24
  Gerando lote de 20...
  Criados 20 rascunhos.
  Gerando lote de 4...
  Criados 4 rascunhos.
Tipo 7 (medium) — meta 12, existentes 0, faltam 12
  Gerando lote de 12...
  Criados 12 rascunhos.
Tipo 12 (medium) — meta 12, existentes 0, faltam 12
  Gerando lote de 12...
  Criados 12 rascunhos.
Tipo 8 (hard) — meta 3, existentes 0, faltam 3
  Gerando lote de 3...
  Criados 3 rascunhos.
Tipo 6 (hard) — meta 3, existentes 0, faltam 3
  Gerando lote de 3...
  Criados 3 rascunhos.
Geração concluída. Aprovando rascunhos pendentes...
Concluído. 117 exercício(s) aprovado(s) na unidade 2.5.
Unidade 3.4 — nível A1
Tipo 1 (medium) — meta 6, existentes 0, faltam 6
  Gerando lote de 6...
  Criados 6 rascunhos.
Tipo 2 (hard) — meta 2, existentes 0, faltam 2
  Gerando lote de 2...
  Criados 2 rascunhos.
Tipo 3 (hard) — meta 2, existentes 0, faltam 2
  Gerando lote de 2...
  Criados 2 rascunhos.
Tipo 4 (easy) — meta 12, existentes 0, faltam 12
  Gerando lote de 12...
  Criados 12 rascunhos.
Tipo 9 (hard) — meta 2, existentes 0, faltam 2
  Gerando lote de 2...
  Criados 2 rascunhos.
Tipo 10 (hard) — meta 2, existentes 0, faltam 2
  Gerando lote de 2...
  Criados 2 rascunhos.
Tipo 13 (medium) — meta 6, existentes 0, faltam 6
  Gerando lote de 6...
  Erro: Falha ao gerar exercícios (medium). — aguardando e tentando de novo...
  Gerando lote de 6...
  Erro: Falha ao gerar exercícios (medium). — aguardando e tentando de novo...
  Gerando lote de 6...
  Erro: Falha ao gerar exercícios (medium). — aguardando e tentando de novo...
  Gerando lote de 6...
  Erro: Falha ao gerar exercícios (medium). — aguardando e tentando de novo...
  Gerando lote de 6...
  Erro: Falha ao gerar exercícios (medium). — aguardando e tentando de novo...
  Gerando lote de 6...
  Erro: Falha ao gerar exercícios (medium). — aguardando e tentando de novo...
  Gerando lote de 6...
  Erro: Falha ao gerar exercícios (medium). — aguardando e tentando de novo...
  Gerando lote de 6...
  Erro: Falha ao gerar exercícios (medium). — aguardando e tentando de novo...
  Gerando lote de 6...
  Erro: Falha ao gerar exercícios (medium). — aguardando e tentando de novo...
  Gerando lote de 6...
  Erro: Falha ao gerar exercícios (medium). — aguardando e tentando de novo...
  Gerando lote de 6...
  Erro: Falha ao gerar exercícios (medium). — aguardando e tentando de novo...
  Gerando lote de 6...
  Erro: Falha ao gerar exercícios (medium). — aguardando e tentando de novo...
  Gerando lote de 6...
  Erro: Falha ao gerar exercícios (medium). — aguardando e tentando de novo...
  Gerando lote de 6...
  Erro: Falha ao gerar exercícios (medium). — aguardando e tentando de novo...
  Gerando lote de 6...
  Erro: Falha ao gerar exercícios (medium). — aguardando e tentando de novo...
  Gerando lote de 6...
  Erro: Falha ao gerar exercícios (medium). — aguardando e tentando de novo...
  Gerando lote de 6...
  Erro: Falha ao gerar exercícios (medium). — aguardando e tentando de novo...
  Gerando lote de 6...
  Erro: Falha ao gerar exercícios (medium). — aguardando e tentando de novo...
  Gerando lote de 6...
  Erro: Falha ao gerar exercícios (medium). — aguardando e tentando de novo...
  Gerando lote de 6...
  Erro: Falha ao gerar exercícios (medium). — aguardando e tentando de novo...
  Gerando lote de 6...
  Criados 6 rascunhos.
Tipo 11 (hard) — meta 2, existentes 0, faltam 2
  Gerando lote de 2...
  Criados 2 rascunhos.
Tipo 5 (easy) — meta 12, existentes 0, faltam 12
  Gerando lote de 12...
  Criados 12 rascunhos.
Tipo 7 (medium) — meta 6, existentes 0, faltam 6
  Gerando lote de 6...
  Criados 6 rascunhos.
Tipo 12 (medium) — meta 6, existentes 0, faltam 6
  Gerando lote de 6...
  Criados 6 rascunhos.
Tipo 8 (hard) — meta 2, existentes 0, faltam 2
  Gerando lote de 2...
  Criados 2 rascunhos.
Tipo 6 (hard) — meta 2, existentes 0, faltam 2
  Gerando lote de 2...
  Criados 2 rascunhos.
Geração concluída. Aprovando rascunhos pendentes...
Concluído. 62 exercício(s) aprovado(s) na unidade 3.4.
Unidade 1.1 — nível A1
Tipo 1 (medium) — meta 12, existentes 7, faltam 5
  Gerando lote de 5...
  Criados 5 rascunhos.
Tipo 2 (hard) — meta 3, existentes 2, faltam 1
  Gerando lote de 1...
  Criados 1 rascunhos.
Tipo 3 (hard) — meta 3, existentes 2, faltam 1
  Gerando lote de 1...
  Criados 1 rascunhos.
Tipo 4 (easy) — meta 24, existentes 12, faltam 12
  Gerando lote de 12...
  Criados 12 rascunhos.
Tipo 9 (hard) — meta 3, existentes 2, faltam 1
  Gerando lote de 1...
  Criados 1 rascunhos.
Tipo 10 (hard) — meta 3, existentes 2, faltam 1
  Gerando lote de 1...
  Criados 1 rascunhos.
Tipo 13 (medium) — meta 12, existentes 6, faltam 6
  Gerando lote de 6...
  Criados 6 rascunhos.
Tipo 11 (hard) — meta 3, existentes 2, faltam 1
  Gerando lote de 1...
  Criados 1 rascunhos.
Tipo 5 (easy) — meta 24, existentes 12, faltam 12
  Gerando lote de 12...
  Criados 12 rascunhos.
Tipo 7 (medium) — meta 12, existentes 6, faltam 6
  Gerando lote de 6...
  Criados 6 rascunhos.
Tipo 12 (medium) — meta 12, existentes 6, faltam 6
  Gerando lote de 6...
  Criados 6 rascunhos.
Tipo 8 (hard) — meta 3, existentes 2, faltam 1
  Gerando lote de 1...
  Criados 1 rascunhos.
Tipo 6 (hard) — meta 3, existentes 2, faltam 1
  Gerando lote de 1...
  Criados 1 rascunhos.
Geração concluída. Aprovando rascunhos pendentes...
Concluído. 54 exercício(s) aprovado(s) na unidade 1.1.
Unidade 4.4 — nível A1
Tipo 1 (medium) — meta 6, existentes 0, faltam 6
  Gerando lote de 6...
  Criados 6 rascunhos.
Tipo 2 (hard) — meta 2, existentes 0, faltam 2
  Gerando lote de 2...
  Criados 2 rascunhos.
Tipo 3 (hard) — meta 2, existentes 0, faltam 2
  Gerando lote de 2...
  Criados 2 rascunhos.
Tipo 4 (easy) — meta 12, existentes 0, faltam 12
  Gerando lote de 12...
  Erro: Falha ao gerar exercícios (easy). — aguardando e tentando de novo...
  Gerando lote de 12...
  Erro: Falha ao gerar exercícios (easy). — aguardando e tentando de novo...
  Gerando lote de 12...
  Erro: Falha ao gerar exercícios (easy). — aguardando e tentando de novo...
  Gerando lote de 12...
  Erro: Falha ao gerar exercícios (easy). — aguardando e tentando de novo...
  Gerando lote de 12...
  Erro: Falha ao gerar exercícios (easy). — aguardando e tentando de novo...
  Gerando lote de 12...
  Criados 12 rascunhos.
Tipo 9 (hard) — meta 2, existentes 0, faltam 2
  Gerando lote de 2...
  Criados 2 rascunhos.
Tipo 10 (hard) — meta 2, existentes 0, faltam 2
  Gerando lote de 2...
  Criados 2 rascunhos.
Tipo 13 (medium) — meta 6, existentes 0, faltam 6
  Gerando lote de 6...
  Criados 6 rascunhos.
Tipo 11 (hard) — meta 2, existentes 0, faltam 2
  Gerando lote de 2...
  Criados 2 rascunhos.
Tipo 5 (easy) — meta 12, existentes 0, faltam 12
  Gerando lote de 12...
  Criados 12 rascunhos.
Tipo 7 (medium) — meta 6, existentes 0, faltam 6
  Gerando lote de 6...
  Criados 6 rascunhos.
Tipo 12 (medium) — meta 6, existentes 0, faltam 6
  Gerando lote de 6...
  Criados 6 rascunhos.
Tipo 8 (hard) — meta 2, existentes 0, faltam 2
  Gerando lote de 2...
  Criados 2 rascunhos.
Tipo 6 (hard) — meta 2, existentes 0, faltam 2
  Gerando lote de 2...
  Criados 2 rascunhos.
Geração concluída. Aprovando rascunhos pendentes...
Concluído. 62 exercício(s) aprovado(s) na unidade 4.4.
Unidade 3.2 — nível A1
Tipo 1 (medium) — meta 6, existentes 0, faltam 6
  Gerando lote de 6...
  Criados 6 rascunhos.
Tipo 2 (hard) — meta 2, existentes 0, faltam 2
  Gerando lote de 2...
  Criados 2 rascunhos.
Tipo 3 (hard) — meta 2, existentes 0, faltam 2
  Gerando lote de 2...
  Criados 2 rascunhos.
Tipo 4 (easy) — meta 12, existentes 0, faltam 12
  Gerando lote de 12...
  Criados 12 rascunhos.
Tipo 9 (hard) — meta 2, existentes 0, faltam 2
  Gerando lote de 2...
  Criados 2 rascunhos.
Tipo 10 (hard) — meta 2, existentes 0, faltam 2
  Gerando lote de 2...
  Criados 2 rascunhos.
Tipo 13 (medium) — meta 6, existentes 0, faltam 6
  Gerando lote de 6...
  Criados 6 rascunhos.
Tipo 11 (hard) — meta 2, existentes 0, faltam 2
  Gerando lote de 2...
  Criados 2 rascunhos.
Tipo 5 (easy) — meta 12, existentes 0, faltam 12
  Gerando lote de 12...
  Criados 12 rascunhos.
Tipo 7 (medium) — meta 6, existentes 0, faltam 6
  Gerando lote de 6...
  Criados 6 rascunhos.
Tipo 12 (medium) — meta 6, existentes 0, faltam 6
  Gerando lote de 6...
  Criados 6 rascunhos.
Tipo 8 (hard) — meta 2, existentes 0, faltam 2
  Gerando lote de 2...
  Criados 2 rascunhos.
Tipo 6 (hard) — meta 2, existentes 0, faltam 2
  Gerando lote de 2...
  Criados 2 rascunhos.
Geração concluída. Aprovando rascunhos pendentes...
Concluído. 62 exercício(s) aprovado(s) na unidade 3.2.
Unidade 4.5 — nível A1
Tipo 1 (medium) — meta 6, existentes 0, faltam 6
  Gerando lote de 6...
  Criados 6 rascunhos.
Tipo 2 (hard) — meta 2, existentes 0, faltam 2
  Gerando lote de 2...
  Criados 2 rascunhos.
Tipo 3 (hard) — meta 2, existentes 0, faltam 2
  Gerando lote de 2...
  Criados 2 rascunhos.
Tipo 4 (easy) — meta 12, existentes 0, faltam 12
  Gerando lote de 12...
  Criados 12 rascunhos.
Tipo 9 (hard) — meta 2, existentes 0, faltam 2
  Gerando lote de 2...
  Criados 2 rascunhos.
Tipo 10 (hard) — meta 2, existentes 0, faltam 2
  Gerando lote de 2...
  Criados 2 rascunhos.
Tipo 13 (medium) — meta 6, existentes 0, faltam 6
  Gerando lote de 6...
  Criados 6 rascunhos.
Tipo 11 (hard) — meta 2, existentes 0, faltam 2
  Gerando lote de 2...
  Criados 2 rascunhos.
Tipo 5 (easy) — meta 12, existentes 0, faltam 12
  Gerando lote de 12...
  Criados 12 rascunhos.
Tipo 7 (medium) — meta 6, existentes 0, faltam 6
  Gerando lote de 6...
  Criados 6 rascunhos.
Tipo 12 (medium) — meta 6, existentes 0, faltam 6
  Gerando lote de 6...
  Criados 6 rascunhos.
Tipo 8 (hard) — meta 2, existentes 0, faltam 2
  Gerando lote de 2...
  Criados 2 rascunhos.
Tipo 6 (hard) — meta 2, existentes 0, faltam 2
  Gerando lote de 2...
  Erro: Falha ao gerar exercícios (hard). — aguardando e tentando de novo...
  Gerando lote de 2...
  Criados 2 rascunhos.
Geração concluída. Aprovando rascunhos pendentes...
Concluído. 62 exercício(s) aprovado(s) na unidade 4.5.
Unidade 3.5 — nível A1
Tipo 1 (medium) — meta 6, existentes 0, faltam 6
  Gerando lote de 6...
  Criados 6 rascunhos.
Tipo 2 (hard) — meta 2, existentes 0, faltam 2
  Gerando lote de 2...
  Criados 2 rascunhos.
Tipo 3 (hard) — meta 2, existentes 0, faltam 2
  Gerando lote de 2...
  Criados 2 rascunhos.
Tipo 4 (easy) — meta 12, existentes 0, faltam 12
  Gerando lote de 12...
  Criados 12 rascunhos.
Tipo 9 (hard) — meta 2, existentes 0, faltam 2
  Gerando lote de 2...
  Criados 2 rascunhos.
Tipo 10 (hard) — meta 2, existentes 0, faltam 2
  Gerando lote de 2...
  Criados 2 rascunhos.
Tipo 13 (medium) — meta 6, existentes 0, faltam 6
  Gerando lote de 6...
  Criados 6 rascunhos.
Tipo 11 (hard) — meta 2, existentes 0, faltam 2
  Gerando lote de 2...
  Criados 2 rascunhos.
Tipo 5 (easy) — meta 12, existentes 0, faltam 12
  Gerando lote de 12...
  Criados 12 rascunhos.
Tipo 7 (medium) — meta 6, existentes 0, faltam 6
  Gerando lote de 6...
  Criados 6 rascunhos.
Tipo 12 (medium) — meta 6, existentes 0, faltam 6
  Gerando lote de 6...
  Criados 6 rascunhos.
Tipo 8 (hard) — meta 2, existentes 0, faltam 2
  Gerando lote de 2...
  Criados 2 rascunhos.
Tipo 6 (hard) — meta 2, existentes 0, faltam 2
  Gerando lote de 2...
  Criados 2 rascunhos.
Geração concluída. Aprovando rascunhos pendentes...
Concluído. 62 exercício(s) aprovado(s) na unidade 3.5.
Unidade 1.2 — nível A2
Tipo 1 (medium) — meta 6, existentes 0, faltam 6
  Gerando lote de 6...
  Criados 6 rascunhos.
Tipo 2 (hard) — meta 2, existentes 0, faltam 2
  Gerando lote de 2...
  Criados 2 rascunhos.
Tipo 3 (hard) — meta 2, existentes 0, faltam 2
  Gerando lote de 2...
  Criados 2 rascunhos.
Tipo 4 (easy) — meta 12, existentes 0, faltam 12
  Gerando lote de 12...
  Criados 12 rascunhos.
Tipo 9 (hard) — meta 2, existentes 0, faltam 2
  Gerando lote de 2...
  Criados 2 rascunhos.
Tipo 10 (hard) — meta 2, existentes 0, faltam 2
  Gerando lote de 2...
  Criados 2 rascunhos.
Tipo 13 (medium) — meta 6, existentes 0, faltam 6
  Gerando lote de 6...
  Criados 6 rascunhos.
Tipo 11 (hard) — meta 2, existentes 0, faltam 2
  Gerando lote de 2...
  Criados 2 rascunhos.
Tipo 5 (easy) — meta 12, existentes 0, faltam 12
  Gerando lote de 12...
  Criados 12 rascunhos.
Tipo 7 (medium) — meta 6, existentes 0, faltam 6
  Gerando lote de 6...
  Criados 6 rascunhos.
Tipo 12 (medium) — meta 6, existentes 0, faltam 6
  Gerando lote de 6...
  Criados 6 rascunhos.
Tipo 8 (hard) — meta 2, existentes 0, faltam 2
  Gerando lote de 2...
  Criados 2 rascunhos.
Tipo 6 (hard) — meta 2, existentes 0, faltam 2
  Gerando lote de 2...
  Criados 2 rascunhos.
Geração concluída. Aprovando rascunhos pendentes...
Concluído. 62 exercício(s) aprovado(s) na unidade 1.2.
Unidade 2.4 — nível A2
Tipo 1 (medium) — meta 6, existentes 0, faltam 6
  Gerando lote de 6...
  Criados 6 rascunhos.
Tipo 2 (hard) — meta 2, existentes 0, faltam 2
  Gerando lote de 2...
  Criados 2 rascunhos.
Tipo 3 (hard) — meta 2, existentes 0, faltam 2
  Gerando lote de 2...
  Criados 2 rascunhos.
Tipo 4 (easy) — meta 12, existentes 0, faltam 12
  Gerando lote de 12...
  Criados 12 rascunhos.
Tipo 9 (hard) — meta 2, existentes 0, faltam 2
  Gerando lote de 2...
  Erro: Falha ao gerar exercícios (hard). — aguardando e tentando de novo...
  Gerando lote de 2...
  Criados 2 rascunhos.
Tipo 10 (hard) — meta 2, existentes 0, faltam 2
  Gerando lote de 2...
  Erro: Falha ao gerar exercícios (hard). — aguardando e tentando de novo...
  Gerando lote de 2...
  Criados 2 rascunhos.
Tipo 13 (medium) — meta 6, existentes 0, faltam 6
  Gerando lote de 6...
  Criados 6 rascunhos.
Tipo 11 (hard) — meta 2, existentes 0, faltam 2
  Gerando lote de 2...
  Criados 2 rascunhos.
Tipo 5 (easy) — meta 12, existentes 0, faltam 12
  Gerando lote de 12...
  Criados 12 rascunhos.
Tipo 7 (medium) — meta 6, existentes 0, faltam 6
  Gerando lote de 6...
  Criados 6 rascunhos.
Tipo 12 (medium) — meta 6, existentes 0, faltam 6
  Gerando lote de 6...
  Criados 6 rascunhos.
Tipo 8 (hard) — meta 2, existentes 0, faltam 2
  Gerando lote de 2...
  Criados 2 rascunhos.
Tipo 6 (hard) — meta 2, existentes 0, faltam 2
  Gerando lote de 2...
  Criados 2 rascunhos.
Geração concluída. Aprovando rascunhos pendentes...
Concluído. 62 exercício(s) aprovado(s) na unidade 2.4.
Unidade 1.1 — nível C1
Tipo 1 (medium) — meta 12, existentes 0, faltam 12
  Gerando lote de 12...
  Criados 12 rascunhos.
Tipo 2 (hard) — meta 3, existentes 0, faltam 3
  Gerando lote de 3...
  Criados 3 rascunhos.
Tipo 3 (hard) — meta 3, existentes 0, faltam 3
  Gerando lote de 3...
  Criados 3 rascunhos.
Tipo 4 (easy) — meta 24, existentes 0, faltam 24
  Gerando lote de 20...
  Criados 20 rascunhos.
  Gerando lote de 4...
  Criados 4 rascunhos.
Tipo 9 (hard) — meta 3, existentes 0, faltam 3
  Gerando lote de 3...
  Criados 3 rascunhos.
Tipo 10 (hard) — meta 3, existentes 0, faltam 3
  Gerando lote de 3...
  Criados 3 rascunhos.
Tipo 13 (medium) — meta 12, existentes 0, faltam 12
  Gerando lote de 12...
  Criados 12 rascunhos.
Tipo 11 (hard) — meta 3, existentes 0, faltam 3
  Gerando lote de 3...
  Criados 3 rascunhos.
Tipo 5 (easy) — meta 24, existentes 0, faltam 24
  Gerando lote de 20...
  Criados 20 rascunhos.
  Gerando lote de 4...
  Criados 4 rascunhos.
Tipo 7 (medium) — meta 12, existentes 0, faltam 12
  Gerando lote de 12...
  Criados 12 rascunhos.
Tipo 12 (medium) — meta 12, existentes 0, faltam 12
  Gerando lote de 12...
  Criados 12 rascunhos.
Tipo 8 (hard) — meta 3, existentes 0, faltam 3
  Gerando lote de 3...
  Criados 3 rascunhos.
Tipo 6 (hard) — meta 3, existentes 0, faltam 3
  Gerando lote de 3...
  Criados 3 rascunhos.
Geração concluída. Aprovando rascunhos pendentes...
Concluído. 117 exercício(s) aprovado(s) na unidade 1.1.
Unidade 1.1 — nível B1
Tipo 1 (medium) — meta 6, existentes 0, faltam 6
  Gerando lote de 6...
  Criados 6 rascunhos.
Tipo 2 (hard) — meta 2, existentes 0, faltam 2
  Gerando lote de 2...
  Criados 2 rascunhos.
Tipo 3 (hard) — meta 2, existentes 0, faltam 2
  Gerando lote de 2...
  Criados 2 rascunhos.
Tipo 4 (easy) — meta 12, existentes 0, faltam 12
  Gerando lote de 12...
  Criados 12 rascunhos.
Tipo 9 (hard) — meta 2, existentes 0, faltam 2
  Gerando lote de 2...
  Criados 2 rascunhos.
Tipo 10 (hard) — meta 2, existentes 0, faltam 2
  Gerando lote de 2...
  Criados 2 rascunhos.
Tipo 13 (medium) — meta 6, existentes 0, faltam 6
  Gerando lote de 6...
  Erro: Falha ao gerar exercícios (medium). — aguardando e tentando de novo...
  Gerando lote de 6...
  Criados 6 rascunhos.
Tipo 11 (hard) — meta 2, existentes 0, faltam 2
  Gerando lote de 2...
  Criados 2 rascunhos.
Tipo 5 (easy) — meta 12, existentes 0, faltam 12
  Gerando lote de 12...
  Criados 12 rascunhos.
Tipo 7 (medium) — meta 6, existentes 0, faltam 6
  Gerando lote de 6...
  Criados 6 rascunhos.
Tipo 12 (medium) — meta 6, existentes 0, faltam 6
  Gerando lote de 6...
  Criados 6 rascunhos.
Tipo 8 (hard) — meta 2, existentes 0, faltam 2
  Gerando lote de 2...
  Criados 2 rascunhos.
Tipo 6 (hard) — meta 2, existentes 0, faltam 2
  Gerando lote de 2...
  Criados 2 rascunhos.
Geração concluída. Aprovando rascunhos pendentes...
Concluído. 62 exercício(s) aprovado(s) na unidade 1.1.
Unidade 1.2 — nível A1
Tipo 1 (medium) — meta 12, existentes 0, faltam 12
  Gerando lote de 12...
  Criados 12 rascunhos.
Tipo 2 (hard) — meta 3, existentes 0, faltam 3
  Gerando lote de 3...
  Criados 3 rascunhos.
Tipo 3 (hard) — meta 3, existentes 0, faltam 3
  Gerando lote de 3...
  Criados 3 rascunhos.
Tipo 4 (easy) — meta 24, existentes 0, faltam 24
  Gerando lote de 20...
  Criados 20 rascunhos.
  Gerando lote de 4...
  Criados 4 rascunhos.
Tipo 9 (hard) — meta 3, existentes 0, faltam 3
  Gerando lote de 3...
  Criados 3 rascunhos.
Tipo 10 (hard) — meta 3, existentes 0, faltam 3
  Gerando lote de 3...
  Criados 3 rascunhos.
Tipo 13 (medium) — meta 12, existentes 0, faltam 12
  Gerando lote de 12...
  Criados 12 rascunhos.
Tipo 11 (hard) — meta 3, existentes 0, faltam 3
  Gerando lote de 3...
  Criados 3 rascunhos.
Tipo 5 (easy) — meta 24, existentes 0, faltam 24
  Gerando lote de 20...
  Criados 20 rascunhos.
  Gerando lote de 4...
  Criados 4 rascunhos.
Tipo 7 (medium) — meta 12, existentes 0, faltam 12
  Gerando lote de 12...
  Criados 12 rascunhos.
Tipo 12 (medium) — meta 12, existentes 0, faltam 12
  Gerando lote de 12...
  Criados 12 rascunhos.
Tipo 8 (hard) — meta 3, existentes 0, faltam 3
  Gerando lote de 3...
  Criados 3 rascunhos.
Tipo 6 (hard) — meta 3, existentes 0, faltam 3
  Gerando lote de 3...
  Criados 3 rascunhos.
Geração concluída. Aprovando rascunhos pendentes...
Concluído. 117 exercício(s) aprovado(s) na unidade 1.2.
Unidade 1.5 — nível A1
Tipo 1 (medium) — meta 12, existentes 0, faltam 12
  Gerando lote de 12...
  Criados 12 rascunhos.
Tipo 2 (hard) — meta 3, existentes 0, faltam 3
  Gerando lote de 3...
  Criados 3 rascunhos.
Tipo 3 (hard) — meta 3, existentes 0, faltam 3
  Gerando lote de 3...
  Criados 3 rascunhos.
Tipo 4 (easy) — meta 24, existentes 0, faltam 24
  Gerando lote de 20...
  Criados 20 rascunhos.
  Gerando lote de 4...
  Criados 4 rascunhos.
Tipo 9 (hard) — meta 3, existentes 0, faltam 3
  Gerando lote de 3...
  Criados 3 rascunhos.
Tipo 10 (hard) — meta 3, existentes 0, faltam 3
  Gerando lote de 3...
  Criados 3 rascunhos.
Tipo 13 (medium) — meta 12, existentes 0, faltam 12
  Gerando lote de 12...
  Criados 12 rascunhos.
Tipo 11 (hard) — meta 3, existentes 0, faltam 3
  Gerando lote de 3...
  Criados 3 rascunhos.
Tipo 5 (easy) — meta 24, existentes 0, faltam 24
  Gerando lote de 20...
  Criados 20 rascunhos.
  Gerando lote de 4...
  Criados 4 rascunhos.
Tipo 7 (medium) — meta 12, existentes 0, faltam 12
  Gerando lote de 12...
  Criados 12 rascunhos.
Tipo 12 (medium) — meta 12, existentes 0, faltam 12
  Gerando lote de 12...
  Criados 12 rascunhos.
Tipo 8 (hard) — meta 3, existentes 0, faltam 3
  Gerando lote de 3...
  Criados 3 rascunhos.
Tipo 6 (hard) — meta 3, existentes 0, faltam 3
  Gerando lote de 3...
  Criados 3 rascunhos.
Geração concluída. Aprovando rascunhos pendentes...
Concluído. 117 exercício(s) aprovado(s) na unidade 1.5.
Unidade 3.3 — nível A1
Tipo 1 (medium) — meta 6, existentes 0, faltam 6
  Gerando lote de 6...
  Criados 6 rascunhos.
Tipo 2 (hard) — meta 2, existentes 0, faltam 2
  Gerando lote de 2...
  Criados 2 rascunhos.
Tipo 3 (hard) — meta 2, existentes 0, faltam 2
  Gerando lote de 2...
  Criados 2 rascunhos.
Tipo 4 (easy) — meta 12, existentes 0, faltam 12
  Gerando lote de 12...
  Criados 12 rascunhos.
Tipo 9 (hard) — meta 2, existentes 0, faltam 2
  Gerando lote de 2...
  Criados 2 rascunhos.
Tipo 10 (hard) — meta 2, existentes 0, faltam 2
  Gerando lote de 2...
  Criados 2 rascunhos.
Tipo 13 (medium) — meta 6, existentes 0, faltam 6
  Gerando lote de 6...
  Criados 6 rascunhos.
Tipo 11 (hard) — meta 2, existentes 0, faltam 2
  Gerando lote de 2...
  Criados 2 rascunhos.
Tipo 5 (easy) — meta 12, existentes 0, faltam 12
  Gerando lote de 12...
  Criados 12 rascunhos.
Tipo 7 (medium) — meta 6, existentes 0, faltam 6
  Gerando lote de 6...
  Criados 6 rascunhos.
Tipo 12 (medium) — meta 6, existentes 0, faltam 6
  Gerando lote de 6...
  Criados 6 rascunhos.
Tipo 8 (hard) — meta 2, existentes 0, faltam 2
  Gerando lote de 2...
  Criados 2 rascunhos.
Tipo 6 (hard) — meta 2, existentes 0, faltam 2
  Gerando lote de 2...
  Criados 2 rascunhos.
Geração concluída. Aprovando rascunhos pendentes...
Concluído. 62 exercício(s) aprovado(s) na unidade 3.3.
Unidade 1.3 — nível A1
Tipo 1 (medium) — meta 12, existentes 0, faltam 12
  Gerando lote de 12...
  Criados 12 rascunhos.
Tipo 2 (hard) — meta 3, existentes 0, faltam 3
  Gerando lote de 3...
  Criados 3 rascunhos.
Tipo 3 (hard) — meta 3, existentes 0, faltam 3
  Gerando lote de 3...
  Criados 3 rascunhos.
Tipo 4 (easy) — meta 24, existentes 0, faltam 24
  Gerando lote de 20...
  Criados 20 rascunhos.
  Gerando lote de 4...
  Criados 4 rascunhos.
Tipo 9 (hard) — meta 3, existentes 0, faltam 3
  Gerando lote de 3...
  Criados 3 rascunhos.
Tipo 10 (hard) — meta 3, existentes 0, faltam 3
  Gerando lote de 3...
  Criados 3 rascunhos.
Tipo 13 (medium) — meta 12, existentes 0, faltam 12
  Gerando lote de 12...
  Criados 12 rascunhos.
Tipo 11 (hard) — meta 3, existentes 0, faltam 3
  Gerando lote de 3...
  Criados 3 rascunhos.
Tipo 5 (easy) — meta 24, existentes 0, faltam 24
  Gerando lote de 20...
  Criados 20 rascunhos.
  Gerando lote de 4...
  Criados 4 rascunhos.
Tipo 7 (medium) — meta 12, existentes 0, faltam 12
  Gerando lote de 12...
  Criados 12 rascunhos.
Tipo 12 (medium) — meta 12, existentes 0, faltam 12
  Gerando lote de 12...
  Criados 12 rascunhos.
Tipo 8 (hard) — meta 3, existentes 0, faltam 3
  Gerando lote de 3...
  Criados 3 rascunhos.
Tipo 6 (hard) — meta 3, existentes 0, faltam 3
  Gerando lote de 3...
  Criados 3 rascunhos.
Geração concluída. Aprovando rascunhos pendentes...
Concluído. 117 exercício(s) aprovado(s) na unidade 1.3.
Unidade 1.4 — nível A1
Tipo 1 (medium) — meta 12, existentes 0, faltam 12
  Gerando lote de 12...
  Criados 12 rascunhos.
Tipo 2 (hard) — meta 3, existentes 0, faltam 3
  Gerando lote de 3...
  Criados 3 rascunhos.
Tipo 3 (hard) — meta 3, existentes 0, faltam 3
  Gerando lote de 3...
  Criados 3 rascunhos.
Tipo 4 (easy) — meta 24, existentes 0, faltam 24
  Gerando lote de 20...
  Criados 20 rascunhos.
  Gerando lote de 4...
  Criados 4 rascunhos.
Tipo 9 (hard) — meta 3, existentes 0, faltam 3
  Gerando lote de 3...
  Criados 3 rascunhos.
Tipo 10 (hard) — meta 3, existentes 0, faltam 3
  Gerando lote de 3...
  Criados 3 rascunhos.
Tipo 13 (medium) — meta 12, existentes 0, faltam 12
  Gerando lote de 12...
  Criados 12 rascunhos.
Tipo 11 (hard) — meta 3, existentes 0, faltam 3
  Gerando lote de 3...
  Criados 3 rascunhos.
Tipo 5 (easy) — meta 24, existentes 0, faltam 24
  Gerando lote de 20...
  Criados 20 rascunhos.
  Gerando lote de 4...
  Criados 4 rascunhos.
Tipo 7 (medium) — meta 12, existentes 0, faltam 12
  Gerando lote de 12...
  Criados 12 rascunhos.
Tipo 12 (medium) — meta 12, existentes 0, faltam 12
  Gerando lote de 12...
  Criados 12 rascunhos.
Tipo 8 (hard) — meta 3, existentes 0, faltam 3
  Gerando lote de 3...
  Criados 3 rascunhos.
Tipo 6 (hard) — meta 3, existentes 0, faltam 3
  Gerando lote de 3...
  Criados 3 rascunhos.
Geração concluída. Aprovando rascunhos pendentes...
Concluído. 117 exercício(s) aprovado(s) na unidade 1.4.
Unidade 2.5 — nível A2
Tipo 1 (medium) — meta 6, existentes 0, faltam 6
  Gerando lote de 6...
  Criados 6 rascunhos.
Tipo 2 (hard) — meta 2, existentes 0, faltam 2
  Gerando lote de 2...
  Criados 2 rascunhos.
Tipo 3 (hard) — meta 2, existentes 0, faltam 2
  Gerando lote de 2...
  Criados 2 rascunhos.
Tipo 4 (easy) — meta 12, existentes 0, faltam 12
  Gerando lote de 12...
  Criados 12 rascunhos.
Tipo 9 (hard) — meta 2, existentes 0, faltam 2
  Gerando lote de 2...
  Criados 2 rascunhos.
Tipo 10 (hard) — meta 2, existentes 0, faltam 2
  Gerando lote de 2...
  Criados 2 rascunhos.
Tipo 13 (medium) — meta 6, existentes 0, faltam 6
  Gerando lote de 6...
  Criados 6 rascunhos.
Tipo 11 (hard) — meta 2, existentes 0, faltam 2
  Gerando lote de 2...
  Criados 2 rascunhos.
Tipo 5 (easy) — meta 12, existentes 0, faltam 12
  Gerando lote de 12...
  Criados 12 rascunhos.
Tipo 7 (medium) — meta 6, existentes 0, faltam 6
  Gerando lote de 6...
  Criados 6 rascunhos.
Tipo 12 (medium) — meta 6, existentes 0, faltam 6
  Gerando lote de 6...
  Criados 6 rascunhos.
Tipo 8 (hard) — meta 2, existentes 0, faltam 2
  Gerando lote de 2...
  Criados 2 rascunhos.
Tipo 6 (hard) — meta 2, existentes 0, faltam 2
  Gerando lote de 2...
  Criados 2 rascunhos.
Geração concluída. Aprovando rascunhos pendentes...
Concluído. 62 exercício(s) aprovado(s) na unidade 2.5.
Unidade 1.2 — nível A1
Tipo 1 (medium) — meta 6, existentes 12, faltam 0
Tipo 2 (hard) — meta 2, existentes 3, faltam 0
Tipo 3 (hard) — meta 2, existentes 3, faltam 0
Tipo 4 (easy) — meta 12, existentes 24, faltam 0
Tipo 9 (hard) — meta 2, existentes 3, faltam 0
Tipo 10 (hard) — meta 2, existentes 3, faltam 0
Tipo 13 (medium) — meta 6, existentes 12, faltam 0
Tipo 11 (hard) — meta 2, existentes 3, faltam 0
Tipo 5 (easy) — meta 12, existentes 24, faltam 0
Tipo 7 (medium) — meta 6, existentes 12, faltam 0
Tipo 12 (medium) — meta 6, existentes 12, faltam 0
Tipo 8 (hard) — meta 2, existentes 3, faltam 0
Tipo 6 (hard) — meta 2, existentes 3, faltam 0
Geração concluída. Aprovando rascunhos pendentes...
Concluído. 0 exercício(s) aprovado(s) na unidade 1.2.
Unidade 2.1 — nível A2
Tipo 1 (medium) — meta 6, existentes 0, faltam 6
  Gerando lote de 6...
  Criados 6 rascunhos.
Tipo 2 (hard) — meta 2, existentes 0, faltam 2
  Gerando lote de 2...
  Criados 2 rascunhos.
Tipo 3 (hard) — meta 2, existentes 0, faltam 2
  Gerando lote de 2...
  Criados 2 rascunhos.
Tipo 4 (easy) — meta 12, existentes 0, faltam 12
  Gerando lote de 12...
  Erro: Falha ao gerar exercícios (easy). — aguardando e tentando de novo...
  Gerando lote de 12...
  Criados 12 rascunhos.
Tipo 9 (hard) — meta 2, existentes 0, faltam 2
  Gerando lote de 2...
  Criados 2 rascunhos.
Tipo 10 (hard) — meta 2, existentes 0, faltam 2
  Gerando lote de 2...
  Criados 2 rascunhos.
Tipo 13 (medium) — meta 6, existentes 0, faltam 6
  Gerando lote de 6...
  Criados 6 rascunhos.
Tipo 11 (hard) — meta 2, existentes 0, faltam 2
  Gerando lote de 2...
  Criados 2 rascunhos.
Tipo 5 (easy) — meta 12, existentes 0, faltam 12
  Gerando lote de 12...
  Criados 12 rascunhos.
Tipo 7 (medium) — meta 6, existentes 0, faltam 6
  Gerando lote de 6...
  Criados 6 rascunhos.
Tipo 12 (medium) — meta 6, existentes 0, faltam 6
  Gerando lote de 6...
  Erro: Expected ',' or '}' after property value in JSON at position 449 — aguardando e tentando de novo...
  Gerando lote de 6...
  Criados 6 rascunhos.
Tipo 8 (hard) — meta 2, existentes 0, faltam 2
  Gerando lote de 2...
  Criados 2 rascunhos.
Tipo 6 (hard) — meta 2, existentes 0, faltam 2
  Gerando lote de 2...
  Criados 2 rascunhos.
Geração concluída. Aprovando rascunhos pendentes...
Concluído. 62 exercício(s) aprovado(s) na unidade 2.1.
Unidade 1.4 — nível A2
Tipo 1 (medium) — meta 6, existentes 0, faltam 6
  Gerando lote de 6...
  Criados 6 rascunhos.
Tipo 2 (hard) — meta 2, existentes 0, faltam 2
  Gerando lote de 2...
  Criados 2 rascunhos.
Tipo 3 (hard) — meta 2, existentes 0, faltam 2
  Gerando lote de 2...
  Criados 2 rascunhos.
Tipo 4 (easy) — meta 12, existentes 0, faltam 12
  Gerando lote de 12...
  Criados 12 rascunhos.
Tipo 9 (hard) — meta 2, existentes 0, faltam 2
  Gerando lote de 2...
  Criados 2 rascunhos.
Tipo 10 (hard) — meta 2, existentes 0, faltam 2
  Gerando lote de 2...
  Criados 2 rascunhos.
Tipo 13 (medium) — meta 6, existentes 0, faltam 6
  Gerando lote de 6...
  Criados 6 rascunhos.
Tipo 11 (hard) — meta 2, existentes 0, faltam 2
  Gerando lote de 2...
  Criados 2 rascunhos.
Tipo 5 (easy) — meta 12, existentes 0, faltam 12
  Gerando lote de 12...
  Criados 12 rascunhos.
Tipo 7 (medium) — meta 6, existentes 0, faltam 6
  Gerando lote de 6...
  Criados 6 rascunhos.
Tipo 12 (medium) — meta 6, existentes 0, faltam 6
  Gerando lote de 6...
  Criados 6 rascunhos.
Tipo 8 (hard) — meta 2, existentes 0, faltam 2
  Gerando lote de 2...
  Criados 2 rascunhos.
Tipo 6 (hard) — meta 2, existentes 0, faltam 2
  Gerando lote de 2...
  Criados 2 rascunhos.
Geração concluída. Aprovando rascunhos pendentes...
Concluído. 62 exercício(s) aprovado(s) na unidade 1.4.
Unidade 2.2 — nível A2
Tipo 1 (medium) — meta 6, existentes 0, faltam 6
  Gerando lote de 6...
  Criados 6 rascunhos.
Tipo 2 (hard) — meta 2, existentes 0, faltam 2
  Gerando lote de 2...
  Criados 2 rascunhos.
Tipo 3 (hard) — meta 2, existentes 0, faltam 2
  Gerando lote de 2...
  Criados 2 rascunhos.
Tipo 4 (easy) — meta 12, existentes 0, faltam 12
  Gerando lote de 12...
  Criados 12 rascunhos.
Tipo 9 (hard) — meta 2, existentes 0, faltam 2
  Gerando lote de 2...
  Criados 2 rascunhos.
Tipo 10 (hard) — meta 2, existentes 0, faltam 2
  Gerando lote de 2...
  Criados 2 rascunhos.
Tipo 13 (medium) — meta 6, existentes 0, faltam 6
  Gerando lote de 6...
  Criados 6 rascunhos.
Tipo 11 (hard) — meta 2, existentes 0, faltam 2
  Gerando lote de 2...
  Criados 2 rascunhos.
Tipo 5 (easy) — meta 12, existentes 0, faltam 12
  Gerando lote de 12...
  Criados 12 rascunhos.
Tipo 7 (medium) — meta 6, existentes 0, faltam 6
  Gerando lote de 6...
  Criados 6 rascunhos.
Tipo 12 (medium) — meta 6, existentes 0, faltam 6
  Gerando lote de 6...
  Criados 6 rascunhos.
Tipo 8 (hard) — meta 2, existentes 0, faltam 2
  Gerando lote de 2...
  Criados 2 rascunhos.
Tipo 6 (hard) — meta 2, existentes 0, faltam 2
  Gerando lote de 2...
  Criados 2 rascunhos.
Geração concluída. Aprovando rascunhos pendentes...
Concluído. 62 exercício(s) aprovado(s) na unidade 2.2.
Unidade 4.5 — nível A2
Tipo 1 (medium) — meta 6, existentes 0, faltam 6
  Gerando lote de 6...
  Criados 6 rascunhos.
Tipo 2 (hard) — meta 2, existentes 0, faltam 2
  Gerando lote de 2...
  Criados 2 rascunhos.
Tipo 3 (hard) — meta 2, existentes 0, faltam 2
  Gerando lote de 2...
  Criados 2 rascunhos.
Tipo 4 (easy) — meta 12, existentes 0, faltam 12
  Gerando lote de 12...
  Criados 12 rascunhos.
Tipo 9 (hard) — meta 2, existentes 0, faltam 2
  Gerando lote de 2...
  Criados 2 rascunhos.
Tipo 10 (hard) — meta 2, existentes 0, faltam 2
  Gerando lote de 2...
  Criados 2 rascunhos.
Tipo 13 (medium) — meta 6, existentes 0, faltam 6
  Gerando lote de 6...
  Criados 6 rascunhos.
Tipo 11 (hard) — meta 2, existentes 0, faltam 2
  Gerando lote de 2...
  Criados 2 rascunhos.
Tipo 5 (easy) — meta 12, existentes 0, faltam 12
  Gerando lote de 12...
  Criados 12 rascunhos.
Tipo 7 (medium) — meta 6, existentes 0, faltam 6
  Gerando lote de 6...
  Criados 6 rascunhos.
Tipo 12 (medium) — meta 6, existentes 0, faltam 6
  Gerando lote de 6...
  Criados 6 rascunhos.
Tipo 8 (hard) — meta 2, existentes 0, faltam 2
  Gerando lote de 2...
  Criados 2 rascunhos.
Tipo 6 (hard) — meta 2, existentes 0, faltam 2
  Gerando lote de 2...
  Criados 2 rascunhos.
Geração concluída. Aprovando rascunhos pendentes...
Concluído. 62 exercício(s) aprovado(s) na unidade 4.5.
Unidade 1.1 — nível A1
Tipo 1 (medium) — meta 6, existentes 12, faltam 0
Tipo 2 (hard) — meta 2, existentes 3, faltam 0
Tipo 3 (hard) — meta 2, existentes 3, faltam 0
Tipo 4 (easy) — meta 12, existentes 24, faltam 0
Tipo 9 (hard) — meta 2, existentes 3, faltam 0
Tipo 10 (hard) — meta 2, existentes 3, faltam 0
Tipo 13 (medium) — meta 6, existentes 12, faltam 0
Tipo 11 (hard) — meta 2, existentes 3, faltam 0
Tipo 5 (easy) — meta 12, existentes 24, faltam 0
Tipo 7 (medium) — meta 6, existentes 12, faltam 0
Tipo 12 (medium) — meta 6, existentes 12, faltam 0
Tipo 8 (hard) — meta 2, existentes 3, faltam 0
Tipo 6 (hard) — meta 2, existentes 3, faltam 0
Geração concluída. Aprovando rascunhos pendentes...
Concluído. 0 exercício(s) aprovado(s) na unidade 1.1.
Unidade 1.4 — nível A1
Tipo 1 (medium) — meta 6, existentes 12, faltam 0
Tipo 2 (hard) — meta 2, existentes 3, faltam 0
Tipo 3 (hard) — meta 2, existentes 3, faltam 0
Tipo 4 (easy) — meta 12, existentes 24, faltam 0
Tipo 9 (hard) — meta 2, existentes 3, faltam 0
Tipo 10 (hard) — meta 2, existentes 3, faltam 0
Tipo 13 (medium) — meta 6, existentes 12, faltam 0
Tipo 11 (hard) — meta 2, existentes 3, faltam 0
Tipo 5 (easy) — meta 12, existentes 24, faltam 0
Tipo 7 (medium) — meta 6, existentes 12, faltam 0
Tipo 12 (medium) — meta 6, existentes 12, faltam 0
Tipo 8 (hard) — meta 2, existentes 3, faltam 0
Tipo 6 (hard) — meta 2, existentes 3, faltam 0
Geração concluída. Aprovando rascunhos pendentes...
Concluído. 0 exercício(s) aprovado(s) na unidade 1.4.
Unidade 2.2 — nível A1
Tipo 1 (medium) — meta 6, existentes 0, faltam 6
  Gerando lote de 6...
  Criados 6 rascunhos.
Tipo 2 (hard) — meta 2, existentes 0, faltam 2
  Gerando lote de 2...
  Criados 2 rascunhos.
Tipo 3 (hard) — meta 2, existentes 0, faltam 2
  Gerando lote de 2...
  Criados 2 rascunhos.
Tipo 4 (easy) — meta 12, existentes 0, faltam 12
  Gerando lote de 12...
  Erro: Falha ao gerar exercícios (easy). — aguardando e tentando de novo...
  Gerando lote de 12...
  Erro: Falha ao gerar exercícios (easy). — aguardando e tentando de novo...
  Gerando lote de 12...
  Criados 12 rascunhos.
Tipo 9 (hard) — meta 2, existentes 0, faltam 2
  Gerando lote de 2...
  Erro: Falha ao gerar exercícios (hard). — aguardando e tentando de novo...
  Gerando lote de 2...
  Criados 2 rascunhos.
Tipo 10 (hard) — meta 2, existentes 0, faltam 2
  Gerando lote de 2...
  Criados 2 rascunhos.
Tipo 13 (medium) — meta 6, existentes 0, faltam 6
  Gerando lote de 6...
  Criados 6 rascunhos.
Tipo 11 (hard) — meta 2, existentes 0, faltam 2
  Gerando lote de 2...
  Criados 2 rascunhos.
Tipo 5 (easy) — meta 12, existentes 0, faltam 12
  Gerando lote de 12...
  Criados 12 rascunhos.
Tipo 7 (medium) — meta 6, existentes 0, faltam 6
  Gerando lote de 6...
  Criados 6 rascunhos.
Tipo 12 (medium) — meta 6, existentes 0, faltam 6
  Gerando lote de 6...
  Criados 6 rascunhos.
Tipo 8 (hard) — meta 2, existentes 0, faltam 2
  Gerando lote de 2...
  Criados 2 rascunhos.
Tipo 6 (hard) — meta 2, existentes 0, faltam 2
  Gerando lote de 2...
  Criados 2 rascunhos.
Geração concluída. Aprovando rascunhos pendentes...
Concluído. 62 exercício(s) aprovado(s) na unidade 2.2.
Unidade 4.3 — nível A1
Tipo 1 (medium) — meta 6, existentes 0, faltam 6
  Gerando lote de 6...
  Criados 6 rascunhos.
Tipo 2 (hard) — meta 2, existentes 0, faltam 2
  Gerando lote de 2...
  Criados 2 rascunhos.
Tipo 3 (hard) — meta 2, existentes 0, faltam 2
  Gerando lote de 2...
  Criados 2 rascunhos.
Tipo 4 (easy) — meta 12, existentes 0, faltam 12
  Gerando lote de 12...
  Criados 12 rascunhos.
Tipo 9 (hard) — meta 2, existentes 0, faltam 2
  Gerando lote de 2...
  Criados 2 rascunhos.
Tipo 10 (hard) — meta 2, existentes 0, faltam 2
  Gerando lote de 2...
  Criados 2 rascunhos.
Tipo 13 (medium) — meta 6, existentes 0, faltam 6
  Gerando lote de 6...
  Criados 6 rascunhos.
Tipo 11 (hard) — meta 2, existentes 0, faltam 2
  Gerando lote de 2...
  Criados 2 rascunhos.
Tipo 5 (easy) — meta 12, existentes 0, faltam 12
  Gerando lote de 12...
  Criados 12 rascunhos.
Tipo 7 (medium) — meta 6, existentes 0, faltam 6
  Gerando lote de 6...
  Criados 6 rascunhos.
Tipo 12 (medium) — meta 6, existentes 0, faltam 6
  Gerando lote de 6...
  Criados 6 rascunhos.
Tipo 8 (hard) — meta 2, existentes 0, faltam 2
  Gerando lote de 2...
  Criados 2 rascunhos.
Tipo 6 (hard) — meta 2, existentes 0, faltam 2
  Gerando lote de 2...
  Criados 2 rascunhos.
Geração concluída. Aprovando rascunhos pendentes...
Concluído. 62 exercício(s) aprovado(s) na unidade 4.3.
Unidade 1.6 — nível A1
Tipo 1 (medium) — meta 6, existentes 0, faltam 6
  Gerando lote de 6...
  Criados 6 rascunhos.
Tipo 2 (hard) — meta 2, existentes 0, faltam 2
  Gerando lote de 2...
  Criados 2 rascunhos.
Tipo 3 (hard) — meta 2, existentes 0, faltam 2
  Gerando lote de 2...
  Criados 2 rascunhos.
Tipo 4 (easy) — meta 12, existentes 0, faltam 12
  Gerando lote de 12...
  Criados 12 rascunhos.
Tipo 9 (hard) — meta 2, existentes 0, faltam 2
  Gerando lote de 2...
  Criados 2 rascunhos.
Tipo 10 (hard) — meta 2, existentes 0, faltam 2
  Gerando lote de 2...
  Criados 2 rascunhos.
Tipo 13 (medium) — meta 6, existentes 0, faltam 6
  Gerando lote de 6...
  Criados 6 rascunhos.
Tipo 11 (hard) — meta 2, existentes 0, faltam 2
  Gerando lote de 2...
  Criados 2 rascunhos.
Tipo 5 (easy) — meta 12, existentes 0, faltam 12
  Gerando lote de 12...
  Criados 12 rascunhos.
Tipo 7 (medium) — meta 6, existentes 0, faltam 6
  Gerando lote de 6...
  Criados 6 rascunhos.
Tipo 12 (medium) — meta 6, existentes 0, faltam 6
  Gerando lote de 6...
  Criados 6 rascunhos.
Tipo 8 (hard) — meta 2, existentes 0, faltam 2
  Gerando lote de 2...
  Criados 2 rascunhos.
Tipo 6 (hard) — meta 2, existentes 0, faltam 2
  Gerando lote de 2...
  Criados 2 rascunhos.
Geração concluída. Aprovando rascunhos pendentes...
Concluído. 62 exercício(s) aprovado(s) na unidade 1.6.
Unidade 1.2 — nível C1
Tipo 1 (medium) — meta 12, existentes 0, faltam 12
  Gerando lote de 12...
  Criados 12 rascunhos.
Tipo 2 (hard) — meta 3, existentes 0, faltam 3
  Gerando lote de 3...
  Criados 3 rascunhos.
Tipo 3 (hard) — meta 3, existentes 0, faltam 3
  Gerando lote de 3...
  Criados 3 rascunhos.
Tipo 4 (easy) — meta 24, existentes 0, faltam 24
  Gerando lote de 20...
  Criados 20 rascunhos.
  Gerando lote de 4...
  Criados 4 rascunhos.
Tipo 9 (hard) — meta 3, existentes 0, faltam 3
  Gerando lote de 3...
  Criados 3 rascunhos.
Tipo 10 (hard) — meta 3, existentes 0, faltam 3
  Gerando lote de 3...
  Criados 3 rascunhos.
Tipo 13 (medium) — meta 12, existentes 0, faltam 12
  Gerando lote de 12...
  Criados 12 rascunhos.
Tipo 11 (hard) — meta 3, existentes 0, faltam 3
  Gerando lote de 3...
  Criados 3 rascunhos.
Tipo 5 (easy) — meta 24, existentes 0, faltam 24
  Gerando lote de 20...
  Criados 20 rascunhos.
  Gerando lote de 4...
  Criados 4 rascunhos.
Tipo 7 (medium) — meta 12, existentes 0, faltam 12
  Gerando lote de 12...
  Criados 12 rascunhos.
Tipo 12 (medium) — meta 12, existentes 0, faltam 12
  Gerando lote de 12...
  Criados 12 rascunhos.
Tipo 8 (hard) — meta 3, existentes 0, faltam 3
  Gerando lote de 3...
  Criados 3 rascunhos.
Tipo 6 (hard) — meta 3, existentes 0, faltam 3
  Gerando lote de 3...
  Criados 3 rascunhos.
Geração concluída. Aprovando rascunhos pendentes...
Concluído. 117 exercício(s) aprovado(s) na unidade 1.2.
Unidade 4.7 — nível A1
Tipo 1 (medium) — meta 6, existentes 0, faltam 6
  Gerando lote de 6...
  Criados 6 rascunhos.
Tipo 2 (hard) — meta 2, existentes 0, faltam 2
  Gerando lote de 2...
  Criados 2 rascunhos.
Tipo 3 (hard) — meta 2, existentes 0, faltam 2
  Gerando lote de 2...
  Criados 2 rascunhos.
Tipo 4 (easy) — meta 12, existentes 0, faltam 12
  Gerando lote de 12...
  Criados 12 rascunhos.
Tipo 9 (hard) — meta 2, existentes 0, faltam 2
  Gerando lote de 2...
  Criados 2 rascunhos.
Tipo 10 (hard) — meta 2, existentes 0, faltam 2
  Gerando lote de 2...
  Criados 2 rascunhos.
Tipo 13 (medium) — meta 6, existentes 0, faltam 6
  Gerando lote de 6...
  Criados 6 rascunhos.
Tipo 11 (hard) — meta 2, existentes 0, faltam 2
  Gerando lote de 2...
  Criados 2 rascunhos.
Tipo 5 (easy) — meta 12, existentes 0, faltam 12
  Gerando lote de 12...
  Criados 12 rascunhos.
Tipo 7 (medium) — meta 6, existentes 0, faltam 6
  Gerando lote de 6...
  Criados 6 rascunhos.
Tipo 12 (medium) — meta 6, existentes 0, faltam 6
  Gerando lote de 6...
  Criados 6 rascunhos.
Tipo 8 (hard) — meta 2, existentes 0, faltam 2
  Gerando lote de 2...
  Criados 2 rascunhos.
Tipo 6 (hard) — meta 2, existentes 0, faltam 2
  Gerando lote de 2...
  Criados 2 rascunhos.
Geração concluída. Aprovando rascunhos pendentes...
Concluído. 62 exercício(s) aprovado(s) na unidade 4.7.
Unidade 2.7 — nível A1
Tipo 1 (medium) — meta 6, existentes 0, faltam 6
  Gerando lote de 6...
  Criados 6 rascunhos.
Tipo 2 (hard) — meta 2, existentes 0, faltam 2
  Gerando lote de 2...
  Criados 2 rascunhos.
Tipo 3 (hard) — meta 2, existentes 0, faltam 2
  Gerando lote de 2...
  Criados 2 rascunhos.
Tipo 4 (easy) — meta 12, existentes 0, faltam 12
  Gerando lote de 12...
  Criados 12 rascunhos.
Tipo 9 (hard) — meta 2, existentes 0, faltam 2
  Gerando lote de 2...
  Criados 2 rascunhos.
Tipo 10 (hard) — meta 2, existentes 0, faltam 2
  Gerando lote de 2...
  Criados 2 rascunhos.
Tipo 13 (medium) — meta 6, existentes 0, faltam 6
  Gerando lote de 6...
  Criados 6 rascunhos.
Tipo 11 (hard) — meta 2, existentes 0, faltam 2
  Gerando lote de 2...
  Criados 2 rascunhos.
Tipo 5 (easy) — meta 12, existentes 0, faltam 12
  Gerando lote de 12...
  Criados 12 rascunhos.
Tipo 7 (medium) — meta 6, existentes 0, faltam 6
  Gerando lote de 6...
  Criados 6 rascunhos.
Tipo 12 (medium) — meta 6, existentes 0, faltam 6
  Gerando lote de 6...
  Criados 6 rascunhos.
Tipo 8 (hard) — meta 2, existentes 0, faltam 2
  Gerando lote de 2...
  Criados 2 rascunhos.
Tipo 6 (hard) — meta 2, existentes 0, faltam 2
  Gerando lote de 2...
  Criados 2 rascunhos.
Geração concluída. Aprovando rascunhos pendentes...
Concluído. 62 exercício(s) aprovado(s) na unidade 2.7.
Unidade 4.6 — nível A1
Tipo 1 (medium) — meta 6, existentes 0, faltam 6
  Gerando lote de 6...
  Criados 6 rascunhos.
Tipo 2 (hard) — meta 2, existentes 0, faltam 2
  Gerando lote de 2...
  Criados 2 rascunhos.
Tipo 3 (hard) — meta 2, existentes 0, faltam 2
  Gerando lote de 2...
  Criados 2 rascunhos.
Tipo 4 (easy) — meta 12, existentes 0, faltam 12
  Gerando lote de 12...
  Criados 12 rascunhos.
Tipo 9 (hard) — meta 2, existentes 0, faltam 2
  Gerando lote de 2...
  Criados 2 rascunhos.
Tipo 10 (hard) — meta 2, existentes 0, faltam 2
  Gerando lote de 2...
  Criados 2 rascunhos.
Tipo 13 (medium) — meta 6, existentes 0, faltam 6
  Gerando lote de 6...
  Criados 6 rascunhos.
Tipo 11 (hard) — meta 2, existentes 0, faltam 2
  Gerando lote de 2...
  Criados 2 rascunhos.
Tipo 5 (easy) — meta 12, existentes 0, faltam 12
  Gerando lote de 12...
  Criados 12 rascunhos.
Tipo 7 (medium) — meta 6, existentes 0, faltam 6
  Gerando lote de 6...
  Criados 6 rascunhos.
Tipo 12 (medium) — meta 6, existentes 0, faltam 6
  Gerando lote de 6...
  Criados 6 rascunhos.
Tipo 8 (hard) — meta 2, existentes 0, faltam 2
  Gerando lote de 2...
  Criados 2 rascunhos.
Tipo 6 (hard) — meta 2, existentes 0, faltam 2
  Gerando lote de 2...
  Criados 2 rascunhos.
Geração concluída. Aprovando rascunhos pendentes...
Concluído. 62 exercício(s) aprovado(s) na unidade 4.6.
Unidade 1.7 — nível A1
Tipo 1 (medium) — meta 6, existentes 0, faltam 6
  Gerando lote de 6...
  Criados 6 rascunhos.
Tipo 2 (hard) — meta 2, existentes 0, faltam 2
  Gerando lote de 2...
  Criados 2 rascunhos.
Tipo 3 (hard) — meta 2, existentes 0, faltam 2
  Gerando lote de 2...
  Criados 2 rascunhos.
Tipo 4 (easy) — meta 12, existentes 0, faltam 12
  Gerando lote de 12...
  Criados 12 rascunhos.
Tipo 9 (hard) — meta 2, existentes 0, faltam 2
  Gerando lote de 2...
  Criados 2 rascunhos.
Tipo 10 (hard) — meta 2, existentes 0, faltam 2
  Gerando lote de 2...
  Criados 2 rascunhos.
Tipo 13 (medium) — meta 6, existentes 0, faltam 6
  Gerando lote de 6...
  Criados 6 rascunhos.
Tipo 11 (hard) — meta 2, existentes 0, faltam 2
  Gerando lote de 2...
  Criados 2 rascunhos.
Tipo 5 (easy) — meta 12, existentes 0, faltam 12
  Gerando lote de 12...
  Criados 12 rascunhos.
Tipo 7 (medium) — meta 6, existentes 0, faltam 6
  Gerando lote de 6...
  Criados 6 rascunhos.
Tipo 12 (medium) — meta 6, existentes 0, faltam 6
  Gerando lote de 6...
  Criados 6 rascunhos.
Tipo 8 (hard) — meta 2, existentes 0, faltam 2
  Gerando lote de 2...
  Criados 2 rascunhos.
Tipo 6 (hard) — meta 2, existentes 0, faltam 2
  Gerando lote de 2...
  Criados 2 rascunhos.
Geração concluída. Aprovando rascunhos pendentes...
Concluído. 62 exercício(s) aprovado(s) na unidade 1.7.
Unidade 3.3 — nível A2
Tipo 1 (medium) — meta 6, existentes 0, faltam 6
  Gerando lote de 6...
  Criados 6 rascunhos.
Tipo 2 (hard) — meta 2, existentes 0, faltam 2
  Gerando lote de 2...
  Criados 2 rascunhos.
Tipo 3 (hard) — meta 2, existentes 0, faltam 2
  Gerando lote de 2...
  Criados 2 rascunhos.
Tipo 4 (easy) — meta 12, existentes 0, faltam 12
  Gerando lote de 12...
  Criados 12 rascunhos.
Tipo 9 (hard) — meta 2, existentes 0, faltam 2
  Gerando lote de 2...
  Criados 2 rascunhos.
Tipo 10 (hard) — meta 2, existentes 0, faltam 2
  Gerando lote de 2...
  Criados 2 rascunhos.
Tipo 13 (medium) — meta 6, existentes 0, faltam 6
  Gerando lote de 6...
  Criados 6 rascunhos.
Tipo 11 (hard) — meta 2, existentes 0, faltam 2
  Gerando lote de 2...
  Criados 2 rascunhos.
Tipo 5 (easy) — meta 12, existentes 0, faltam 12
  Gerando lote de 12...
  Criados 12 rascunhos.
Tipo 7 (medium) — meta 6, existentes 0, faltam 6
  Gerando lote de 6...
  Criados 6 rascunhos.
Tipo 12 (medium) — meta 6, existentes 0, faltam 6
  Gerando lote de 6...
  Criados 6 rascunhos.
Tipo 8 (hard) — meta 2, existentes 0, faltam 2
  Gerando lote de 2...
  Criados 2 rascunhos.
Tipo 6 (hard) — meta 2, existentes 0, faltam 2
  Gerando lote de 2...
  Criados 2 rascunhos.
Geração concluída. Aprovando rascunhos pendentes...
Concluído. 62 exercício(s) aprovado(s) na unidade 3.3.
Unidade 4.2 — nível B2
Tipo 1 (medium) — meta 6, existentes 0, faltam 6
  Gerando lote de 6...
  Criados 6 rascunhos.
Tipo 2 (hard) — meta 2, existentes 0, faltam 2
  Gerando lote de 2...
  Criados 2 rascunhos.
Tipo 3 (hard) — meta 2, existentes 0, faltam 2
  Gerando lote de 2...
  Criados 2 rascunhos.
Tipo 4 (easy) — meta 12, existentes 0, faltam 12
  Gerando lote de 12...
  Criados 12 rascunhos.
Tipo 9 (hard) — meta 2, existentes 0, faltam 2
  Gerando lote de 2...
  Criados 2 rascunhos.
Tipo 10 (hard) — meta 2, existentes 0, faltam 2
  Gerando lote de 2...
  Criados 2 rascunhos.
Tipo 13 (medium) — meta 6, existentes 0, faltam 6
  Gerando lote de 6...
  Criados 6 rascunhos.
Tipo 11 (hard) — meta 2, existentes 0, faltam 2
  Gerando lote de 2...
  Criados 2 rascunhos.
Tipo 5 (easy) — meta 12, existentes 0, faltam 12
  Gerando lote de 12...
  Criados 12 rascunhos.
Tipo 7 (medium) — meta 6, existentes 0, faltam 6
  Gerando lote de 6...
  Criados 6 rascunhos.
Tipo 12 (medium) — meta 6, existentes 0, faltam 6
  Gerando lote de 6...
  Criados 6 rascunhos.
Tipo 8 (hard) — meta 2, existentes 0, faltam 2
  Gerando lote de 2...
  Criados 2 rascunhos.
Tipo 6 (hard) — meta 2, existentes 0, faltam 2
  Gerando lote de 2...
  Criados 2 rascunhos.
Geração concluída. Aprovando rascunhos pendentes...
Concluído. 62 exercício(s) aprovado(s) na unidade 4.2.
Unidade 4.5 — nível B1
Tipo 1 (medium) — meta 6, existentes 0, faltam 6
  Gerando lote de 6...
  Criados 6 rascunhos.
Tipo 2 (hard) — meta 2, existentes 0, faltam 2
  Gerando lote de 2...
  Criados 2 rascunhos.
Tipo 3 (hard) — meta 2, existentes 0, faltam 2
  Gerando lote de 2...
  Criados 2 rascunhos.
Tipo 4 (easy) — meta 12, existentes 0, faltam 12
  Gerando lote de 12...
  Erro: Falha ao gerar exercícios (easy). — aguardando e tentando de novo...
  Gerando lote de 12...
  Criados 12 rascunhos.
Tipo 9 (hard) — meta 2, existentes 0, faltam 2
  Gerando lote de 2...
  Criados 2 rascunhos.
Tipo 10 (hard) — meta 2, existentes 0, faltam 2
  Gerando lote de 2...
  Criados 2 rascunhos.
Tipo 13 (medium) — meta 6, existentes 0, faltam 6
  Gerando lote de 6...
  Erro: Falha ao gerar exercícios (medium). — aguardando e tentando de novo...
  Gerando lote de 6...
  Criados 6 rascunhos.
Tipo 11 (hard) — meta 2, existentes 0, faltam 2
  Gerando lote de 2...
  Erro: Falha ao gerar exercícios (hard). — aguardando e tentando de novo...
  Gerando lote de 2...
  Criados 2 rascunhos.
Tipo 5 (easy) — meta 12, existentes 0, faltam 12
  Gerando lote de 12...
  Criados 12 rascunhos.
Tipo 7 (medium) — meta 6, existentes 0, faltam 6
  Gerando lote de 6...
  Criados 6 rascunhos.
Tipo 12 (medium) — meta 6, existentes 0, faltam 6
  Gerando lote de 6...
  Criados 6 rascunhos.
Tipo 8 (hard) — meta 2, existentes 0, faltam 2
  Gerando lote de 2...
  Criados 2 rascunhos.
Tipo 6 (hard) — meta 2, existentes 0, faltam 2
  Gerando lote de 2...
  Criados 2 rascunhos.
Geração concluída. Aprovando rascunhos pendentes...
Concluído. 62 exercício(s) aprovado(s) na unidade 4.5.
Unidade 3.1 — nível B2
Tipo 1 (medium) — meta 6, existentes 0, faltam 6
  Gerando lote de 6...
  Criados 6 rascunhos.
Tipo 2 (hard) — meta 2, existentes 0, faltam 2
  Gerando lote de 2...
  Criados 2 rascunhos.
Tipo 3 (hard) — meta 2, existentes 0, faltam 2
  Gerando lote de 2...
  Erro: Falha ao gerar exercícios (hard). — aguardando e tentando de novo...
  Gerando lote de 2...
  Criados 2 rascunhos.
Tipo 4 (easy) — meta 12, existentes 0, faltam 12
  Gerando lote de 12...
  Criados 12 rascunhos.
Tipo 9 (hard) — meta 2, existentes 0, faltam 2
  Gerando lote de 2...
  Criados 2 rascunhos.
Tipo 10 (hard) — meta 2, existentes 0, faltam 2
  Gerando lote de 2...
  Criados 2 rascunhos.
Tipo 13 (medium) — meta 6, existentes 0, faltam 6
  Gerando lote de 6...
  Criados 6 rascunhos.
Tipo 11 (hard) — meta 2, existentes 0, faltam 2
  Gerando lote de 2...
  Criados 2 rascunhos.
Tipo 5 (easy) — meta 12, existentes 0, faltam 12
  Gerando lote de 12...
  Criados 12 rascunhos.
Tipo 7 (medium) — meta 6, existentes 0, faltam 6
  Gerando lote de 6...
  Criados 6 rascunhos.
Tipo 12 (medium) — meta 6, existentes 0, faltam 6
  Gerando lote de 6...
  Criados 6 rascunhos.
Tipo 8 (hard) — meta 2, existentes 0, faltam 2
  Gerando lote de 2...
  Criados 2 rascunhos.
Tipo 6 (hard) — meta 2, existentes 0, faltam 2
  Gerando lote de 2...
  Criados 2 rascunhos.
Geração concluída. Aprovando rascunhos pendentes...
Concluído. 62 exercício(s) aprovado(s) na unidade 3.1.
Unidade 3.1 — nível B1
Tipo 1 (medium) — meta 6, existentes 0, faltam 6
  Gerando lote de 6...
  Criados 6 rascunhos.
Tipo 2 (hard) — meta 2, existentes 0, faltam 2
  Gerando lote de 2...
  Criados 2 rascunhos.
Tipo 3 (hard) — meta 2, existentes 0, faltam 2
  Gerando lote de 2...
  Criados 2 rascunhos.
Tipo 4 (easy) — meta 12, existentes 0, faltam 12
  Gerando lote de 12...
  Criados 12 rascunhos.
Tipo 9 (hard) — meta 2, existentes 0, faltam 2
  Gerando lote de 2...
  Criados 2 rascunhos.
Tipo 10 (hard) — meta 2, existentes 0, faltam 2
  Gerando lote de 2...
  Criados 2 rascunhos.
Tipo 13 (medium) — meta 6, existentes 0, faltam 6
  Gerando lote de 6...
  Criados 6 rascunhos.
Tipo 11 (hard) — meta 2, existentes 0, faltam 2
  Gerando lote de 2...
  Criados 2 rascunhos.
Tipo 5 (easy) — meta 12, existentes 0, faltam 12
  Gerando lote de 12...
  Criados 12 rascunhos.
Tipo 7 (medium) — meta 6, existentes 0, faltam 6
  Gerando lote de 6...
  Criados 6 rascunhos.
Tipo 12 (medium) — meta 6, existentes 0, faltam 6
  Gerando lote de 6...
  Criados 6 rascunhos.
Tipo 8 (hard) — meta 2, existentes 0, faltam 2
  Gerando lote de 2...
  Criados 2 rascunhos.
Tipo 6 (hard) — meta 2, existentes 0, faltam 2
  Gerando lote de 2...
  Criados 2 rascunhos.
Geração concluída. Aprovando rascunhos pendentes...
Concluído. 62 exercício(s) aprovado(s) na unidade 3.1.
Unidade 2.3 — nível B1
Tipo 1 (medium) — meta 6, existentes 0, faltam 6
  Gerando lote de 6...
  Criados 6 rascunhos.
Tipo 2 (hard) — meta 2, existentes 0, faltam 2
  Gerando lote de 2...
  Criados 2 rascunhos.
Tipo 3 (hard) — meta 2, existentes 0, faltam 2
  Gerando lote de 2...
  Criados 2 rascunhos.
Tipo 4 (easy) — meta 12, existentes 0, faltam 12
  Gerando lote de 12...
  Criados 12 rascunhos.
Tipo 9 (hard) — meta 2, existentes 0, faltam 2
  Gerando lote de 2...
  Criados 2 rascunhos.
Tipo 10 (hard) — meta 2, existentes 0, faltam 2
  Gerando lote de 2...
  Criados 2 rascunhos.
Tipo 13 (medium) — meta 6, existentes 0, faltam 6
  Gerando lote de 6...
  Criados 6 rascunhos.
Tipo 11 (hard) — meta 2, existentes 0, faltam 2
  Gerando lote de 2...
  Criados 2 rascunhos.
Tipo 5 (easy) — meta 12, existentes 0, faltam 12
  Gerando lote de 12...
  Criados 12 rascunhos.
Tipo 7 (medium) — meta 6, existentes 0, faltam 6
  Gerando lote de 6...
  Criados 6 rascunhos.
Tipo 12 (medium) — meta 6, existentes 0, faltam 6
  Gerando lote de 6...
  Criados 6 rascunhos.
Tipo 8 (hard) — meta 2, existentes 0, faltam 2
  Gerando lote de 2...
  Criados 2 rascunhos.
Tipo 6 (hard) — meta 2, existentes 0, faltam 2
  Gerando lote de 2...
  Criados 2 rascunhos.
Geração concluída. Aprovando rascunhos pendentes...
Concluído. 62 exercício(s) aprovado(s) na unidade 2.3.
Unidade 4.4 — nível B1
Tipo 1 (medium) — meta 6, existentes 0, faltam 6
  Gerando lote de 6...
  Criados 6 rascunhos.
Tipo 2 (hard) — meta 2, existentes 0, faltam 2
  Gerando lote de 2...
  Criados 2 rascunhos.
Tipo 3 (hard) — meta 2, existentes 0, faltam 2
  Gerando lote de 2...
  Criados 2 rascunhos.
Tipo 4 (easy) — meta 12, existentes 0, faltam 12
  Gerando lote de 12...
  Criados 12 rascunhos.
Tipo 9 (hard) — meta 2, existentes 0, faltam 2
  Gerando lote de 2...
  Criados 2 rascunhos.
Tipo 10 (hard) — meta 2, existentes 0, faltam 2
  Gerando lote de 2...
  Criados 2 rascunhos.
Tipo 13 (medium) — meta 6, existentes 0, faltam 6
  Gerando lote de 6...
  Criados 6 rascunhos.
Tipo 11 (hard) — meta 2, existentes 0, faltam 2
  Gerando lote de 2...
  Criados 2 rascunhos.
Tipo 5 (easy) — meta 12, existentes 0, faltam 12
  Gerando lote de 12...
  Criados 12 rascunhos.
Tipo 7 (medium) — meta 6, existentes 0, faltam 6
  Gerando lote de 6...
  Criados 6 rascunhos.
Tipo 12 (medium) — meta 6, existentes 0, faltam 6
  Gerando lote de 6...
  Criados 6 rascunhos.
Tipo 8 (hard) — meta 2, existentes 0, faltam 2
  Gerando lote de 2...
  Criados 2 rascunhos.
Tipo 6 (hard) — meta 2, existentes 0, faltam 2
  Gerando lote de 2...
  Criados 2 rascunhos.
Geração concluída. Aprovando rascunhos pendentes...
Concluído. 62 exercício(s) aprovado(s) na unidade 4.4.
Unidade 2.6 — nível A1
Tipo 1 (medium) — meta 6, existentes 0, faltam 6
  Gerando lote de 6...
  Criados 6 rascunhos.
Tipo 2 (hard) — meta 2, existentes 0, faltam 2
  Gerando lote de 2...
  Criados 2 rascunhos.
Tipo 3 (hard) — meta 2, existentes 0, faltam 2
  Gerando lote de 2...
  Criados 2 rascunhos.
Tipo 4 (easy) — meta 12, existentes 0, faltam 12
  Gerando lote de 12...
  Criados 12 rascunhos.
Tipo 9 (hard) — meta 2, existentes 0, faltam 2
  Gerando lote de 2...
  Criados 2 rascunhos.
Tipo 10 (hard) — meta 2, existentes 0, faltam 2
  Gerando lote de 2...
  Criados 2 rascunhos.
Tipo 13 (medium) — meta 6, existentes 0, faltam 6
  Gerando lote de 6...
  Criados 6 rascunhos.
Tipo 11 (hard) — meta 2, existentes 0, faltam 2
  Gerando lote de 2...
  Criados 2 rascunhos.
Tipo 5 (easy) — meta 12, existentes 0, faltam 12
  Gerando lote de 12...
  Criados 12 rascunhos.
Tipo 7 (medium) — meta 6, existentes 0, faltam 6
  Gerando lote de 6...
  Criados 6 rascunhos.
Tipo 12 (medium) — meta 6, existentes 0, faltam 6
  Gerando lote de 6...
  Criados 6 rascunhos.
Tipo 8 (hard) — meta 2, existentes 0, faltam 2
  Gerando lote de 2...
  Criados 2 rascunhos.
Tipo 6 (hard) — meta 2, existentes 0, faltam 2
  Gerando lote de 2...
  Criados 2 rascunhos.
Geração concluída. Aprovando rascunhos pendentes...
Concluído. 62 exercício(s) aprovado(s) na unidade 2.6.
Unidade 3.5 — nível A2
Tipo 1 (medium) — meta 6, existentes 0, faltam 6
  Gerando lote de 6...
  Criados 6 rascunhos.
Tipo 2 (hard) — meta 2, existentes 0, faltam 2
  Gerando lote de 2...
  Criados 2 rascunhos.
Tipo 3 (hard) — meta 2, existentes 0, faltam 2
  Gerando lote de 2...
  Criados 2 rascunhos.
Tipo 4 (easy) — meta 12, existentes 0, faltam 12
  Gerando lote de 12...
  Criados 12 rascunhos.
Tipo 9 (hard) — meta 2, existentes 0, faltam 2
  Gerando lote de 2...
  Criados 2 rascunhos.
Tipo 10 (hard) — meta 2, existentes 0, faltam 2
  Gerando lote de 2...
  Criados 2 rascunhos.
Tipo 13 (medium) — meta 6, existentes 0, faltam 6
  Gerando lote de 6...
  Criados 6 rascunhos.
Tipo 11 (hard) — meta 2, existentes 0, faltam 2
  Gerando lote de 2...
  Criados 2 rascunhos.
Tipo 5 (easy) — meta 12, existentes 0, faltam 12
  Gerando lote de 12...
  Criados 12 rascunhos.
Tipo 7 (medium) — meta 6, existentes 0, faltam 6
  Gerando lote de 6...
  Criados 6 rascunhos.
Tipo 12 (medium) — meta 6, existentes 0, faltam 6
  Gerando lote de 6...
  Criados 6 rascunhos.
Tipo 8 (hard) — meta 2, existentes 0, faltam 2
  Gerando lote de 2...
  Criados 2 rascunhos.
Tipo 6 (hard) — meta 2, existentes 0, faltam 2
  Gerando lote de 2...
  Criados 2 rascunhos.
Geração concluída. Aprovando rascunhos pendentes...
Concluído. 62 exercício(s) aprovado(s) na unidade 3.5.
Unidade 4.1 — nível A2
Tipo 1 (medium) — meta 6, existentes 0, faltam 6
  Gerando lote de 6...
  Criados 6 rascunhos.
Tipo 2 (hard) — meta 2, existentes 0, faltam 2
  Gerando lote de 2...
  Criados 2 rascunhos.
Tipo 3 (hard) — meta 2, existentes 0, faltam 2
  Gerando lote de 2...
  Criados 2 rascunhos.
Tipo 4 (easy) — meta 12, existentes 0, faltam 12
  Gerando lote de 12...
  Criados 12 rascunhos.
Tipo 9 (hard) — meta 2, existentes 0, faltam 2
  Gerando lote de 2...
  Criados 2 rascunhos.
Tipo 10 (hard) — meta 2, existentes 0, faltam 2
  Gerando lote de 2...
  Criados 2 rascunhos.
Tipo 13 (medium) — meta 6, existentes 0, faltam 6
  Gerando lote de 6...
  Criados 6 rascunhos.
Tipo 11 (hard) — meta 2, existentes 0, faltam 2
  Gerando lote de 2...
  Criados 2 rascunhos.
Tipo 5 (easy) — meta 12, existentes 0, faltam 12
  Gerando lote de 12...
  Criados 12 rascunhos.
Tipo 7 (medium) — meta 6, existentes 0, faltam 6
  Gerando lote de 6...
  Criados 6 rascunhos.
Tipo 12 (medium) — meta 6, existentes 0, faltam 6
  Gerando lote de 6...
  Criados 6 rascunhos.
Tipo 8 (hard) — meta 2, existentes 0, faltam 2
  Gerando lote de 2...
  Criados 2 rascunhos.
Tipo 6 (hard) — meta 2, existentes 0, faltam 2
  Gerando lote de 2...
  Criados 2 rascunhos.
Geração concluída. Aprovando rascunhos pendentes...
Concluído. 62 exercício(s) aprovado(s) na unidade 4.1.
Unidade 2.2 — nível B1
Tipo 1 (medium) — meta 6, existentes 0, faltam 6
  Gerando lote de 6...
  Criados 6 rascunhos.
Tipo 2 (hard) — meta 2, existentes 0, faltam 2
  Gerando lote de 2...
  Criados 2 rascunhos.
Tipo 3 (hard) — meta 2, existentes 0, faltam 2
  Gerando lote de 2...
  Criados 2 rascunhos.
Tipo 4 (easy) — meta 12, existentes 0, faltam 12
  Gerando lote de 12...
  Criados 12 rascunhos.
Tipo 9 (hard) — meta 2, existentes 0, faltam 2
  Gerando lote de 2...
  Criados 2 rascunhos.
Tipo 10 (hard) — meta 2, existentes 0, faltam 2
  Gerando lote de 2...
  Criados 2 rascunhos.
Tipo 13 (medium) — meta 6, existentes 0, faltam 6
  Gerando lote de 6...
  Criados 6 rascunhos.
Tipo 11 (hard) — meta 2, existentes 0, faltam 2
  Gerando lote de 2...
  Criados 2 rascunhos.
Tipo 5 (easy) — meta 12, existentes 0, faltam 12
  Gerando lote de 12...
  Criados 12 rascunhos.
Tipo 7 (medium) — meta 6, existentes 0, faltam 6
  Gerando lote de 6...
  Criados 6 rascunhos.
Tipo 12 (medium) — meta 6, existentes 0, faltam 6
  Gerando lote de 6...
  Criados 6 rascunhos.
Tipo 8 (hard) — meta 2, existentes 0, faltam 2
  Gerando lote de 2...
  Criados 2 rascunhos.
Tipo 6 (hard) — meta 2, existentes 0, faltam 2
  Gerando lote de 2...
  Criados 2 rascunhos.
Geração concluída. Aprovando rascunhos pendentes...
Concluído. 62 exercício(s) aprovado(s) na unidade 2.2.
Unidade 4.3 — nível A2
Tipo 1 (medium) — meta 6, existentes 0, faltam 6
  Gerando lote de 6...
  Criados 6 rascunhos.
Tipo 2 (hard) — meta 2, existentes 0, faltam 2
  Gerando lote de 2...
  Criados 2 rascunhos.
Tipo 3 (hard) — meta 2, existentes 0, faltam 2
  Gerando lote de 2...
  Criados 2 rascunhos.
Tipo 4 (easy) — meta 12, existentes 0, faltam 12
  Gerando lote de 12...
  Criados 12 rascunhos.
Tipo 9 (hard) — meta 2, existentes 0, faltam 2
  Gerando lote de 2...
  Erro: Falha ao gerar exercícios (hard). — aguardando e tentando de novo...
  Gerando lote de 2...
  Criados 2 rascunhos.
Tipo 10 (hard) — meta 2, existentes 0, faltam 2
  Gerando lote de 2...
  Criados 2 rascunhos.
Tipo 13 (medium) — meta 6, existentes 0, faltam 6
  Gerando lote de 6...
  Erro: Falha ao gerar exercícios (medium). — aguardando e tentando de novo...
  Gerando lote de 6...
  Erro: Falha ao gerar exercícios (medium). — aguardando e tentando de novo...
  Gerando lote de 6...
  Erro: Falha ao gerar exercícios (medium). — aguardando e tentando de novo...
  Gerando lote de 6...
  Erro: Falha ao gerar exercícios (medium). — aguardando e tentando de novo...
  Gerando lote de 6...
  Erro: Falha ao gerar exercícios (medium). — aguardando e tentando de novo...
  Gerando lote de 6...
  Erro: Falha ao gerar exercícios (medium). — aguardando e tentando de novo...
  Gerando lote de 6...
  Erro: Falha ao gerar exercícios (medium). — aguardando e tentando de novo...
  Gerando lote de 6...
  Erro: Falha ao gerar exercícios (medium). — aguardando e tentando de novo...
  Gerando lote de 6...
  Erro: Falha ao gerar exercícios (medium). — aguardando e tentando de novo...
  Gerando lote de 6...
  Erro: Falha ao gerar exercícios (medium). — aguardando e tentando de novo...
  Gerando lote de 6...
  Erro: Falha ao gerar exercícios (medium). — aguardando e tentando de novo...
  Gerando lote de 6...
  Criados 6 rascunhos.
Tipo 11 (hard) — meta 2, existentes 0, faltam 2
  Gerando lote de 2...
  Criados 2 rascunhos.
Tipo 5 (easy) — meta 12, existentes 0, faltam 12
  Gerando lote de 12...
  Criados 12 rascunhos.
Tipo 7 (medium) — meta 6, existentes 0, faltam 6
  Gerando lote de 6...
  Criados 6 rascunhos.
Tipo 12 (medium) — meta 6, existentes 0, faltam 6
  Gerando lote de 6...
  Criados 6 rascunhos.
Tipo 8 (hard) — meta 2, existentes 0, faltam 2
  Gerando lote de 2...
  Criados 2 rascunhos.
Tipo 6 (hard) — meta 2, existentes 0, faltam 2
  Gerando lote de 2...
  Criados 2 rascunhos.
Geração concluída. Aprovando rascunhos pendentes...
Concluído. 62 exercício(s) aprovado(s) na unidade 4.3.
Unidade 3.1 — nível A1
Tipo 1 (medium) — meta 6, existentes 0, faltam 6
  Gerando lote de 6...
  Criados 6 rascunhos.
Tipo 2 (hard) — meta 2, existentes 0, faltam 2
  Gerando lote de 2...
  Criados 2 rascunhos.
Tipo 3 (hard) — meta 2, existentes 0, faltam 2
  Gerando lote de 2...
  Criados 2 rascunhos.
Tipo 4 (easy) — meta 12, existentes 0, faltam 12
  Gerando lote de 12...
  Criados 12 rascunhos.
Tipo 9 (hard) — meta 2, existentes 0, faltam 2
  Gerando lote de 2...
  Criados 2 rascunhos.
Tipo 10 (hard) — meta 2, existentes 0, faltam 2
  Gerando lote de 2...
  Criados 2 rascunhos.
Tipo 13 (medium) — meta 6, existentes 0, faltam 6
  Gerando lote de 6...
  Erro: Falha ao gerar exercícios (medium). — aguardando e tentando de novo...
  Gerando lote de 6...
  Criados 6 rascunhos.
Tipo 11 (hard) — meta 2, existentes 0, faltam 2
  Gerando lote de 2...
  Criados 2 rascunhos.
Tipo 5 (easy) — meta 12, existentes 0, faltam 12
  Gerando lote de 12...
  Criados 12 rascunhos.
Tipo 7 (medium) — meta 6, existentes 0, faltam 6
  Gerando lote de 6...
  Criados 6 rascunhos.
Tipo 12 (medium) — meta 6, existentes 0, faltam 6
  Gerando lote de 6...
  Criados 6 rascunhos.
Tipo 8 (hard) — meta 2, existentes 0, faltam 2
  Gerando lote de 2...
  Criados 2 rascunhos.
Tipo 6 (hard) — meta 2, existentes 0, faltam 2
  Gerando lote de 2...
  Criados 2 rascunhos.
Geração concluída. Aprovando rascunhos pendentes...
Concluído. 62 exercício(s) aprovado(s) na unidade 3.1.
Unidade 1.4 — nível B1
Tipo 1 (medium) — meta 6, existentes 0, faltam 6
  Gerando lote de 6...
  Criados 6 rascunhos.
Tipo 2 (hard) — meta 2, existentes 0, faltam 2
  Gerando lote de 2...
  Criados 2 rascunhos.
Tipo 3 (hard) — meta 2, existentes 0, faltam 2
  Gerando lote de 2...
  Criados 2 rascunhos.
Tipo 4 (easy) — meta 12, existentes 0, faltam 12
  Gerando lote de 12...
  Criados 12 rascunhos.
Tipo 9 (hard) — meta 2, existentes 0, faltam 2
  Gerando lote de 2...
  Criados 2 rascunhos.
Tipo 10 (hard) — meta 2, existentes 0, faltam 2
  Gerando lote de 2...
  Criados 2 rascunhos.
Tipo 13 (medium) — meta 6, existentes 0, faltam 6
  Gerando lote de 6...
  Criados 6 rascunhos.
Tipo 11 (hard) — meta 2, existentes 0, faltam 2
  Gerando lote de 2...
  Criados 2 rascunhos.
Tipo 5 (easy) — meta 12, existentes 0, faltam 12
  Gerando lote de 12...
  Criados 12 rascunhos.
Tipo 7 (medium) — meta 6, existentes 0, faltam 6
  Gerando lote de 6...
  Criados 6 rascunhos.
Tipo 12 (medium) — meta 6, existentes 0, faltam 6
  Gerando lote de 6...
  Criados 6 rascunhos.
Tipo 8 (hard) — meta 2, existentes 0, faltam 2
  Gerando lote de 2...
  Criados 2 rascunhos.
Tipo 6 (hard) — meta 2, existentes 0, faltam 2
  Gerando lote de 2...
  Criados 2 rascunhos.
Geração concluída. Aprovando rascunhos pendentes...
Concluído. 62 exercício(s) aprovado(s) na unidade 1.4.
Unidade 2.5 — nível B1
Tipo 1 (medium) — meta 6, existentes 0, faltam 6
  Gerando lote de 6...
  Criados 6 rascunhos.
Tipo 2 (hard) — meta 2, existentes 0, faltam 2
  Gerando lote de 2...
  Criados 2 rascunhos.
Tipo 3 (hard) — meta 2, existentes 0, faltam 2
  Gerando lote de 2...
  Criados 2 rascunhos.
Tipo 4 (easy) — meta 12, existentes 0, faltam 12
  Gerando lote de 12...
  Criados 12 rascunhos.
Tipo 9 (hard) — meta 2, existentes 0, faltam 2
  Gerando lote de 2...
  Criados 2 rascunhos.
Tipo 10 (hard) — meta 2, existentes 0, faltam 2
  Gerando lote de 2...
  Criados 2 rascunhos.
Tipo 13 (medium) — meta 6, existentes 0, faltam 6
  Gerando lote de 6...
  Criados 6 rascunhos.
Tipo 11 (hard) — meta 2, existentes 0, faltam 2
  Gerando lote de 2...
  Criados 2 rascunhos.
Tipo 5 (easy) — meta 12, existentes 0, faltam 12
  Gerando lote de 12...
  Criados 12 rascunhos.
Tipo 7 (medium) — meta 6, existentes 0, faltam 6
  Gerando lote de 6...
  Criados 6 rascunhos.
Tipo 12 (medium) — meta 6, existentes 0, faltam 6
  Gerando lote de 6...
  Criados 6 rascunhos.
Tipo 8 (hard) — meta 2, existentes 0, faltam 2
  Gerando lote de 2...
  Criados 2 rascunhos.
Tipo 6 (hard) — meta 2, existentes 0, faltam 2
  Gerando lote de 2...
  Criados 2 rascunhos.
Geração concluída. Aprovando rascunhos pendentes...
Concluído. 62 exercício(s) aprovado(s) na unidade 2.5.
Unidade 3.3 — nível B1
Tipo 1 (medium) — meta 6, existentes 0, faltam 6
  Gerando lote de 6...
  Criados 6 rascunhos.
Tipo 2 (hard) — meta 2, existentes 0, faltam 2
  Gerando lote de 2...
  Criados 2 rascunhos.
Tipo 3 (hard) — meta 2, existentes 0, faltam 2
  Gerando lote de 2...
  Criados 2 rascunhos.
Tipo 4 (easy) — meta 12, existentes 0, faltam 12
  Gerando lote de 12...
  Criados 12 rascunhos.
Tipo 9 (hard) — meta 2, existentes 0, faltam 2
  Gerando lote de 2...
  Criados 2 rascunhos.
Tipo 10 (hard) — meta 2, existentes 0, faltam 2
  Gerando lote de 2...
  Criados 2 rascunhos.
Tipo 13 (medium) — meta 6, existentes 0, faltam 6
  Gerando lote de 6...
  Criados 6 rascunhos.
Tipo 11 (hard) — meta 2, existentes 0, faltam 2
  Gerando lote de 2...
  Erro: Falha ao gerar exercícios (hard). — aguardando e tentando de novo...
  Gerando lote de 2...
  Criados 2 rascunhos.
Tipo 5 (easy) — meta 12, existentes 0, faltam 12
  Gerando lote de 12...
  Criados 12 rascunhos.
Tipo 7 (medium) — meta 6, existentes 0, faltam 6
  Gerando lote de 6...
  Criados 6 rascunhos.
Tipo 12 (medium) — meta 6, existentes 0, faltam 6
  Gerando lote de 6...
  Criados 6 rascunhos.
Tipo 8 (hard) — meta 2, existentes 0, faltam 2
  Gerando lote de 2...
  Criados 2 rascunhos.
Tipo 6 (hard) — meta 2, existentes 0, faltam 2
  Gerando lote de 2...
  Erro: Falha ao gerar exercícios (hard). — aguardando e tentando de novo...
  Gerando lote de 2...
  Erro: Falha ao gerar exercícios (hard). — aguardando e tentando de novo...
  Gerando lote de 2...
  Criados 2 rascunhos.
Geração concluída. Aprovando rascunhos pendentes...
Concluído. 62 exercício(s) aprovado(s) na unidade 3.3.
Unidade 4.1 — nível B1
Tipo 1 (medium) — meta 6, existentes 0, faltam 6
  Gerando lote de 6...
  Criados 6 rascunhos.
Tipo 2 (hard) — meta 2, existentes 0, faltam 2
  Gerando lote de 2...
  Criados 2 rascunhos.
Tipo 3 (hard) — meta 2, existentes 0, faltam 2
  Gerando lote de 2...
  Criados 2 rascunhos.
Tipo 4 (easy) — meta 12, existentes 0, faltam 12
  Gerando lote de 12...
  Criados 12 rascunhos.
Tipo 9 (hard) — meta 2, existentes 0, faltam 2
  Gerando lote de 2...
  Criados 2 rascunhos.
Tipo 10 (hard) — meta 2, existentes 0, faltam 2
  Gerando lote de 2...
  Criados 2 rascunhos.
Tipo 13 (medium) — meta 6, existentes 0, faltam 6
  Gerando lote de 6...
  Criados 6 rascunhos.
Tipo 11 (hard) — meta 2, existentes 0, faltam 2
  Gerando lote de 2...
  Criados 2 rascunhos.
Tipo 5 (easy) — meta 12, existentes 0, faltam 12
  Gerando lote de 12...
  Criados 12 rascunhos.
Tipo 7 (medium) — meta 6, existentes 0, faltam 6
  Gerando lote de 6...
  Criados 6 rascunhos.
Tipo 12 (medium) — meta 6, existentes 0, faltam 6
  Gerando lote de 6...
  Criados 6 rascunhos.
Tipo 8 (hard) — meta 2, existentes 0, faltam 2
  Gerando lote de 2...
  Criados 2 rascunhos.
Tipo 6 (hard) — meta 2, existentes 0, faltam 2
  Gerando lote de 2...
  Criados 2 rascunhos.
Geração concluída. Aprovando rascunhos pendentes...
Concluído. 62 exercício(s) aprovado(s) na unidade 4.1.
Unidade 1.2 — nível B1
Tipo 1 (medium) — meta 6, existentes 0, faltam 6
  Gerando lote de 6...
  Criados 6 rascunhos.
Tipo 2 (hard) — meta 2, existentes 0, faltam 2
  Gerando lote de 2...
  Criados 2 rascunhos.
Tipo 3 (hard) — meta 2, existentes 0, faltam 2
  Gerando lote de 2...
  Criados 2 rascunhos.
Tipo 4 (easy) — meta 12, existentes 0, faltam 12
  Gerando lote de 12...
  Criados 12 rascunhos.
Tipo 9 (hard) — meta 2, existentes 0, faltam 2
  Gerando lote de 2...
  Criados 2 rascunhos.
Tipo 10 (hard) — meta 2, existentes 0, faltam 2
  Gerando lote de 2...
  Criados 2 rascunhos.
Tipo 13 (medium) — meta 6, existentes 0, faltam 6
  Gerando lote de 6...
  Criados 6 rascunhos.
Tipo 11 (hard) — meta 2, existentes 0, faltam 2
  Gerando lote de 2...
  Criados 2 rascunhos.
Tipo 5 (easy) — meta 12, existentes 0, faltam 12
  Gerando lote de 12...
  Criados 12 rascunhos.
Tipo 7 (medium) — meta 6, existentes 0, faltam 6
  Gerando lote de 6...
  Criados 6 rascunhos.
Tipo 12 (medium) — meta 6, existentes 0, faltam 6
  Gerando lote de 6...
  Criados 6 rascunhos.
Tipo 8 (hard) — meta 2, existentes 0, faltam 2
  Gerando lote de 2...
  Criados 2 rascunhos.
Tipo 6 (hard) — meta 2, existentes 0, faltam 2
  Gerando lote de 2...
  Criados 2 rascunhos.
Geração concluída. Aprovando rascunhos pendentes...
Concluído. 62 exercício(s) aprovado(s) na unidade 1.2.
Unidade 1.3 — nível B1
Tipo 1 (medium) — meta 6, existentes 0, faltam 6
  Gerando lote de 6...
  Criados 6 rascunhos.
Tipo 2 (hard) — meta 2, existentes 0, faltam 2
  Gerando lote de 2...
  Criados 2 rascunhos.
Tipo 3 (hard) — meta 2, existentes 0, faltam 2
  Gerando lote de 2...
  Criados 2 rascunhos.
Tipo 4 (easy) — meta 12, existentes 0, faltam 12
  Gerando lote de 12...
  Criados 12 rascunhos.
Tipo 9 (hard) — meta 2, existentes 0, faltam 2
  Gerando lote de 2...
  Criados 2 rascunhos.
Tipo 10 (hard) — meta 2, existentes 0, faltam 2
  Gerando lote de 2...
  Criados 2 rascunhos.
Tipo 13 (medium) — meta 6, existentes 0, faltam 6
  Gerando lote de 6...
  Criados 6 rascunhos.
Tipo 11 (hard) — meta 2, existentes 0, faltam 2
  Gerando lote de 2...
  Criados 2 rascunhos.
Tipo 5 (easy) — meta 12, existentes 0, faltam 12
  Gerando lote de 12...
  Criados 12 rascunhos.
Tipo 7 (medium) — meta 6, existentes 0, faltam 6
  Gerando lote de 6...
  Criados 6 rascunhos.
Tipo 12 (medium) — meta 6, existentes 0, faltam 6
  Gerando lote de 6...
  Criados 6 rascunhos.
Tipo 8 (hard) — meta 2, existentes 0, faltam 2
  Gerando lote de 2...
  Criados 2 rascunhos.
Tipo 6 (hard) — meta 2, existentes 0, faltam 2
  Gerando lote de 2...
  Criados 2 rascunhos.
Geração concluída. Aprovando rascunhos pendentes...
Concluído. 62 exercício(s) aprovado(s) na unidade 1.3.
Unidade 2.4 — nível B1
Tipo 1 (medium) — meta 6, existentes 0, faltam 6
  Gerando lote de 6...
  Criados 6 rascunhos.
Tipo 2 (hard) — meta 2, existentes 0, faltam 2
  Gerando lote de 2...
  Criados 2 rascunhos.
Tipo 3 (hard) — meta 2, existentes 0, faltam 2
  Gerando lote de 2...
  Criados 2 rascunhos.
Tipo 4 (easy) — meta 12, existentes 0, faltam 12
  Gerando lote de 12...
  Criados 12 rascunhos.
Tipo 9 (hard) — meta 2, existentes 0, faltam 2
  Gerando lote de 2...
  Criados 2 rascunhos.
Tipo 10 (hard) — meta 2, existentes 0, faltam 2
  Gerando lote de 2...
  Criados 2 rascunhos.
Tipo 13 (medium) — meta 6, existentes 0, faltam 6
  Gerando lote de 6...
  Criados 6 rascunhos.
Tipo 11 (hard) — meta 2, existentes 0, faltam 2
  Gerando lote de 2...
  Criados 2 rascunhos.
Tipo 5 (easy) — meta 12, existentes 0, faltam 12
  Gerando lote de 12...
  Criados 12 rascunhos.
Tipo 7 (medium) — meta 6, existentes 0, faltam 6
  Gerando lote de 6...
  Criados 6 rascunhos.
Tipo 12 (medium) — meta 6, existentes 0, faltam 6
  Gerando lote de 6...
  Criados 6 rascunhos.
Tipo 8 (hard) — meta 2, existentes 0, faltam 2
  Gerando lote de 2...
  Criados 2 rascunhos.
Tipo 6 (hard) — meta 2, existentes 0, faltam 2
  Gerando lote de 2...
  Criados 2 rascunhos.
Geração concluída. Aprovando rascunhos pendentes...
Concluído. 62 exercício(s) aprovado(s) na unidade 2.4.
Unidade 4.3 — nível B1
Tipo 1 (medium) — meta 6, existentes 0, faltam 6
  Gerando lote de 6...
  Criados 6 rascunhos.
Tipo 2 (hard) — meta 2, existentes 0, faltam 2
  Gerando lote de 2...
  Criados 2 rascunhos.
Tipo 3 (hard) — meta 2, existentes 0, faltam 2
  Gerando lote de 2...
  Criados 2 rascunhos.
Tipo 4 (easy) — meta 12, existentes 0, faltam 12
  Gerando lote de 12...
  Criados 12 rascunhos.
Tipo 9 (hard) — meta 2, existentes 0, faltam 2
  Gerando lote de 2...
  Criados 2 rascunhos.
Tipo 10 (hard) — meta 2, existentes 0, faltam 2
  Gerando lote de 2...
  Criados 2 rascunhos.
Tipo 13 (medium) — meta 6, existentes 0, faltam 6
  Gerando lote de 6...
  Criados 6 rascunhos.
Tipo 11 (hard) — meta 2, existentes 0, faltam 2
  Gerando lote de 2...
  Criados 2 rascunhos.
Tipo 5 (easy) — meta 12, existentes 0, faltam 12
  Gerando lote de 12...
  Criados 12 rascunhos.
Tipo 7 (medium) — meta 6, existentes 0, faltam 6
  Gerando lote de 6...
  Criados 6 rascunhos.
Tipo 12 (medium) — meta 6, existentes 0, faltam 6
  Gerando lote de 6...
  Criados 6 rascunhos.
Tipo 8 (hard) — meta 2, existentes 0, faltam 2
  Gerando lote de 2...
  Criados 2 rascunhos.
Tipo 6 (hard) — meta 2, existentes 0, faltam 2
  Gerando lote de 2...
  Criados 2 rascunhos.
Geração concluída. Aprovando rascunhos pendentes...
Concluído. 62 exercício(s) aprovado(s) na unidade 4.3.
Unidade 2.5 — nível B2
Tipo 1 (medium) — meta 6, existentes 0, faltam 6
  Gerando lote de 6...
  Erro: Falha ao gerar exercícios (medium). — aguardando e tentando de novo...
  Gerando lote de 6...
  Criados 6 rascunhos.
Tipo 2 (hard) — meta 2, existentes 0, faltam 2
  Gerando lote de 2...
  Criados 2 rascunhos.
Tipo 3 (hard) — meta 2, existentes 0, faltam 2
  Gerando lote de 2...
  Criados 2 rascunhos.
Tipo 4 (easy) — meta 12, existentes 0, faltam 12
  Gerando lote de 12...
  Criados 12 rascunhos.
Tipo 9 (hard) — meta 2, existentes 0, faltam 2
  Gerando lote de 2...
  Criados 2 rascunhos.
Tipo 10 (hard) — meta 2, existentes 0, faltam 2
  Gerando lote de 2...
  Criados 2 rascunhos.
Tipo 13 (medium) — meta 6, existentes 0, faltam 6
  Gerando lote de 6...
  Criados 6 rascunhos.
Tipo 11 (hard) — meta 2, existentes 0, faltam 2
  Gerando lote de 2...
  Criados 2 rascunhos.
Tipo 5 (easy) — meta 12, existentes 0, faltam 12
  Gerando lote de 12...
  Criados 12 rascunhos.
Tipo 7 (medium) — meta 6, existentes 0, faltam 6
  Gerando lote de 6...
  Criados 6 rascunhos.
Tipo 12 (medium) — meta 6, existentes 0, faltam 6
  Gerando lote de 6...
  Criados 6 rascunhos.
Tipo 8 (hard) — meta 2, existentes 0, faltam 2
  Gerando lote de 2...
  Criados 2 rascunhos.
Tipo 6 (hard) — meta 2, existentes 0, faltam 2
  Gerando lote de 2...
  Criados 2 rascunhos.
Geração concluída. Aprovando rascunhos pendentes...
Concluído. 62 exercício(s) aprovado(s) na unidade 2.5.
Unidade 3.2 — nível B1
Tipo 1 (medium) — meta 6, existentes 0, faltam 6
  Gerando lote de 6...
  Criados 6 rascunhos.
Tipo 2 (hard) — meta 2, existentes 0, faltam 2
  Gerando lote de 2...
  Criados 2 rascunhos.
Tipo 3 (hard) — meta 2, existentes 0, faltam 2
  Gerando lote de 2...
  Criados 2 rascunhos.
Tipo 4 (easy) — meta 12, existentes 0, faltam 12
  Gerando lote de 12...
  Criados 12 rascunhos.
Tipo 9 (hard) — meta 2, existentes 0, faltam 2
  Gerando lote de 2...
  Criados 2 rascunhos.
Tipo 10 (hard) — meta 2, existentes 0, faltam 2
  Gerando lote de 2...
  Criados 2 rascunhos.
Tipo 13 (medium) — meta 6, existentes 0, faltam 6
  Gerando lote de 6...
  Criados 6 rascunhos.
Tipo 11 (hard) — meta 2, existentes 0, faltam 2
  Gerando lote de 2...
  Criados 2 rascunhos.
Tipo 5 (easy) — meta 12, existentes 0, faltam 12
  Gerando lote de 12...
  Criados 12 rascunhos.
Tipo 7 (medium) — meta 6, existentes 0, faltam 6
  Gerando lote de 6...
  Criados 6 rascunhos.
Tipo 12 (medium) — meta 6, existentes 0, faltam 6
  Gerando lote de 6...
  Criados 6 rascunhos.
Tipo 8 (hard) — meta 2, existentes 0, faltam 2
  Gerando lote de 2...
  Criados 2 rascunhos.
Tipo 6 (hard) — meta 2, existentes 0, faltam 2
  Gerando lote de 2...
  Criados 2 rascunhos.
Geração concluída. Aprovando rascunhos pendentes...
Concluído. 62 exercício(s) aprovado(s) na unidade 3.2.
Unidade 2.4 — nível B2
Tipo 1 (medium) — meta 6, existentes 0, faltam 6
  Gerando lote de 6...
  Criados 6 rascunhos.
Tipo 2 (hard) — meta 2, existentes 0, faltam 2
  Gerando lote de 2...
  Criados 2 rascunhos.
Tipo 3 (hard) — meta 2, existentes 0, faltam 2
  Gerando lote de 2...
  Criados 2 rascunhos.
Tipo 4 (easy) — meta 12, existentes 0, faltam 12
  Gerando lote de 12...
  Erro: Falha ao gerar exercícios (easy). — aguardando e tentando de novo...
  Gerando lote de 12...
  Criados 12 rascunhos.
Tipo 9 (hard) — meta 2, existentes 0, faltam 2
  Gerando lote de 2...
  Criados 2 rascunhos.
Tipo 10 (hard) — meta 2, existentes 0, faltam 2
  Gerando lote de 2...
  Criados 2 rascunhos.
Tipo 13 (medium) — meta 6, existentes 0, faltam 6
  Gerando lote de 6...
  Criados 6 rascunhos.
Tipo 11 (hard) — meta 2, existentes 0, faltam 2
  Gerando lote de 2...
  Erro: Falha ao gerar exercícios (hard). — aguardando e tentando de novo...
  Gerando lote de 2...
  Criados 2 rascunhos.
Tipo 5 (easy) — meta 12, existentes 0, faltam 12
  Gerando lote de 12...
  Criados 12 rascunhos.
Tipo 7 (medium) — meta 6, existentes 0, faltam 6
  Gerando lote de 6...
  Erro: Falha ao gerar exercícios (medium). — aguardando e tentando de novo...
  Gerando lote de 6...
  Criados 6 rascunhos.
Tipo 12 (medium) — meta 6, existentes 0, faltam 6
  Gerando lote de 6...
  Erro: Falha ao gerar exercícios (medium). — aguardando e tentando de novo...
  Gerando lote de 6...
  Erro: Falha ao gerar exercícios (medium). — aguardando e tentando de novo...
  Gerando lote de 6...
  Criados 6 rascunhos.
Tipo 8 (hard) — meta 2, existentes 0, faltam 2
  Gerando lote de 2...
  Criados 2 rascunhos.
Tipo 6 (hard) — meta 2, existentes 0, faltam 2
  Gerando lote de 2...
  Erro: Falha ao gerar exercícios (hard). — aguardando e tentando de novo...
  Gerando lote de 2...
  Criados 2 rascunhos.
Geração concluída. Aprovando rascunhos pendentes...
Concluído. 62 exercício(s) aprovado(s) na unidade 2.4.
Unidade 3.4 — nível B1
Tipo 1 (medium) — meta 6, existentes 0, faltam 6
  Gerando lote de 6...
  Erro: Falha ao gerar exercícios (medium). — aguardando e tentando de novo...
  Gerando lote de 6...
  Criados 6 rascunhos.
Tipo 2 (hard) — meta 2, existentes 0, faltam 2
  Gerando lote de 2...
  Criados 2 rascunhos.
Tipo 3 (hard) — meta 2, existentes 0, faltam 2
  Gerando lote de 2...
  Criados 2 rascunhos.
Tipo 4 (easy) — meta 12, existentes 0, faltam 12
  Gerando lote de 12...
  Erro: Falha ao gerar exercícios (easy). — aguardando e tentando de novo...
  Gerando lote de 12...
  Criados 12 rascunhos.
Tipo 9 (hard) — meta 2, existentes 0, faltam 2
  Gerando lote de 2...
  Criados 2 rascunhos.
Tipo 10 (hard) — meta 2, existentes 0, faltam 2
  Gerando lote de 2...
  Criados 2 rascunhos.
Tipo 13 (medium) — meta 6, existentes 0, faltam 6
  Gerando lote de 6...
  Criados 6 rascunhos.
Tipo 11 (hard) — meta 2, existentes 0, faltam 2
  Gerando lote de 2...
  Criados 2 rascunhos.
Tipo 5 (easy) — meta 12, existentes 0, faltam 12
  Gerando lote de 12...
  Criados 12 rascunhos.
Tipo 7 (medium) — meta 6, existentes 0, faltam 6
  Gerando lote de 6...
  Criados 6 rascunhos.
Tipo 12 (medium) — meta 6, existentes 0, faltam 6
  Gerando lote de 6...
  Criados 6 rascunhos.
Tipo 8 (hard) — meta 2, existentes 0, faltam 2
  Gerando lote de 2...
  Criados 2 rascunhos.
Tipo 6 (hard) — meta 2, existentes 0, faltam 2
  Gerando lote de 2...
  Criados 2 rascunhos.
Geração concluída. Aprovando rascunhos pendentes...
Concluído. 62 exercício(s) aprovado(s) na unidade 3.4.
Unidade 3.5 — nível B1
Tipo 1 (medium) — meta 6, existentes 0, faltam 6
  Gerando lote de 6...
  Criados 6 rascunhos.
Tipo 2 (hard) — meta 2, existentes 0, faltam 2
  Gerando lote de 2...
  Criados 2 rascunhos.
Tipo 3 (hard) — meta 2, existentes 0, faltam 2
  Gerando lote de 2...
  Criados 2 rascunhos.
Tipo 4 (easy) — meta 12, existentes 0, faltam 12
  Gerando lote de 12...
  Erro: Falha ao gerar exercícios (easy). — aguardando e tentando de novo...
  Gerando lote de 12...
  Criados 12 rascunhos.
Tipo 9 (hard) — meta 2, existentes 0, faltam 2
  Gerando lote de 2...
  Criados 2 rascunhos.
Tipo 10 (hard) — meta 2, existentes 0, faltam 2
  Gerando lote de 2...
  Criados 2 rascunhos.
Tipo 13 (medium) — meta 6, existentes 0, faltam 6
  Gerando lote de 6...
  Criados 6 rascunhos.
Tipo 11 (hard) — meta 2, existentes 0, faltam 2
  Gerando lote de 2...
  Criados 2 rascunhos.
Tipo 5 (easy) — meta 12, existentes 0, faltam 12
  Gerando lote de 12...
  Criados 12 rascunhos.
Tipo 7 (medium) — meta 6, existentes 0, faltam 6
  Gerando lote de 6...
  Criados 6 rascunhos.
Tipo 12 (medium) — meta 6, existentes 0, faltam 6
  Gerando lote de 6...
  Criados 6 rascunhos.
Tipo 8 (hard) — meta 2, existentes 0, faltam 2
  Gerando lote de 2...
  Criados 2 rascunhos.
Tipo 6 (hard) — meta 2, existentes 0, faltam 2
  Gerando lote de 2...
  Criados 2 rascunhos.
Geração concluída. Aprovando rascunhos pendentes...
Concluído. 62 exercício(s) aprovado(s) na unidade 3.5.
Unidade 1.4 — nível B2
Tipo 1 (medium) — meta 6, existentes 0, faltam 6
  Gerando lote de 6...
  Criados 6 rascunhos.
Tipo 2 (hard) — meta 2, existentes 0, faltam 2
  Gerando lote de 2...
  Criados 2 rascunhos.
Tipo 3 (hard) — meta 2, existentes 0, faltam 2
  Gerando lote de 2...
  Criados 2 rascunhos.
Tipo 4 (easy) — meta 12, existentes 0, faltam 12
  Gerando lote de 12...
  Criados 12 rascunhos.
Tipo 9 (hard) — meta 2, existentes 0, faltam 2
  Gerando lote de 2...
  Criados 2 rascunhos.
Tipo 10 (hard) — meta 2, existentes 0, faltam 2
  Gerando lote de 2...
  Criados 2 rascunhos.
Tipo 13 (medium) — meta 6, existentes 0, faltam 6
  Gerando lote de 6...
  Criados 6 rascunhos.
Tipo 11 (hard) — meta 2, existentes 0, faltam 2
  Gerando lote de 2...
  Criados 2 rascunhos.
Tipo 5 (easy) — meta 12, existentes 0, faltam 12
  Gerando lote de 12...
  Criados 12 rascunhos.
Tipo 7 (medium) — meta 6, existentes 0, faltam 6
  Gerando lote de 6...
  Criados 6 rascunhos.
Tipo 12 (medium) — meta 6, existentes 0, faltam 6
  Gerando lote de 6...
  Criados 6 rascunhos.
Tipo 8 (hard) — meta 2, existentes 0, faltam 2
  Gerando lote de 2...
  Criados 2 rascunhos.
Tipo 6 (hard) — meta 2, existentes 0, faltam 2
  Gerando lote de 2...
  Criados 2 rascunhos.
Geração concluída. Aprovando rascunhos pendentes...
Concluído. 62 exercício(s) aprovado(s) na unidade 1.4.
Unidade 4.4 — nível B2
Tipo 1 (medium) — meta 6, existentes 0, faltam 6
  Gerando lote de 6...
  Criados 6 rascunhos.
Tipo 2 (hard) — meta 2, existentes 0, faltam 2
  Gerando lote de 2...
  Criados 2 rascunhos.
Tipo 3 (hard) — meta 2, existentes 0, faltam 2
  Gerando lote de 2...
  Criados 2 rascunhos.
Tipo 4 (easy) — meta 12, existentes 0, faltam 12
  Gerando lote de 12...
  Criados 12 rascunhos.
Tipo 9 (hard) — meta 2, existentes 0, faltam 2
  Gerando lote de 2...
  Criados 2 rascunhos.
Tipo 10 (hard) — meta 2, existentes 0, faltam 2
  Gerando lote de 2...
  Criados 2 rascunhos.
Tipo 13 (medium) — meta 6, existentes 0, faltam 6
  Gerando lote de 6...
  Criados 6 rascunhos.
Tipo 11 (hard) — meta 2, existentes 0, faltam 2
  Gerando lote de 2...
  Criados 2 rascunhos.
Tipo 5 (easy) — meta 12, existentes 0, faltam 12
  Gerando lote de 12...
  Criados 12 rascunhos.
Tipo 7 (medium) — meta 6, existentes 0, faltam 6
  Gerando lote de 6...
  Criados 6 rascunhos.
Tipo 12 (medium) — meta 6, existentes 0, faltam 6
  Gerando lote de 6...
  Criados 6 rascunhos.
Tipo 8 (hard) — meta 2, existentes 0, faltam 2
  Gerando lote de 2...
  Criados 2 rascunhos.
Tipo 6 (hard) — meta 2, existentes 0, faltam 2
  Gerando lote de 2...
  Criados 2 rascunhos.
Geração concluída. Aprovando rascunhos pendentes...
Concluído. 62 exercício(s) aprovado(s) na unidade 4.4.
Unidade 1.2 — nível B2
Tipo 1 (medium) — meta 6, existentes 0, faltam 6
  Gerando lote de 6...
  Criados 6 rascunhos.
Tipo 2 (hard) — meta 2, existentes 0, faltam 2
  Gerando lote de 2...
  Criados 2 rascunhos.
Tipo 3 (hard) — meta 2, existentes 0, faltam 2
  Gerando lote de 2...
  Erro: Expected double-quoted property name in JSON at position 964 — aguardando e tentando de novo...
  Gerando lote de 2...
  Criados 2 rascunhos.
Tipo 4 (easy) — meta 12, existentes 0, faltam 12
  Gerando lote de 12...
  Criados 12 rascunhos.
Tipo 9 (hard) — meta 2, existentes 0, faltam 2
  Gerando lote de 2...
  Criados 2 rascunhos.
Tipo 10 (hard) — meta 2, existentes 0, faltam 2
  Gerando lote de 2...
  Criados 2 rascunhos.
Tipo 13 (medium) — meta 6, existentes 0, faltam 6
  Gerando lote de 6...
  Criados 6 rascunhos.
Tipo 11 (hard) — meta 2, existentes 0, faltam 2
  Gerando lote de 2...
  Criados 2 rascunhos.
Tipo 5 (easy) — meta 12, existentes 0, faltam 12
  Gerando lote de 12...
  Criados 12 rascunhos.
Tipo 7 (medium) — meta 6, existentes 0, faltam 6
  Gerando lote de 6...
  Criados 6 rascunhos.
Tipo 12 (medium) — meta 6, existentes 0, faltam 6
  Gerando lote de 6...
  Criados 6 rascunhos.
Tipo 8 (hard) — meta 2, existentes 0, faltam 2
  Gerando lote de 2...
  Criados 2 rascunhos.
Tipo 6 (hard) — meta 2, existentes 0, faltam 2
  Gerando lote de 2...
  Criados 2 rascunhos.
Geração concluída. Aprovando rascunhos pendentes...
Concluído. 62 exercício(s) aprovado(s) na unidade 1.2.
Unidade 1.4 — nível C1
Tipo 1 (medium) — meta 12, existentes 0, faltam 12
  Gerando lote de 12...
  Criados 12 rascunhos.
Tipo 2 (hard) — meta 3, existentes 0, faltam 3
  Gerando lote de 3...
  Criados 3 rascunhos.
Tipo 3 (hard) — meta 3, existentes 0, faltam 3
  Gerando lote de 3...
  Criados 3 rascunhos.
Tipo 4 (easy) — meta 24, existentes 0, faltam 24
  Gerando lote de 20...
  Criados 20 rascunhos.
  Gerando lote de 4...
  Criados 4 rascunhos.
Tipo 9 (hard) — meta 3, existentes 0, faltam 3
  Gerando lote de 3...
  Criados 3 rascunhos.
Tipo 10 (hard) — meta 3, existentes 0, faltam 3
  Gerando lote de 3...
  Criados 3 rascunhos.
Tipo 13 (medium) — meta 12, existentes 0, faltam 12
  Gerando lote de 12...
  Criados 12 rascunhos.
Tipo 11 (hard) — meta 3, existentes 0, faltam 3
  Gerando lote de 3...
  Criados 3 rascunhos.
Tipo 5 (easy) — meta 24, existentes 0, faltam 24
  Gerando lote de 20...
  Criados 20 rascunhos.
  Gerando lote de 4...
  Criados 4 rascunhos.
Tipo 7 (medium) — meta 12, existentes 0, faltam 12
  Gerando lote de 12...
  Criados 12 rascunhos.
Tipo 12 (medium) — meta 12, existentes 0, faltam 12
  Gerando lote de 12...
  Criados 12 rascunhos.
Tipo 8 (hard) — meta 3, existentes 0, faltam 3
  Gerando lote de 3...
  Criados 3 rascunhos.
Tipo 6 (hard) — meta 3, existentes 0, faltam 3
  Gerando lote de 3...
  Criados 3 rascunhos.
Geração concluída. Aprovando rascunhos pendentes...
Concluído. 117 exercício(s) aprovado(s) na unidade 1.4.
Unidade 1.3 — nível B2
Tipo 1 (medium) — meta 6, existentes 0, faltam 6
  Gerando lote de 6...
  Erro: Falha ao gerar exercícios (medium). — aguardando e tentando de novo...
  Gerando lote de 6...
  Criados 6 rascunhos.
Tipo 2 (hard) — meta 2, existentes 0, faltam 2
  Gerando lote de 2...
  Criados 2 rascunhos.
Tipo 3 (hard) — meta 2, existentes 0, faltam 2
  Gerando lote de 2...
  Criados 2 rascunhos.
Tipo 4 (easy) — meta 12, existentes 0, faltam 12
  Gerando lote de 12...
  Criados 12 rascunhos.
Tipo 9 (hard) — meta 2, existentes 0, faltam 2
  Gerando lote de 2...
  Criados 2 rascunhos.
Tipo 10 (hard) — meta 2, existentes 0, faltam 2
  Gerando lote de 2...
  Criados 2 rascunhos.
Tipo 13 (medium) — meta 6, existentes 0, faltam 6
  Gerando lote de 6...
  Criados 6 rascunhos.
Tipo 11 (hard) — meta 2, existentes 0, faltam 2
  Gerando lote de 2...
  Criados 2 rascunhos.
Tipo 5 (easy) — meta 12, existentes 0, faltam 12
  Gerando lote de 12...
  Criados 12 rascunhos.
Tipo 7 (medium) — meta 6, existentes 0, faltam 6
  Gerando lote de 6...
  Criados 6 rascunhos.
Tipo 12 (medium) — meta 6, existentes 0, faltam 6
  Gerando lote de 6...
  Criados 6 rascunhos.
Tipo 8 (hard) — meta 2, existentes 0, faltam 2
  Gerando lote de 2...
  Criados 2 rascunhos.
Tipo 6 (hard) — meta 2, existentes 0, faltam 2
  Gerando lote de 2...
  Criados 2 rascunhos.
Geração concluída. Aprovando rascunhos pendentes...
Concluído. 62 exercício(s) aprovado(s) na unidade 1.3.
Unidade 2.2 — nível B2
Tipo 1 (medium) — meta 6, existentes 0, faltam 6
  Gerando lote de 6...
  Criados 6 rascunhos.
Tipo 2 (hard) — meta 2, existentes 0, faltam 2
  Gerando lote de 2...
  Criados 2 rascunhos.
Tipo 3 (hard) — meta 2, existentes 0, faltam 2
  Gerando lote de 2...
  Criados 2 rascunhos.
Tipo 4 (easy) — meta 12, existentes 0, faltam 12
  Gerando lote de 12...
  Criados 12 rascunhos.
Tipo 9 (hard) — meta 2, existentes 0, faltam 2
  Gerando lote de 2...
  Criados 2 rascunhos.
Tipo 10 (hard) — meta 2, existentes 0, faltam 2
  Gerando lote de 2...
  Criados 2 rascunhos.
Tipo 13 (medium) — meta 6, existentes 0, faltam 6
  Gerando lote de 6...
  Criados 6 rascunhos.
Tipo 11 (hard) — meta 2, existentes 0, faltam 2
  Gerando lote de 2...
  Criados 2 rascunhos.
Tipo 5 (easy) — meta 12, existentes 0, faltam 12
  Gerando lote de 12...
  Criados 12 rascunhos.
Tipo 7 (medium) — meta 6, existentes 0, faltam 6
  Gerando lote de 6...
  Criados 6 rascunhos.
Tipo 12 (medium) — meta 6, existentes 0, faltam 6
  Gerando lote de 6...
  Criados 6 rascunhos.
Tipo 8 (hard) — meta 2, existentes 0, faltam 2
  Gerando lote de 2...
  Criados 2 rascunhos.
Tipo 6 (hard) — meta 2, existentes 0, faltam 2
  Gerando lote de 2...
  Criados 2 rascunhos.
Geração concluída. Aprovando rascunhos pendentes...
Concluído. 62 exercício(s) aprovado(s) na unidade 2.2.
Unidade 1.5 — nível B2
Tipo 1 (medium) — meta 6, existentes 0, faltam 6
  Gerando lote de 6...
  Criados 6 rascunhos.
Tipo 2 (hard) — meta 2, existentes 0, faltam 2
  Gerando lote de 2...
  Criados 2 rascunhos.
Tipo 3 (hard) — meta 2, existentes 0, faltam 2
  Gerando lote de 2...
  Criados 2 rascunhos.
Tipo 4 (easy) — meta 12, existentes 0, faltam 12
  Gerando lote de 12...
  Criados 12 rascunhos.
Tipo 9 (hard) — meta 2, existentes 0, faltam 2
  Gerando lote de 2...
  Criados 2 rascunhos.
Tipo 10 (hard) — meta 2, existentes 0, faltam 2
  Gerando lote de 2...
  Criados 2 rascunhos.
Tipo 13 (medium) — meta 6, existentes 0, faltam 6
  Gerando lote de 6...
  Criados 6 rascunhos.
Tipo 11 (hard) — meta 2, existentes 0, faltam 2
  Gerando lote de 2...
  Criados 2 rascunhos.
Tipo 5 (easy) — meta 12, existentes 0, faltam 12
  Gerando lote de 12...
  Criados 12 rascunhos.
Tipo 7 (medium) — meta 6, existentes 0, faltam 6
  Gerando lote de 6...
  Criados 6 rascunhos.
Tipo 12 (medium) — meta 6, existentes 0, faltam 6
  Gerando lote de 6...
  Criados 6 rascunhos.
Tipo 8 (hard) — meta 2, existentes 0, faltam 2
  Gerando lote de 2...
  Criados 2 rascunhos.
Tipo 6 (hard) — meta 2, existentes 0, faltam 2
  Gerando lote de 2...
  Criados 2 rascunhos.
Geração concluída. Aprovando rascunhos pendentes...
Concluído. 62 exercício(s) aprovado(s) na unidade 1.5.
Unidade 2.3 — nível B2
Tipo 1 (medium) — meta 6, existentes 0, faltam 6
  Gerando lote de 6...
  Criados 6 rascunhos.
Tipo 2 (hard) — meta 2, existentes 0, faltam 2
  Gerando lote de 2...
  Criados 2 rascunhos.
Tipo 3 (hard) — meta 2, existentes 0, faltam 2
  Gerando lote de 2...
  Criados 2 rascunhos.
Tipo 4 (easy) — meta 12, existentes 0, faltam 12
  Gerando lote de 12...
  Criados 12 rascunhos.
Tipo 9 (hard) — meta 2, existentes 0, faltam 2
  Gerando lote de 2...
  Criados 2 rascunhos.
Tipo 10 (hard) — meta 2, existentes 0, faltam 2
  Gerando lote de 2...
  Criados 2 rascunhos.
Tipo 13 (medium) — meta 6, existentes 0, faltam 6
  Gerando lote de 6...
  Criados 6 rascunhos.
Tipo 11 (hard) — meta 2, existentes 0, faltam 2
  Gerando lote de 2...
  Criados 2 rascunhos.
Tipo 5 (easy) — meta 12, existentes 0, faltam 12
  Gerando lote de 12...
  Criados 12 rascunhos.
Tipo 7 (medium) — meta 6, existentes 0, faltam 6
  Gerando lote de 6...
  Criados 6 rascunhos.
Tipo 12 (medium) — meta 6, existentes 0, faltam 6
  Gerando lote de 6...
  Criados 6 rascunhos.
Tipo 8 (hard) — meta 2, existentes 0, faltam 2
  Gerando lote de 2...
  Criados 2 rascunhos.
Tipo 6 (hard) — meta 2, existentes 0, faltam 2
  Gerando lote de 2...
  Criados 2 rascunhos.
Geração concluída. Aprovando rascunhos pendentes...
Concluído. 62 exercício(s) aprovado(s) na unidade 2.3.
Unidade 3.3 — nível B2
Tipo 1 (medium) — meta 6, existentes 0, faltam 6
  Gerando lote de 6...
  Criados 6 rascunhos.
Tipo 2 (hard) — meta 2, existentes 0, faltam 2
  Gerando lote de 2...
  Criados 2 rascunhos.
Tipo 3 (hard) — meta 2, existentes 0, faltam 2
  Gerando lote de 2...
  Criados 2 rascunhos.
Tipo 4 (easy) — meta 12, existentes 0, faltam 12
  Gerando lote de 12...
  Criados 12 rascunhos.
Tipo 9 (hard) — meta 2, existentes 0, faltam 2
  Gerando lote de 2...
  Criados 2 rascunhos.
Tipo 10 (hard) — meta 2, existentes 0, faltam 2
  Gerando lote de 2...
  Criados 2 rascunhos.
Tipo 13 (medium) — meta 6, existentes 0, faltam 6
  Gerando lote de 6...
  Criados 6 rascunhos.
Tipo 11 (hard) — meta 2, existentes 0, faltam 2
  Gerando lote de 2...
  Criados 2 rascunhos.
Tipo 5 (easy) — meta 12, existentes 0, faltam 12
  Gerando lote de 12...
  Criados 12 rascunhos.
Tipo 7 (medium) — meta 6, existentes 0, faltam 6
  Gerando lote de 6...
  Criados 6 rascunhos.
Tipo 12 (medium) — meta 6, existentes 0, faltam 6
  Gerando lote de 6...
  Criados 6 rascunhos.
Tipo 8 (hard) — meta 2, existentes 0, faltam 2
  Gerando lote de 2...
  Criados 2 rascunhos.
Tipo 6 (hard) — meta 2, existentes 0, faltam 2
  Gerando lote de 2...
  Criados 2 rascunhos.
Geração concluída. Aprovando rascunhos pendentes...
Concluído. 62 exercício(s) aprovado(s) na unidade 3.3.
Unidade 4.2 — nível A2
Tipo 1 (medium) — meta 6, existentes 0, faltam 6
  Gerando lote de 6...
  Criados 6 rascunhos.
Tipo 2 (hard) — meta 2, existentes 0, faltam 2
  Gerando lote de 2...
  Criados 2 rascunhos.
Tipo 3 (hard) — meta 2, existentes 0, faltam 2
  Gerando lote de 2...
  Criados 2 rascunhos.
Tipo 4 (easy) — meta 12, existentes 0, faltam 12
  Gerando lote de 12...
  Criados 12 rascunhos.
Tipo 9 (hard) — meta 2, existentes 0, faltam 2
  Gerando lote de 2...
  Criados 2 rascunhos.
Tipo 10 (hard) — meta 2, existentes 0, faltam 2
  Gerando lote de 2...
  Criados 2 rascunhos.
Tipo 13 (medium) — meta 6, existentes 0, faltam 6
  Gerando lote de 6...
  Criados 6 rascunhos.
Tipo 11 (hard) — meta 2, existentes 0, faltam 2
  Gerando lote de 2...
  Criados 2 rascunhos.
Tipo 5 (easy) — meta 12, existentes 0, faltam 12
  Gerando lote de 12...
  Criados 12 rascunhos.
Tipo 7 (medium) — meta 6, existentes 0, faltam 6
  Gerando lote de 6...
  Criados 6 rascunhos.
Tipo 12 (medium) — meta 6, existentes 0, faltam 6
  Gerando lote de 6...
  Criados 6 rascunhos.
Tipo 8 (hard) — meta 2, existentes 0, faltam 2
  Gerando lote de 2...
  Criados 2 rascunhos.
Tipo 6 (hard) — meta 2, existentes 0, faltam 2
  Gerando lote de 2...
  Criados 2 rascunhos.
Geração concluída. Aprovando rascunhos pendentes...
Concluído. 62 exercício(s) aprovado(s) na unidade 4.2.
Unidade 1.3 — nível A2
Tipo 1 (medium) — meta 6, existentes 0, faltam 6
  Gerando lote de 6...
  Criados 6 rascunhos.
Tipo 2 (hard) — meta 2, existentes 0, faltam 2
  Gerando lote de 2...
  Erro: Falha ao gerar exercícios (hard). — aguardando e tentando de novo...
  Gerando lote de 2...
  Erro: Falha ao gerar exercícios (hard). — aguardando e tentando de novo...
  Gerando lote de 2...
  Erro: Falha ao gerar exercícios (hard). — aguardando e tentando de novo...
  Gerando lote de 2...
  Criados 2 rascunhos.
Tipo 3 (hard) — meta 2, existentes 0, faltam 2
  Gerando lote de 2...
  Criados 2 rascunhos.
Tipo 4 (easy) — meta 12, existentes 0, faltam 12
  Gerando lote de 12...
  Erro: Falha ao gerar exercícios (easy). — aguardando e tentando de novo...
  Gerando lote de 12...
  Criados 12 rascunhos.
Tipo 9 (hard) — meta 2, existentes 0, faltam 2
  Gerando lote de 2...
  Criados 2 rascunhos.
Tipo 10 (hard) — meta 2, existentes 0, faltam 2
  Gerando lote de 2...
  Criados 2 rascunhos.
Tipo 13 (medium) — meta 6, existentes 0, faltam 6
  Gerando lote de 6...
  Criados 6 rascunhos.
Tipo 11 (hard) — meta 2, existentes 0, faltam 2
  Gerando lote de 2...
  Criados 2 rascunhos.
Tipo 5 (easy) — meta 12, existentes 0, faltam 12
  Gerando lote de 12...
  Criados 12 rascunhos.
Tipo 7 (medium) — meta 6, existentes 0, faltam 6
  Gerando lote de 6...
  Criados 6 rascunhos.
Tipo 12 (medium) — meta 6, existentes 0, faltam 6
  Gerando lote de 6...
  Criados 6 rascunhos.
Tipo 8 (hard) — meta 2, existentes 0, faltam 2
  Gerando lote de 2...
  Criados 2 rascunhos.
Tipo 6 (hard) — meta 2, existentes 0, faltam 2
  Gerando lote de 2...
  Criados 2 rascunhos.
Geração concluída. Aprovando rascunhos pendentes...
Concluído. 62 exercício(s) aprovado(s) na unidade 1.3.
Unidade 2.3 — nível A1
Tipo 1 (medium) — meta 6, existentes 0, faltam 6
  Gerando lote de 6...
  Criados 6 rascunhos.
Tipo 2 (hard) — meta 2, existentes 0, faltam 2
  Gerando lote de 2...
  Criados 2 rascunhos.
Tipo 3 (hard) — meta 2, existentes 0, faltam 2
  Gerando lote de 2...
  Criados 2 rascunhos.
Tipo 4 (easy) — meta 12, existentes 0, faltam 12
  Gerando lote de 12...
<anonymous_script>:1
<html>
^

SyntaxError: Unexpected token '<', "<html>
<h"... is not valid JSON
    at JSON.parse (<anonymous>)
    at parseJSONFromBytes (node:internal/deps/undici/undici:5880:19)
    at successSteps (node:internal/deps/undici/undici:5861:27)
    at fullyReadBody (node:internal/deps/undici/undici:4753:9)
    at process.processTicksAndRejections (node:internal/process/task_queues:95:5)
    at async consumeBody (node:internal/deps/undici/undici:5870:7)
    at async main (/var/www/haas-frontend-desk-mobile-oficial/automatizar-unidade.js:62:20)

Node.js v20.20.2
Unidade 4.1 — nível B2
Tipo 1 (medium) — meta 6, existentes 0, faltam 6
  Gerando lote de 6...
  Criados 6 rascunhos.
Tipo 2 (hard) — meta 2, existentes 0, faltam 2
  Gerando lote de 2...
  Erro: Falha ao gerar exercícios (hard). — aguardando e tentando de novo...
  Gerando lote de 2...
  Criados 2 rascunhos.
Tipo 3 (hard) — meta 2, existentes 0, faltam 2
  Gerando lote de 2...
  Criados 2 rascunhos.
Tipo 4 (easy) — meta 12, existentes 0, faltam 12
  Gerando lote de 12...
  Criados 12 rascunhos.
Tipo 9 (hard) — meta 2, existentes 0, faltam 2
  Gerando lote de 2...
  Criados 2 rascunhos.
Tipo 10 (hard) — meta 2, existentes 0, faltam 2
  Gerando lote de 2...
  Criados 2 rascunhos.
Tipo 13 (medium) — meta 6, existentes 0, faltam 6
  Gerando lote de 6...
  Criados 6 rascunhos.
Tipo 11 (hard) — meta 2, existentes 0, faltam 2
  Gerando lote de 2...
<anonymous_script>:1
<html>
^

SyntaxError: Unexpected token '<', "<html>
<h"... is not valid JSON
    at JSON.parse (<anonymous>)
    at parseJSONFromBytes (node:internal/deps/undici/undici:5880:19)
    at successSteps (node:internal/deps/undici/undici:5861:27)
    at fullyReadBody (node:internal/deps/undici/undici:4753:9)
    at process.processTicksAndRejections (node:internal/process/task_queues:95:5)
    at async consumeBody (node:internal/deps/undici/undici:5870:7)
    at async main (/var/www/haas-frontend-desk-mobile-oficial/automatizar-unidade.js:62:20)

Node.js v20.20.2
Unidade 4.3 — nível B2
Tipo 1 (medium) — meta 6, existentes 0, faltam 6
  Gerando lote de 6...
  Criados 6 rascunhos.
Tipo 2 (hard) — meta 2, existentes 0, faltam 2
  Gerando lote de 2...
  Criados 2 rascunhos.
Tipo 3 (hard) — meta 2, existentes 0, faltam 2
  Gerando lote de 2...
  Criados 2 rascunhos.
Tipo 4 (easy) — meta 12, existentes 0, faltam 12
  Gerando lote de 12...
  Criados 12 rascunhos.
Tipo 9 (hard) — meta 2, existentes 0, faltam 2
  Gerando lote de 2...
  Criados 2 rascunhos.
Tipo 10 (hard) — meta 2, existentes 0, faltam 2
  Gerando lote de 2...
  Criados 2 rascunhos.
Tipo 13 (medium) — meta 6, existentes 0, faltam 6
  Gerando lote de 6...
  Criados 6 rascunhos.
Tipo 11 (hard) — meta 2, existentes 0, faltam 2
  Gerando lote de 2...
  Criados 2 rascunhos.
Tipo 5 (easy) — meta 12, existentes 0, faltam 12
  Gerando lote de 12...
  Criados 12 rascunhos.
Tipo 7 (medium) — meta 6, existentes 0, faltam 6
  Gerando lote de 6...
  Criados 6 rascunhos.
Tipo 12 (medium) — meta 6, existentes 0, faltam 6
  Gerando lote de 6...
  Criados 6 rascunhos.
Tipo 8 (hard) — meta 2, existentes 0, faltam 2
  Gerando lote de 2...
  Criados 2 rascunhos.
Tipo 6 (hard) — meta 2, existentes 0, faltam 2
  Gerando lote de 2...
  Criados 2 rascunhos.
Geração concluída. Aprovando rascunhos pendentes...
Concluído. 62 exercício(s) aprovado(s) na unidade 4.3.
Unidade 1.5 — nível A2
Tipo 1 (medium) — meta 6, existentes 0, faltam 6
  Gerando lote de 6...
  Criados 6 rascunhos.
Tipo 2 (hard) — meta 2, existentes 0, faltam 2
  Gerando lote de 2...
  Criados 2 rascunhos.
Tipo 3 (hard) — meta 2, existentes 0, faltam 2
  Gerando lote de 2...
  Criados 2 rascunhos.
Tipo 4 (easy) — meta 12, existentes 0, faltam 12
  Gerando lote de 12...
  Criados 12 rascunhos.
Tipo 9 (hard) — meta 2, existentes 0, faltam 2
  Gerando lote de 2...
  Criados 2 rascunhos.
Tipo 10 (hard) — meta 2, existentes 0, faltam 2
  Gerando lote de 2...
  Criados 2 rascunhos.
Tipo 13 (medium) — meta 6, existentes 0, faltam 6
  Gerando lote de 6...
  Erro: Falha ao gerar exercícios (medium). — aguardando e tentando de novo...
  Gerando lote de 6...
  Criados 6 rascunhos.
Tipo 11 (hard) — meta 2, existentes 0, faltam 2
  Gerando lote de 2...
  Criados 2 rascunhos.
Tipo 5 (easy) — meta 12, existentes 0, faltam 12
  Gerando lote de 12...
  Criados 12 rascunhos.
Tipo 7 (medium) — meta 6, existentes 0, faltam 6
  Gerando lote de 6...
  Criados 6 rascunhos.
Tipo 12 (medium) — meta 6, existentes 0, faltam 6
  Gerando lote de 6...
  Erro: Falha ao gerar exercícios (medium). — aguardando e tentando de novo...
  Gerando lote de 6...
  Criados 6 rascunhos.
Tipo 8 (hard) — meta 2, existentes 0, faltam 2
  Gerando lote de 2...
  Criados 2 rascunhos.
Tipo 6 (hard) — meta 2, existentes 0, faltam 2
  Gerando lote de 2...
  Criados 2 rascunhos.
Geração concluída. Aprovando rascunhos pendentes...
Concluído. 62 exercício(s) aprovado(s) na unidade 1.5.
Unidade 3.4 — nível B2
Tipo 1 (medium) — meta 6, existentes 0, faltam 6
  Gerando lote de 6...
  Criados 6 rascunhos.
Tipo 2 (hard) — meta 2, existentes 0, faltam 2
  Gerando lote de 2...
  Criados 2 rascunhos.
Tipo 3 (hard) — meta 2, existentes 0, faltam 2
  Gerando lote de 2...
  Criados 2 rascunhos.
Tipo 4 (easy) — meta 12, existentes 0, faltam 12
  Gerando lote de 12...
  Criados 12 rascunhos.
Tipo 9 (hard) — meta 2, existentes 0, faltam 2
  Gerando lote de 2...
  Criados 2 rascunhos.
Tipo 10 (hard) — meta 2, existentes 0, faltam 2
  Gerando lote de 2...
  Criados 2 rascunhos.
Tipo 13 (medium) — meta 6, existentes 0, faltam 6
  Gerando lote de 6...
  Erro: Falha ao gerar exercícios (medium). — aguardando e tentando de novo...
  Gerando lote de 6...
  Erro: Falha ao gerar exercícios (medium). — aguardando e tentando de novo...
  Gerando lote de 6...
  Criados 6 rascunhos.
Tipo 11 (hard) — meta 2, existentes 0, faltam 2
  Gerando lote de 2...
  Criados 2 rascunhos.
Tipo 5 (easy) — meta 12, existentes 0, faltam 12
  Gerando lote de 12...
  Criados 12 rascunhos.
Tipo 7 (medium) — meta 6, existentes 0, faltam 6
  Gerando lote de 6...
  Criados 6 rascunhos.
Tipo 12 (medium) — meta 6, existentes 0, faltam 6
  Gerando lote de 6...
  Criados 6 rascunhos.
Tipo 8 (hard) — meta 2, existentes 0, faltam 2
  Gerando lote de 2...
  Criados 2 rascunhos.
Tipo 6 (hard) — meta 2, existentes 0, faltam 2
  Gerando lote de 2...
  Criados 2 rascunhos.
Geração concluída. Aprovando rascunhos pendentes...
Concluído. 62 exercício(s) aprovado(s) na unidade 3.4.
Unidade 1.5 — nível C1
Tipo 1 (medium) — meta 12, existentes 0, faltam 12
  Gerando lote de 12...
<anonymous_script>:1
<html>
^

SyntaxError: Unexpected token '<', "<html>
<h"... is not valid JSON
    at JSON.parse (<anonymous>)
    at parseJSONFromBytes (node:internal/deps/undici/undici:5880:19)
    at successSteps (node:internal/deps/undici/undici:5861:27)
    at fullyReadBody (node:internal/deps/undici/undici:4753:9)
    at process.processTicksAndRejections (node:internal/process/task_queues:95:5)
    at async consumeBody (node:internal/deps/undici/undici:5870:7)
    at async main (/var/www/haas-frontend-desk-mobile-oficial/automatizar-unidade.js:62:20)

Node.js v20.20.2
Unidade 2.1 — nível B2
Tipo 1 (medium) — meta 6, existentes 0, faltam 6
  Gerando lote de 6...
  Criados 6 rascunhos.
Tipo 2 (hard) — meta 2, existentes 0, faltam 2
  Gerando lote de 2...
  Criados 2 rascunhos.
Tipo 3 (hard) — meta 2, existentes 0, faltam 2
  Gerando lote de 2...
  Criados 2 rascunhos.
Tipo 4 (easy) — meta 12, existentes 0, faltam 12
  Gerando lote de 12...
  Erro: Falha ao gerar exercícios (easy). — aguardando e tentando de novo...
  Gerando lote de 12...
  Criados 12 rascunhos.
Tipo 9 (hard) — meta 2, existentes 0, faltam 2
  Gerando lote de 2...
  Criados 2 rascunhos.
Tipo 10 (hard) — meta 2, existentes 0, faltam 2
  Gerando lote de 2...
  Criados 2 rascunhos.
Tipo 13 (medium) — meta 6, existentes 0, faltam 6
  Gerando lote de 6...
  Criados 6 rascunhos.
Tipo 11 (hard) — meta 2, existentes 0, faltam 2
  Gerando lote de 2...
  Criados 2 rascunhos.
Tipo 5 (easy) — meta 12, existentes 0, faltam 12
  Gerando lote de 12...
  Criados 12 rascunhos.
Tipo 7 (medium) — meta 6, existentes 0, faltam 6
  Gerando lote de 6...
  Criados 6 rascunhos.
Tipo 12 (medium) — meta 6, existentes 0, faltam 6
  Gerando lote de 6...
  Erro: Unexpected non-whitespace character after JSON at position 7126 — aguardando e tentando de novo...
  Gerando lote de 6...
  Criados 6 rascunhos.
Tipo 8 (hard) — meta 2, existentes 0, faltam 2
  Gerando lote de 2...
  Criados 2 rascunhos.
Tipo 6 (hard) — meta 2, existentes 0, faltam 2
  Gerando lote de 2...
  Criados 2 rascunhos.
Geração concluída. Aprovando rascunhos pendentes...
Concluído. 62 exercício(s) aprovado(s) na unidade 2.1.
Unidade 2.2 — nível C1
Tipo 1 (medium) — meta 12, existentes 0, faltam 12
  Gerando lote de 12...
  Criados 12 rascunhos.
Tipo 2 (hard) — meta 3, existentes 0, faltam 3
  Gerando lote de 3...
  Criados 3 rascunhos.
Tipo 3 (hard) — meta 3, existentes 0, faltam 3
  Gerando lote de 3...
  Criados 3 rascunhos.
Tipo 4 (easy) — meta 24, existentes 0, faltam 24
  Gerando lote de 20...
  Criados 20 rascunhos.
  Gerando lote de 4...
  Criados 4 rascunhos.
Tipo 9 (hard) — meta 3, existentes 0, faltam 3
  Gerando lote de 3...
  Criados 3 rascunhos.
Tipo 10 (hard) — meta 3, existentes 0, faltam 3
  Gerando lote de 3...
  Criados 3 rascunhos.
Tipo 13 (medium) — meta 12, existentes 0, faltam 12
  Gerando lote de 12...
  Criados 12 rascunhos.
Tipo 11 (hard) — meta 3, existentes 0, faltam 3
  Gerando lote de 3...
  Criados 3 rascunhos.
Tipo 5 (easy) — meta 24, existentes 0, faltam 24
  Gerando lote de 20...
  Criados 20 rascunhos.
  Gerando lote de 4...
  Criados 4 rascunhos.
Tipo 7 (medium) — meta 12, existentes 0, faltam 12
  Gerando lote de 12...
  Criados 12 rascunhos.
Tipo 12 (medium) — meta 12, existentes 0, faltam 12
  Gerando lote de 12...
  Erro: Falha ao gerar exercícios (medium). — aguardando e tentando de novo...
  Gerando lote de 12...
  Criados 12 rascunhos.
Tipo 8 (hard) — meta 3, existentes 0, faltam 3
  Gerando lote de 3...
  Criados 3 rascunhos.
Tipo 6 (hard) — meta 3, existentes 0, faltam 3
  Gerando lote de 3...
  Criados 3 rascunhos.
Geração concluída. Aprovando rascunhos pendentes...
Concluído. 117 exercício(s) aprovado(s) na unidade 2.2.
Unidade 3.2 — nível C1
Tipo 1 (medium) — meta 12, existentes 0, faltam 12
  Gerando lote de 12...
  Criados 12 rascunhos.
Tipo 2 (hard) — meta 3, existentes 0, faltam 3
  Gerando lote de 3...
  Criados 3 rascunhos.
Tipo 3 (hard) — meta 3, existentes 0, faltam 3
  Gerando lote de 3...
  Criados 3 rascunhos.
Tipo 4 (easy) — meta 24, existentes 0, faltam 24
  Gerando lote de 20...
  Criados 20 rascunhos.
  Gerando lote de 4...
  Criados 4 rascunhos.
Tipo 9 (hard) — meta 3, existentes 0, faltam 3
  Gerando lote de 3...
  Criados 3 rascunhos.
Tipo 10 (hard) — meta 3, existentes 0, faltam 3
  Gerando lote de 3...
  Criados 3 rascunhos.
Tipo 13 (medium) — meta 12, existentes 0, faltam 12
  Gerando lote de 12...
  Criados 12 rascunhos.
Tipo 11 (hard) — meta 3, existentes 0, faltam 3
  Gerando lote de 3...
  Criados 3 rascunhos.
Tipo 5 (easy) — meta 24, existentes 0, faltam 24
  Gerando lote de 20...
  Criados 20 rascunhos.
  Gerando lote de 4...
  Criados 4 rascunhos.
Tipo 7 (medium) — meta 12, existentes 0, faltam 12
  Gerando lote de 12...
  Criados 12 rascunhos.
Tipo 12 (medium) — meta 12, existentes 0, faltam 12
  Gerando lote de 12...
  Criados 12 rascunhos.
Tipo 8 (hard) — meta 3, existentes 0, faltam 3
  Gerando lote de 3...
  Criados 3 rascunhos.
Tipo 6 (hard) — meta 3, existentes 0, faltam 3
  Gerando lote de 3...
  Criados 3 rascunhos.
Geração concluída. Aprovando rascunhos pendentes...
Concluído. 117 exercício(s) aprovado(s) na unidade 3.2.
Unidade 2.3 — nível C1
Tipo 1 (medium) — meta 12, existentes 0, faltam 12
  Gerando lote de 12...
  Criados 12 rascunhos.
Tipo 2 (hard) — meta 3, existentes 0, faltam 3
  Gerando lote de 3...
<anonymous_script>:1
<html>
^

SyntaxError: Unexpected token '<', "<html>
<h"... is not valid JSON
    at JSON.parse (<anonymous>)
    at parseJSONFromBytes (node:internal/deps/undici/undici:5880:19)
    at successSteps (node:internal/deps/undici/undici:5861:27)
    at fullyReadBody (node:internal/deps/undici/undici:4753:9)
    at process.processTicksAndRejections (node:internal/process/task_queues:95:5)
    at async consumeBody (node:internal/deps/undici/undici:5870:7)
    at async main (/var/www/haas-frontend-desk-mobile-oficial/automatizar-unidade.js:62:20)

Node.js v20.20.2
Unidade 3.5 — nível C1
Tipo 1 (medium) — meta 12, existentes 0, faltam 12
  Gerando lote de 12...
  Criados 12 rascunhos.
Tipo 2 (hard) — meta 3, existentes 0, faltam 3
  Gerando lote de 3...
  Criados 3 rascunhos.
Tipo 3 (hard) — meta 3, existentes 0, faltam 3
  Gerando lote de 3...
  Criados 3 rascunhos.
Tipo 4 (easy) — meta 24, existentes 0, faltam 24
  Gerando lote de 20...
  Criados 20 rascunhos.
  Gerando lote de 4...
  Criados 4 rascunhos.
Tipo 9 (hard) — meta 3, existentes 0, faltam 3
  Gerando lote de 3...
  Criados 3 rascunhos.
Tipo 10 (hard) — meta 3, existentes 0, faltam 3
  Gerando lote de 3...
  Criados 3 rascunhos.
Tipo 13 (medium) — meta 12, existentes 0, faltam 12
  Gerando lote de 12...
  Criados 12 rascunhos.
Tipo 11 (hard) — meta 3, existentes 0, faltam 3
  Gerando lote de 3...
  Criados 3 rascunhos.
Tipo 5 (easy) — meta 24, existentes 0, faltam 24
  Gerando lote de 20...
  Criados 20 rascunhos.
  Gerando lote de 4...
  Criados 4 rascunhos.
Tipo 7 (medium) — meta 12, existentes 0, faltam 12
  Gerando lote de 12...
<anonymous_script>:1
<html>
^

SyntaxError: Unexpected token '<', "<html>
<h"... is not valid JSON
    at JSON.parse (<anonymous>)
    at parseJSONFromBytes (node:internal/deps/undici/undici:5880:19)
    at successSteps (node:internal/deps/undici/undici:5861:27)
    at fullyReadBody (node:internal/deps/undici/undici:4753:9)
    at process.processTicksAndRejections (node:internal/process/task_queues:95:5)
    at async consumeBody (node:internal/deps/undici/undici:5870:7)
    at async main (/var/www/haas-frontend-desk-mobile-oficial/automatizar-unidade.js:62:20)

Node.js v20.20.2
Unidade 3.1 — nível A2
Tipo 1 (medium) — meta 6, existentes 0, faltam 6
  Gerando lote de 6...
  Criados 6 rascunhos.
Tipo 2 (hard) — meta 2, existentes 0, faltam 2
  Gerando lote de 2...
  Criados 2 rascunhos.
Tipo 3 (hard) — meta 2, existentes 0, faltam 2
  Gerando lote de 2...
  Criados 2 rascunhos.
Tipo 4 (easy) — meta 12, existentes 0, faltam 12
  Gerando lote de 12...
  Criados 12 rascunhos.
Tipo 9 (hard) — meta 2, existentes 0, faltam 2
  Gerando lote de 2...
  Criados 2 rascunhos.
Tipo 10 (hard) — meta 2, existentes 0, faltam 2
  Gerando lote de 2...
  Criados 2 rascunhos.
Tipo 13 (medium) — meta 6, existentes 0, faltam 6
  Gerando lote de 6...
  Criados 6 rascunhos.
Tipo 11 (hard) — meta 2, existentes 0, faltam 2
  Gerando lote de 2...
  Criados 2 rascunhos.
Tipo 5 (easy) — meta 12, existentes 0, faltam 12
  Gerando lote de 12...
  Criados 12 rascunhos.
Tipo 7 (medium) — meta 6, existentes 0, faltam 6
  Gerando lote de 6...
  Criados 6 rascunhos.
Tipo 12 (medium) — meta 6, existentes 0, faltam 6
  Gerando lote de 6...
  Criados 6 rascunhos.
Tipo 8 (hard) — meta 2, existentes 0, faltam 2
  Gerando lote de 2...
  Criados 2 rascunhos.
Tipo 6 (hard) — meta 2, existentes 0, faltam 2
  Gerando lote de 2...
  Criados 2 rascunhos.
Geração concluída. Aprovando rascunhos pendentes...
Concluído. 62 exercício(s) aprovado(s) na unidade 3.1.
Unidade 3.5 — nível B2
Tipo 1 (medium) — meta 6, existentes 0, faltam 6
  Gerando lote de 6...
  Criados 6 rascunhos.
Tipo 2 (hard) — meta 2, existentes 0, faltam 2
  Gerando lote de 2...
  Criados 2 rascunhos.
Tipo 3 (hard) — meta 2, existentes 0, faltam 2
  Gerando lote de 2...
  Criados 2 rascunhos.
Tipo 4 (easy) — meta 12, existentes 0, faltam 12
  Gerando lote de 12...
  Criados 12 rascunhos.
Tipo 9 (hard) — meta 2, existentes 0, faltam 2
  Gerando lote de 2...
  Criados 2 rascunhos.
Tipo 10 (hard) — meta 2, existentes 0, faltam 2
  Gerando lote de 2...
  Criados 2 rascunhos.
Tipo 13 (medium) — meta 6, existentes 0, faltam 6
  Gerando lote de 6...
  Criados 6 rascunhos.
Tipo 11 (hard) — meta 2, existentes 0, faltam 2
  Gerando lote de 2...
  Criados 2 rascunhos.
Tipo 5 (easy) — meta 12, existentes 0, faltam 12
  Gerando lote de 12...
  Criados 12 rascunhos.
Tipo 7 (medium) — meta 6, existentes 0, faltam 6
  Gerando lote de 6...
  Criados 6 rascunhos.
Tipo 12 (medium) — meta 6, existentes 0, faltam 6
  Gerando lote de 6...
  Criados 6 rascunhos.
Tipo 8 (hard) — meta 2, existentes 0, faltam 2
  Gerando lote de 2...
  Criados 2 rascunhos.
Tipo 6 (hard) — meta 2, existentes 0, faltam 2
  Gerando lote de 2...
  Criados 2 rascunhos.
Geração concluída. Aprovando rascunhos pendentes...
Concluído. 62 exercício(s) aprovado(s) na unidade 3.5.
Unidade 1.3 — nível C1
Tipo 1 (medium) — meta 12, existentes 0, faltam 12
  Gerando lote de 12...
<anonymous_script>:1
<html>
^

SyntaxError: Unexpected token '<', "<html>
<h"... is not valid JSON
    at JSON.parse (<anonymous>)
    at parseJSONFromBytes (node:internal/deps/undici/undici:5880:19)
    at successSteps (node:internal/deps/undici/undici:5861:27)
    at fullyReadBody (node:internal/deps/undici/undici:4753:9)
    at process.processTicksAndRejections (node:internal/process/task_queues:95:5)
    at async consumeBody (node:internal/deps/undici/undici:5870:7)
    at async main (/var/www/haas-frontend-desk-mobile-oficial/automatizar-unidade.js:62:20)

Node.js v20.20.2
Unidade 4.4 — nível C1
Tipo 1 (medium) — meta 12, existentes 0, faltam 12
  Gerando lote de 12...
  Criados 12 rascunhos.
Tipo 2 (hard) — meta 3, existentes 0, faltam 3
  Gerando lote de 3...
  Criados 3 rascunhos.
Tipo 3 (hard) — meta 3, existentes 0, faltam 3
  Gerando lote de 3...
  Criados 3 rascunhos.
Tipo 4 (easy) — meta 24, existentes 0, faltam 24
  Gerando lote de 20...
  Criados 20 rascunhos.
  Gerando lote de 4...
  Criados 4 rascunhos.
Tipo 9 (hard) — meta 3, existentes 0, faltam 3
  Gerando lote de 3...
  Criados 3 rascunhos.
Tipo 10 (hard) — meta 3, existentes 0, faltam 3
  Gerando lote de 3...
  Criados 3 rascunhos.
Tipo 13 (medium) — meta 12, existentes 0, faltam 12
  Gerando lote de 12...
  Criados 12 rascunhos.
Tipo 11 (hard) — meta 3, existentes 0, faltam 3
  Gerando lote de 3...
  Criados 3 rascunhos.
Tipo 5 (easy) — meta 24, existentes 0, faltam 24
  Gerando lote de 20...
  Criados 20 rascunhos.
  Gerando lote de 4...
  Criados 4 rascunhos.
Tipo 7 (medium) — meta 12, existentes 0, faltam 12
  Gerando lote de 12...
  Criados 12 rascunhos.
Tipo 12 (medium) — meta 12, existentes 0, faltam 12
  Gerando lote de 12...
  Criados 12 rascunhos.
Tipo 8 (hard) — meta 3, existentes 0, faltam 3
  Gerando lote de 3...
  Erro: Falha ao gerar exercícios (hard). — aguardando e tentando de novo...
  Gerando lote de 3...
  Erro: Falha ao gerar exercícios (hard). — aguardando e tentando de novo...
  Gerando lote de 3...
  Criados 3 rascunhos.
Tipo 6 (hard) — meta 3, existentes 0, faltam 3
  Gerando lote de 3...
  Criados 3 rascunhos.
Geração concluída. Aprovando rascunhos pendentes...
Concluído. 117 exercício(s) aprovado(s) na unidade 4.4.
Unidade 4.1 — nível C1
Tipo 1 (medium) — meta 12, existentes 0, faltam 12
  Gerando lote de 12...
  Criados 12 rascunhos.
Tipo 2 (hard) — meta 3, existentes 0, faltam 3
  Gerando lote de 3...
  Criados 3 rascunhos.
Tipo 3 (hard) — meta 3, existentes 0, faltam 3
  Gerando lote de 3...
  Criados 3 rascunhos.
Tipo 4 (easy) — meta 24, existentes 0, faltam 24
  Gerando lote de 20...
  Criados 20 rascunhos.
  Gerando lote de 4...
  Criados 4 rascunhos.
Tipo 9 (hard) — meta 3, existentes 0, faltam 3
  Gerando lote de 3...
  Criados 3 rascunhos.
Tipo 10 (hard) — meta 3, existentes 0, faltam 3
  Gerando lote de 3...
  Criados 3 rascunhos.
Tipo 13 (medium) — meta 12, existentes 0, faltam 12
  Gerando lote de 12...
  Criados 12 rascunhos.
Tipo 11 (hard) — meta 3, existentes 0, faltam 3
  Gerando lote de 3...
  Criados 3 rascunhos.
Tipo 5 (easy) — meta 24, existentes 0, faltam 24
  Gerando lote de 20...
  Criados 20 rascunhos.
  Gerando lote de 4...
  Erro: Expected double-quoted property name in JSON at position 651 — aguardando e tentando de novo...
  Gerando lote de 4...
  Criados 4 rascunhos.
Tipo 7 (medium) — meta 12, existentes 0, faltam 12
  Gerando lote de 12...
  Criados 12 rascunhos.
Tipo 12 (medium) — meta 12, existentes 0, faltam 12
  Gerando lote de 12...
  Criados 12 rascunhos.
Tipo 8 (hard) — meta 3, existentes 0, faltam 3
  Gerando lote de 3...
  Criados 3 rascunhos.
Tipo 6 (hard) — meta 3, existentes 0, faltam 3
  Gerando lote de 3...
  Criados 3 rascunhos.
Geração concluída. Aprovando rascunhos pendentes...
Concluído. 117 exercício(s) aprovado(s) na unidade 4.1.
Unidade 2.5 — nível A1
Tipo 1 (medium) — meta 6, existentes 0, faltam 6
  Gerando lote de 6...
  Criados 6 rascunhos.
Tipo 2 (hard) — meta 2, existentes 0, faltam 2
  Gerando lote de 2...
  Criados 2 rascunhos.
Tipo 3 (hard) — meta 2, existentes 0, faltam 2
  Gerando lote de 2...
  Criados 2 rascunhos.
Tipo 4 (easy) — meta 12, existentes 0, faltam 12
  Gerando lote de 12...
  Criados 12 rascunhos.
Tipo 9 (hard) — meta 2, existentes 0, faltam 2
  Gerando lote de 2...
  Criados 2 rascunhos.
Tipo 10 (hard) — meta 2, existentes 0, faltam 2
  Gerando lote de 2...
  Criados 2 rascunhos.
Tipo 13 (medium) — meta 6, existentes 0, faltam 6
  Gerando lote de 6...
  Criados 6 rascunhos.
Tipo 11 (hard) — meta 2, existentes 0, faltam 2
  Gerando lote de 2...
  Criados 2 rascunhos.
Tipo 5 (easy) — meta 12, existentes 0, faltam 12
  Gerando lote de 12...
  Criados 12 rascunhos.
Tipo 7 (medium) — meta 6, existentes 0, faltam 6
  Gerando lote de 6...
  Criados 6 rascunhos.
Tipo 12 (medium) — meta 6, existentes 0, faltam 6
  Gerando lote de 6...
  Criados 6 rascunhos.
Tipo 8 (hard) — meta 2, existentes 0, faltam 2
  Gerando lote de 2...
  Criados 2 rascunhos.
Tipo 6 (hard) — meta 2, existentes 0, faltam 2
  Gerando lote de 2...
  Criados 2 rascunhos.
Geração concluída. Aprovando rascunhos pendentes...
Concluído. 62 exercício(s) aprovado(s) na unidade 2.5.
Unidade 3.4 — nível C1
Tipo 1 (medium) — meta 12, existentes 0, faltam 12
  Gerando lote de 12...
  Criados 12 rascunhos.
Tipo 2 (hard) — meta 3, existentes 0, faltam 3
  Gerando lote de 3...
  Criados 3 rascunhos.
Tipo 3 (hard) — meta 3, existentes 0, faltam 3
  Gerando lote de 3...
  Criados 3 rascunhos.
Tipo 4 (easy) — meta 24, existentes 0, faltam 24
  Gerando lote de 20...
  Criados 20 rascunhos.
  Gerando lote de 4...
  Erro: Falha ao gerar exercícios (easy). — aguardando e tentando de novo...
  Gerando lote de 4...
  Criados 4 rascunhos.
Tipo 9 (hard) — meta 3, existentes 0, faltam 3
  Gerando lote de 3...
  Erro: Falha ao gerar exercícios (hard). — aguardando e tentando de novo...
  Gerando lote de 3...
  Criados 3 rascunhos.
Tipo 10 (hard) — meta 3, existentes 0, faltam 3
  Gerando lote de 3...
  Criados 3 rascunhos.
Tipo 13 (medium) — meta 12, existentes 0, faltam 12
  Gerando lote de 12...
  Erro: Falha ao gerar exercícios (medium). — aguardando e tentando de novo...
  Gerando lote de 12...
  Criados 12 rascunhos.
Tipo 11 (hard) — meta 3, existentes 0, faltam 3
  Gerando lote de 3...
  Criados 3 rascunhos.
Tipo 5 (easy) — meta 24, existentes 0, faltam 24
  Gerando lote de 20...
  Criados 20 rascunhos.
  Gerando lote de 4...
  Criados 4 rascunhos.
Tipo 7 (medium) — meta 12, existentes 0, faltam 12
  Gerando lote de 12...
  Criados 12 rascunhos.
Tipo 12 (medium) — meta 12, existentes 0, faltam 12
  Gerando lote de 12...
  Criados 12 rascunhos.
Tipo 8 (hard) — meta 3, existentes 0, faltam 3
  Gerando lote de 3...
  Criados 3 rascunhos.
Tipo 6 (hard) — meta 3, existentes 0, faltam 3
  Gerando lote de 3...
  Criados 3 rascunhos.
Geração concluída. Aprovando rascunhos pendentes...
Concluído. 117 exercício(s) aprovado(s) na unidade 3.4.
Unidade 4.3 — nível C1
Tipo 1 (medium) — meta 12, existentes 0, faltam 12
  Gerando lote de 12...
  Criados 12 rascunhos.
Tipo 2 (hard) — meta 3, existentes 0, faltam 3
  Gerando lote de 3...
  Criados 3 rascunhos.
Tipo 3 (hard) — meta 3, existentes 0, faltam 3
  Gerando lote de 3...
  Criados 3 rascunhos.
Tipo 4 (easy) — meta 24, existentes 0, faltam 24
  Gerando lote de 20...
  Criados 20 rascunhos.
  Gerando lote de 4...
  Criados 4 rascunhos.
Tipo 9 (hard) — meta 3, existentes 0, faltam 3
  Gerando lote de 3...
  Criados 3 rascunhos.
Tipo 10 (hard) — meta 3, existentes 0, faltam 3
  Gerando lote de 3...
  Criados 3 rascunhos.
Tipo 13 (medium) — meta 12, existentes 0, faltam 12
  Gerando lote de 12...
  Criados 12 rascunhos.
Tipo 11 (hard) — meta 3, existentes 0, faltam 3
  Gerando lote de 3...
  Criados 3 rascunhos.
Tipo 5 (easy) — meta 24, existentes 0, faltam 24
  Gerando lote de 20...
  Criados 20 rascunhos.
  Gerando lote de 4...
  Criados 4 rascunhos.
Tipo 7 (medium) — meta 12, existentes 0, faltam 12
  Gerando lote de 12...
  Criados 12 rascunhos.
Tipo 12 (medium) — meta 12, existentes 0, faltam 12
  Gerando lote de 12...
  Criados 12 rascunhos.
Tipo 8 (hard) — meta 3, existentes 0, faltam 3
  Gerando lote de 3...
  Criados 3 rascunhos.
Tipo 6 (hard) — meta 3, existentes 0, faltam 3
  Gerando lote de 3...
  Criados 3 rascunhos.
Geração concluída. Aprovando rascunhos pendentes...
Concluído. 117 exercício(s) aprovado(s) na unidade 4.3.
Unidade 1.5 — nível B1
Tipo 1 (medium) — meta 6, existentes 0, faltam 6
  Gerando lote de 6...
  Criados 6 rascunhos.
Tipo 2 (hard) — meta 2, existentes 0, faltam 2
  Gerando lote de 2...
  Criados 2 rascunhos.
Tipo 3 (hard) — meta 2, existentes 0, faltam 2
  Gerando lote de 2...
  Criados 2 rascunhos.
Tipo 4 (easy) — meta 12, existentes 0, faltam 12
  Gerando lote de 12...
  Criados 12 rascunhos.
Tipo 9 (hard) — meta 2, existentes 0, faltam 2
  Gerando lote de 2...
  Criados 2 rascunhos.
Tipo 10 (hard) — meta 2, existentes 0, faltam 2
  Gerando lote de 2...
  Criados 2 rascunhos.
Tipo 13 (medium) — meta 6, existentes 0, faltam 6
  Gerando lote de 6...
  Criados 6 rascunhos.
Tipo 11 (hard) — meta 2, existentes 0, faltam 2
  Gerando lote de 2...
  Criados 2 rascunhos.
Tipo 5 (easy) — meta 12, existentes 0, faltam 12
  Gerando lote de 12...
  Erro: Falha ao gerar exercícios (easy). — aguardando e tentando de novo...
  Gerando lote de 12...
  Erro: Falha ao gerar exercícios (easy). — aguardando e tentando de novo...
  Gerando lote de 12...
  Erro: Falha ao gerar exercícios (easy). — aguardando e tentando de novo...
  Gerando lote de 12...
  Erro: Falha ao gerar exercícios (easy). — aguardando e tentando de novo...
  Gerando lote de 12...
  Criados 12 rascunhos.
Tipo 7 (medium) — meta 6, existentes 0, faltam 6
  Gerando lote de 6...
  Erro: Falha ao gerar exercícios (medium). — aguardando e tentando de novo...
  Gerando lote de 6...
  Erro: Falha ao gerar exercícios (medium). — aguardando e tentando de novo...
  Gerando lote de 6...
  Erro: Falha ao gerar exercícios (medium). — aguardando e tentando de novo...
  Gerando lote de 6...
  Criados 6 rascunhos.
Tipo 12 (medium) — meta 6, existentes 0, faltam 6
  Gerando lote de 6...
  Criados 6 rascunhos.
Tipo 8 (hard) — meta 2, existentes 0, faltam 2
  Gerando lote de 2...
  Criados 2 rascunhos.
Tipo 6 (hard) — meta 2, existentes 0, faltam 2
  Gerando lote de 2...
  Erro: Falha ao gerar exercícios (hard). — aguardando e tentando de novo...
  Gerando lote de 2...
  Erro: Falha ao gerar exercícios (hard). — aguardando e tentando de novo...
  Gerando lote de 2...
  Criados 2 rascunhos.
Geração concluída. Aprovando rascunhos pendentes...
Concluído. 62 exercício(s) aprovado(s) na unidade 1.5.
Unidade 1.6 — nível B2
Tipo 1 (medium) — meta 6, existentes 0, faltam 6
  Gerando lote de 6...
  Erro: Falha ao gerar exercícios (medium). — aguardando e tentando de novo...
  Gerando lote de 6...
  Erro: Falha ao gerar exercícios (medium). — aguardando e tentando de novo...
  Gerando lote de 6...
  Erro: Falha ao gerar exercícios (medium). — aguardando e tentando de novo...
  Gerando lote de 6...
  Erro: Falha ao gerar exercícios (medium). — aguardando e tentando de novo...
  Gerando lote de 6...
  Erro: Falha ao gerar exercícios (medium). — aguardando e tentando de novo...
  Gerando lote de 6...
  Erro: Falha ao gerar exercícios (medium). — aguardando e tentando de novo...
  Gerando lote de 6...
  Criados 6 rascunhos.
Tipo 2 (hard) — meta 2, existentes 0, faltam 2
  Gerando lote de 2...
  Erro: Falha ao gerar exercícios (hard). — aguardando e tentando de novo...
  Gerando lote de 2...
  Erro: Falha ao gerar exercícios (hard). — aguardando e tentando de novo...
  Gerando lote de 2...
  Erro: Falha ao gerar exercícios (hard). — aguardando e tentando de novo...
  Gerando lote de 2...
  Criados 2 rascunhos.
Tipo 3 (hard) — meta 2, existentes 0, faltam 2
  Gerando lote de 2...
  Criados 2 rascunhos.
Tipo 4 (easy) — meta 12, existentes 0, faltam 12
  Gerando lote de 12...
  Criados 12 rascunhos.
Tipo 9 (hard) — meta 2, existentes 0, faltam 2
  Gerando lote de 2...
  Criados 2 rascunhos.
Tipo 10 (hard) — meta 2, existentes 0, faltam 2
  Gerando lote de 2...
  Criados 2 rascunhos.
Tipo 13 (medium) — meta 6, existentes 0, faltam 6
  Gerando lote de 6...
  Erro: Falha ao gerar exercícios (medium). — aguardando e tentando de novo...
  Gerando lote de 6...
  Erro: Falha ao gerar exercícios (medium). — aguardando e tentando de novo...
  Gerando lote de 6...
  Criados 6 rascunhos.
Tipo 11 (hard) — meta 2, existentes 0, faltam 2
  Gerando lote de 2...
  Erro: Falha ao gerar exercícios (hard). — aguardando e tentando de novo...
  Gerando lote de 2...
  Criados 2 rascunhos.
Tipo 5 (easy) — meta 12, existentes 0, faltam 12
  Gerando lote de 12...
  Criados 12 rascunhos.
Tipo 7 (medium) — meta 6, existentes 0, faltam 6
  Gerando lote de 6...
  Criados 6 rascunhos.
Tipo 12 (medium) — meta 6, existentes 0, faltam 6
  Gerando lote de 6...
  Criados 6 rascunhos.
Tipo 8 (hard) — meta 2, existentes 0, faltam 2
  Gerando lote de 2...
  Criados 2 rascunhos.
Tipo 6 (hard) — meta 2, existentes 0, faltam 2
  Gerando lote de 2...
<anonymous_script>:1
<html>
^

SyntaxError: Unexpected token '<', "<html>
<h"... is not valid JSON
    at JSON.parse (<anonymous>)
    at parseJSONFromBytes (node:internal/deps/undici/undici:5880:19)
    at successSteps (node:internal/deps/undici/undici:5861:27)
    at fullyReadBody (node:internal/deps/undici/undici:4753:9)
    at process.processTicksAndRejections (node:internal/process/task_queues:95:5)
    at async consumeBody (node:internal/deps/undici/undici:5870:7)
    at async main (/var/www/haas-frontend-desk-mobile-oficial/automatizar-unidade.js:62:20)

Node.js v20.20.2
Unidade 2.4 — nível C1
Tipo 1 (medium) — meta 9, existentes 0, faltam 9
  Gerando lote de 9...
  Erro: Falha ao gerar exercícios (medium). — aguardando e tentando de novo...
  Gerando lote de 9...
  Criados 9 rascunhos.
Tipo 2 (hard) — meta 3, existentes 0, faltam 3
  Gerando lote de 3...
  Erro: Falha ao gerar exercícios (hard). — aguardando e tentando de novo...
  Gerando lote de 3...
  Erro: Falha ao gerar exercícios (hard). — aguardando e tentando de novo...
  Gerando lote de 3...
  Erro: Falha ao gerar exercícios (hard). — aguardando e tentando de novo...
  Gerando lote de 3...
  Criados 3 rascunhos.
Tipo 3 (hard) — meta 3, existentes 0, faltam 3
  Gerando lote de 3...
  Erro: Falha ao gerar exercícios (hard). — aguardando e tentando de novo...
  Gerando lote de 3...
  Erro: Falha ao gerar exercícios (hard). — aguardando e tentando de novo...
  Gerando lote de 3...
  Erro: Falha ao gerar exercícios (hard). — aguardando e tentando de novo...
  Gerando lote de 3...
  Erro: Falha ao gerar exercícios (hard). — aguardando e tentando de novo...
  Gerando lote de 3...
  Erro: Falha ao gerar exercícios (hard). — aguardando e tentando de novo...
  Gerando lote de 3...
  Erro: Falha ao gerar exercícios (hard). — aguardando e tentando de novo...
  Gerando lote de 3...
  Criados 3 rascunhos.
Tipo 4 (easy) — meta 18, existentes 0, faltam 18
  Gerando lote de 18...
  Erro: Falha ao gerar exercícios (easy). — aguardando e tentando de novo...
  Gerando lote de 18...
  Erro: Falha ao gerar exercícios (easy). — aguardando e tentando de novo...
  Gerando lote de 18...
  Criados 18 rascunhos.
Tipo 9 (hard) — meta 3, existentes 0, faltam 3
  Gerando lote de 3...
  Criados 3 rascunhos.
Tipo 10 (hard) — meta 3, existentes 0, faltam 3
  Gerando lote de 3...
  Criados 3 rascunhos.
Tipo 13 (medium) — meta 9, existentes 0, faltam 9
  Gerando lote de 9...
  Criados 9 rascunhos.
Tipo 11 (hard) — meta 3, existentes 0, faltam 3
  Gerando lote de 3...
  Criados 3 rascunhos.
Tipo 5 (easy) — meta 18, existentes 0, faltam 18
  Gerando lote de 18...
  Erro: Falha ao gerar exercícios (easy). — aguardando e tentando de novo...
  Gerando lote de 18...
  Criados 18 rascunhos.
Tipo 7 (medium) — meta 9, existentes 0, faltam 9
  Gerando lote de 9...
  Criados 9 rascunhos.
Tipo 12 (medium) — meta 9, existentes 0, faltam 9
  Gerando lote de 9...
  Criados 9 rascunhos.
Tipo 8 (hard) — meta 3, existentes 0, faltam 3
  Gerando lote de 3...
  Criados 3 rascunhos.
Tipo 6 (hard) — meta 3, existentes 0, faltam 3
  Gerando lote de 3...
  Criados 3 rascunhos.
Geração concluída. Aprovando rascunhos pendentes...
Concluído. 93 exercício(s) aprovado(s) na unidade 2.4.
Unidade 3.1 — nível C1
Tipo 1 (medium) — meta 9, existentes 0, faltam 9
  Gerando lote de 9...
  Criados 9 rascunhos.
Tipo 2 (hard) — meta 3, existentes 0, faltam 3
  Gerando lote de 3...
  Criados 3 rascunhos.
Tipo 3 (hard) — meta 3, existentes 0, faltam 3
  Gerando lote de 3...
  Criados 3 rascunhos.
Tipo 4 (easy) — meta 18, existentes 0, faltam 18
  Gerando lote de 18...
  Criados 18 rascunhos.
Tipo 9 (hard) — meta 3, existentes 0, faltam 3
  Gerando lote de 3...
  Erro: Falha ao gerar exercícios (hard). — aguardando e tentando de novo...
  Gerando lote de 3...
  Criados 3 rascunhos.
Tipo 10 (hard) — meta 3, existentes 0, faltam 3
  Gerando lote de 3...
  Erro: Falha ao gerar exercícios (hard). — aguardando e tentando de novo...
  Gerando lote de 3...
  Criados 3 rascunhos.
Tipo 13 (medium) — meta 9, existentes 0, faltam 9
  Gerando lote de 9...
  Criados 9 rascunhos.
Tipo 11 (hard) — meta 3, existentes 0, faltam 3
  Gerando lote de 3...
  Criados 3 rascunhos.
Tipo 5 (easy) — meta 18, existentes 0, faltam 18
  Gerando lote de 18...
  Criados 18 rascunhos.
Tipo 7 (medium) — meta 9, existentes 0, faltam 9
  Gerando lote de 9...
  Criados 9 rascunhos.
Tipo 12 (medium) — meta 9, existentes 0, faltam 9
  Gerando lote de 9...
<anonymous_script>:1
<html>
^

SyntaxError: Unexpected token '<', "<html>
<h"... is not valid JSON
    at JSON.parse (<anonymous>)
    at parseJSONFromBytes (node:internal/deps/undici/undici:5880:19)
    at successSteps (node:internal/deps/undici/undici:5861:27)
    at fullyReadBody (node:internal/deps/undici/undici:4753:9)
    at process.processTicksAndRejections (node:internal/process/task_queues:95:5)
    at async consumeBody (node:internal/deps/undici/undici:5870:7)
    at async main (/var/www/haas-frontend-desk-mobile-oficial/automatizar-unidade.js:62:20)

Node.js v20.20.2
Unidade 1.8 — nível A1
Tipo 1 (medium) — meta 6, existentes 0, faltam 6
  Gerando lote de 6...
  Criados 6 rascunhos.
Tipo 2 (hard) — meta 2, existentes 0, faltam 2
  Gerando lote de 2...
  Criados 2 rascunhos.
Tipo 3 (hard) — meta 2, existentes 0, faltam 2
  Gerando lote de 2...
  Criados 2 rascunhos.
Tipo 4 (easy) — meta 12, existentes 0, faltam 12
  Gerando lote de 12...
  Criados 12 rascunhos.
Tipo 9 (hard) — meta 2, existentes 0, faltam 2
  Gerando lote de 2...
  Criados 2 rascunhos.
Tipo 10 (hard) — meta 2, existentes 0, faltam 2
  Gerando lote de 2...
  Criados 2 rascunhos.
Tipo 13 (medium) — meta 6, existentes 0, faltam 6
  Gerando lote de 6...
  Criados 6 rascunhos.
Tipo 11 (hard) — meta 2, existentes 0, faltam 2
  Gerando lote de 2...
  Criados 2 rascunhos.
Tipo 5 (easy) — meta 12, existentes 0, faltam 12
  Gerando lote de 12...
  Criados 12 rascunhos.
Tipo 7 (medium) — meta 6, existentes 0, faltam 6
  Gerando lote de 6...
  Criados 6 rascunhos.
Tipo 12 (medium) — meta 6, existentes 0, faltam 6
  Gerando lote de 6...
<anonymous_script>:1
<html>
^

SyntaxError: Unexpected token '<', "<html>
<h"... is not valid JSON
    at JSON.parse (<anonymous>)
    at parseJSONFromBytes (node:internal/deps/undici/undici:5880:19)
    at successSteps (node:internal/deps/undici/undici:5861:27)
    at fullyReadBody (node:internal/deps/undici/undici:4753:9)
    at process.processTicksAndRejections (node:internal/process/task_queues:95:5)
    at async consumeBody (node:internal/deps/undici/undici:5870:7)
    at async main (/var/www/haas-frontend-desk-mobile-oficial/automatizar-unidade.js:62:20)

Node.js v20.20.2
Unidade 3.4 — nível A2
Tipo 1 (medium) — meta 6, existentes 0, faltam 6
  Gerando lote de 6...
  Criados 6 rascunhos.
Tipo 2 (hard) — meta 2, existentes 0, faltam 2
  Gerando lote de 2...
  Criados 2 rascunhos.
Tipo 3 (hard) — meta 2, existentes 0, faltam 2
  Gerando lote de 2...
  Criados 2 rascunhos.
Tipo 4 (easy) — meta 12, existentes 0, faltam 12
  Gerando lote de 12...
  Criados 12 rascunhos.
Tipo 9 (hard) — meta 2, existentes 0, faltam 2
  Gerando lote de 2...
  Criados 2 rascunhos.
Tipo 10 (hard) — meta 2, existentes 0, faltam 2
  Gerando lote de 2...
  Criados 2 rascunhos.
Tipo 13 (medium) — meta 6, existentes 0, faltam 6
  Gerando lote de 6...
  Criados 6 rascunhos.
Tipo 11 (hard) — meta 2, existentes 0, faltam 2
  Gerando lote de 2...
  Criados 2 rascunhos.
Tipo 5 (easy) — meta 12, existentes 0, faltam 12
  Gerando lote de 12...
  Criados 12 rascunhos.
Tipo 7 (medium) — meta 6, existentes 0, faltam 6
  Gerando lote de 6...
  Criados 6 rascunhos.
Tipo 12 (medium) — meta 6, existentes 0, faltam 6
  Gerando lote de 6...
  Criados 6 rascunhos.
Tipo 8 (hard) — meta 2, existentes 0, faltam 2
  Gerando lote de 2...
  Criados 2 rascunhos.
Tipo 6 (hard) — meta 2, existentes 0, faltam 2
  Gerando lote de 2...
  Criados 2 rascunhos.
Geração concluída. Aprovando rascunhos pendentes...
Concluído. 62 exercício(s) aprovado(s) na unidade 3.4.
Unidade 4.2 — nível C1
Tipo 1 (medium) — meta 9, existentes 0, faltam 9
  Gerando lote de 9...
  Criados 9 rascunhos.
Tipo 2 (hard) — meta 3, existentes 0, faltam 3
  Gerando lote de 3...
  Criados 3 rascunhos.
Tipo 3 (hard) — meta 3, existentes 0, faltam 3
  Gerando lote de 3...
