nohup: ignoring input
Total de units encontradas: 108


[1/108] === Unidade 1.1 - ¿Qué Hiciste Ayer? — Verbos Regulares en -AR (33feade1-361c-4da1-aa0e-dbe4efcd8ef1) ===
Unidade 1.1 — nível A2
Tipo 1 (medium) — meta 6, existentes 6, faltam 0
Tipo 2 (hard) — meta 2, existentes 2, faltam 0
Tipo 3 (hard) — meta 2, existentes 2, faltam 0
Tipo 4 (easy) — meta 12, existentes 12, faltam 0
Tipo 9 (hard) — meta 2, existentes 2, faltam 0
Tipo 10 (hard) — meta 2, existentes 2, faltam 0
Tipo 13 (medium) — meta 6, existentes 6, faltam 0
Tipo 11 (hard) — meta 2, existentes 2, faltam 0
Tipo 5 (easy) — meta 12, existentes 12, faltam 0
Tipo 7 (medium) — meta 6, existentes 6, faltam 0
Tipo 12 (medium) — meta 6, existentes 6, faltam 0
Tipo 8 (hard) — meta 2, existentes 2, faltam 0
Tipo 6 (hard) — meta 2, existentes 2, faltam 0
Geração concluída. Aprovando rascunhos pendentes...
Concluído. 0 exercício(s) aprovado(s) na unidade 1.1.

[2/108] === Unidade 4.2 - Cuidado Pessoal e os Verbos Pronominais (2f92f4b7-8e0b-4ec7-a89a-bbb9bb2c5c11) ===
Unidade 4.2 — nível A1
Tipo 1 (medium) — meta 6, existentes 6, faltam 0
Tipo 2 (hard) — meta 2, existentes 2, faltam 0
Tipo 3 (hard) — meta 2, existentes 2, faltam 0
Tipo 4 (easy) — meta 12, existentes 12, faltam 0
Tipo 9 (hard) — meta 2, existentes 2, faltam 0
Tipo 10 (hard) — meta 2, existentes 2, faltam 0
Tipo 13 (medium) — meta 6, existentes 6, faltam 0
Tipo 11 (hard) — meta 2, existentes 2, faltam 0
Tipo 5 (easy) — meta 12, existentes 12, faltam 0
Tipo 7 (medium) — meta 6, existentes 6, faltam 0
Tipo 12 (medium) — meta 6, existentes 6, faltam 0
Tipo 8 (hard) — meta 2, existentes 2, faltam 0
Tipo 6 (hard) — meta 2, existentes 2, faltam 0
Geração concluída. Aprovando rascunhos pendentes...
Concluído. 0 exercício(s) aprovado(s) na unidade 4.2.

[3/108] === Unidade 4.1 - Meu Dia a Dia — Verbos Regulares (1febb88d-c1d2-4bf6-8150-7a2fd085af51) ===
Unidade 4.1 — nível A1
Tipo 1 (medium) — meta 6, existentes 6, faltam 0
Tipo 2 (hard) — meta 2, existentes 2, faltam 0
Tipo 3 (hard) — meta 2, existentes 2, faltam 0
Tipo 4 (easy) — meta 12, existentes 12, faltam 0
Tipo 9 (hard) — meta 2, existentes 2, faltam 0
Tipo 10 (hard) — meta 2, existentes 2, faltam 0
Tipo 13 (medium) — meta 6, existentes 6, faltam 0
Tipo 11 (hard) — meta 2, existentes 2, faltam 0
Tipo 5 (easy) — meta 12, existentes 12, faltam 0
Tipo 7 (medium) — meta 6, existentes 6, faltam 0
Tipo 12 (medium) — meta 6, existentes 6, faltam 0
Tipo 8 (hard) — meta 2, existentes 2, faltam 0
Tipo 6 (hard) — meta 2, existentes 2, faltam 0
Geração concluída. Aprovando rascunhos pendentes...
Concluído. 0 exercício(s) aprovado(s) na unidade 4.1.

[4/108] === Unidade 2.5 - El Cierre de la Regencia — Nominal, Verbal II y Crase (ec0cd288-703b-49e1-846b-b07d29c6a375) ===
Unidade 2.5 — nível C1
Tipo 1 (medium) — meta 12, existentes 12, faltam 0
Tipo 2 (hard) — meta 3, existentes 3, faltam 0
Tipo 3 (hard) — meta 3, existentes 3, faltam 0
Tipo 4 (easy) — meta 24, existentes 24, faltam 0
Tipo 9 (hard) — meta 3, existentes 3, faltam 0
Tipo 10 (hard) — meta 3, existentes 3, faltam 0
Tipo 13 (medium) — meta 12, existentes 12, faltam 0
Tipo 11 (hard) — meta 3, existentes 3, faltam 0
Tipo 5 (easy) — meta 24, existentes 24, faltam 0
Tipo 7 (medium) — meta 12, existentes 12, faltam 0
Tipo 12 (medium) — meta 12, existentes 12, faltam 0
Tipo 8 (hard) — meta 3, existentes 3, faltam 0
Tipo 6 (hard) — meta 3, existentes 3, faltam 0
Geração concluída. Aprovando rascunhos pendentes...
Concluído. 0 exercício(s) aprovado(s) na unidade 2.5.

[5/108] === Unidade 3.4 - El Laberinto de las Contracciones de Lugar (No, Na) (1bdcf5f2-9fe8-4ef9-9ca4-f8184763bdec) ===
Unidade 3.4 — nível A1
Tipo 1 (medium) — meta 6, existentes 6, faltam 0
Tipo 2 (hard) — meta 2, existentes 2, faltam 0
Tipo 3 (hard) — meta 2, existentes 2, faltam 0
Tipo 4 (easy) — meta 12, existentes 12, faltam 0
Tipo 9 (hard) — meta 2, existentes 2, faltam 0
Tipo 10 (hard) — meta 2, existentes 2, faltam 0
Tipo 13 (medium) — meta 6, existentes 6, faltam 0
Tipo 11 (hard) — meta 2, existentes 2, faltam 0
Tipo 5 (easy) — meta 12, existentes 12, faltam 0
Tipo 7 (medium) — meta 6, existentes 6, faltam 0
Tipo 12 (medium) — meta 6, existentes 6, faltam 0
Tipo 8 (hard) — meta 2, existentes 2, faltam 0
Tipo 6 (hard) — meta 2, existentes 2, faltam 0
Geração concluída. Aprovando rascunhos pendentes...
Concluído. 0 exercício(s) aprovado(s) na unidade 3.4.

[6/108] === Unidade 4.4 - O Gênero das Coisas — Regras Gerais (924fc581-eb6e-4714-982d-079238ae9280) ===
Unidade 4.4 — nível A1
Tipo 1 (medium) — meta 6, existentes 6, faltam 0
Tipo 2 (hard) — meta 2, existentes 2, faltam 0
Tipo 3 (hard) — meta 2, existentes 2, faltam 0
Tipo 4 (easy) — meta 12, existentes 12, faltam 0
Tipo 9 (hard) — meta 2, existentes 2, faltam 0
Tipo 10 (hard) — meta 2, existentes 2, faltam 0
Tipo 13 (medium) — meta 6, existentes 6, faltam 0
Tipo 11 (hard) — meta 2, existentes 2, faltam 0
Tipo 5 (easy) — meta 12, existentes 12, faltam 0
Tipo 7 (medium) — meta 6, existentes 6, faltam 0
Tipo 12 (medium) — meta 6, existentes 6, faltam 0
Tipo 8 (hard) — meta 2, existentes 2, faltam 0
Tipo 6 (hard) — meta 2, existentes 2, faltam 0
Geração concluída. Aprovando rascunhos pendentes...
Concluído. 0 exercício(s) aprovado(s) na unidade 4.4.

[7/108] === Unidade 3.2 - Expressando Gostos e Preferências (8bce7c45-c301-4f2d-a8ce-7181b875a96f) ===
Unidade 3.2 — nível A1
Tipo 1 (medium) — meta 6, existentes 6, faltam 0
Tipo 2 (hard) — meta 2, existentes 2, faltam 0
Tipo 3 (hard) — meta 2, existentes 2, faltam 0
Tipo 4 (easy) — meta 12, existentes 12, faltam 0
Tipo 9 (hard) — meta 2, existentes 2, faltam 0
Tipo 10 (hard) — meta 2, existentes 2, faltam 0
Tipo 13 (medium) — meta 6, existentes 6, faltam 0
Tipo 11 (hard) — meta 2, existentes 2, faltam 0
Tipo 5 (easy) — meta 12, existentes 12, faltam 0
Tipo 7 (medium) — meta 6, existentes 6, faltam 0
Tipo 12 (medium) — meta 6, existentes 6, faltam 0
Tipo 8 (hard) — meta 2, existentes 2, faltam 0
Tipo 6 (hard) — meta 2, existentes 2, faltam 0
Geração concluída. Aprovando rascunhos pendentes...
Concluído. 0 exercício(s) aprovado(s) na unidade 3.2.

[8/108] === Unidade 4.5 - Blindaje de Excepciones — El Gran Desafío (bd7f66ec-eadc-40d2-a26d-47879ea9e831) ===
Unidade 4.5 — nível A1
Tipo 1 (medium) — meta 6, existentes 6, faltam 0
Tipo 2 (hard) — meta 2, existentes 2, faltam 0
Tipo 3 (hard) — meta 2, existentes 2, faltam 0
Tipo 4 (easy) — meta 12, existentes 12, faltam 0
Tipo 9 (hard) — meta 2, existentes 2, faltam 0
Tipo 10 (hard) — meta 2, existentes 2, faltam 0
Tipo 13 (medium) — meta 6, existentes 6, faltam 0
Tipo 11 (hard) — meta 2, existentes 2, faltam 0
Tipo 5 (easy) — meta 12, existentes 12, faltam 0
Tipo 7 (medium) — meta 6, existentes 6, faltam 0
Tipo 12 (medium) — meta 6, existentes 6, faltam 0
Tipo 8 (hard) — meta 2, existentes 2, faltam 0
Tipo 6 (hard) — meta 2, existentes 2, faltam 0
Geração concluída. Aprovando rascunhos pendentes...
Concluído. 0 exercício(s) aprovado(s) na unidade 4.5.

[9/108] === Unidade 3.5 - De Dónde Vengo y Hacia Dónde Voy (Do, Da + Verbo Ir) (97718702-d890-4c3c-8a36-9ef09d4f067a) ===
Unidade 3.5 — nível A1
Tipo 1 (medium) — meta 6, existentes 6, faltam 0
Tipo 2 (hard) — meta 2, existentes 2, faltam 0
Tipo 3 (hard) — meta 2, existentes 2, faltam 0
Tipo 4 (easy) — meta 12, existentes 12, faltam 0
Tipo 9 (hard) — meta 2, existentes 2, faltam 0
Tipo 10 (hard) — meta 2, existentes 2, faltam 0
Tipo 13 (medium) — meta 6, existentes 6, faltam 0
Tipo 11 (hard) — meta 2, existentes 2, faltam 0
Tipo 5 (easy) — meta 12, existentes 12, faltam 0
Tipo 7 (medium) — meta 6, existentes 6, faltam 0
Tipo 12 (medium) — meta 6, existentes 6, faltam 0
Tipo 8 (hard) — meta 2, existentes 2, faltam 0
Tipo 6 (hard) — meta 2, existentes 2, faltam 0
Geração concluída. Aprovando rascunhos pendentes...
Concluído. 0 exercício(s) aprovado(s) na unidade 3.5.

[10/108] === Unidade 1.2 - ¿Qué pasó? — Verbos Regulares en -ER e -IR (5fc79f22-d779-4f6e-80be-05cd8de2c499) ===
Unidade 1.2 — nível A2
Tipo 1 (medium) — meta 6, existentes 6, faltam 0
Tipo 2 (hard) — meta 2, existentes 2, faltam 0
Tipo 3 (hard) — meta 2, existentes 2, faltam 0
Tipo 4 (easy) — meta 12, existentes 12, faltam 0
Tipo 9 (hard) — meta 2, existentes 2, faltam 0
Tipo 10 (hard) — meta 2, existentes 2, faltam 0
Tipo 13 (medium) — meta 6, existentes 6, faltam 0
Tipo 11 (hard) — meta 2, existentes 2, faltam 0
Tipo 5 (easy) — meta 12, existentes 12, faltam 0
Tipo 7 (medium) — meta 6, existentes 6, faltam 0
Tipo 12 (medium) — meta 6, existentes 6, faltam 0
Tipo 8 (hard) — meta 2, existentes 2, faltam 0
Tipo 6 (hard) — meta 2, existentes 2, faltam 0
Geração concluída. Aprovando rascunhos pendentes...
Concluído. 0 exercício(s) aprovado(s) na unidade 1.2.

[11/108] === Unidade 2.4 - Describiendo el Escenario y las Personas (4cfbf10e-d33c-4c49-8aac-3a2160b1b85e) ===
Unidade 2.4 — nível A2
Tipo 1 (medium) — meta 6, existentes 6, faltam 0
Tipo 2 (hard) — meta 2, existentes 2, faltam 0
Tipo 3 (hard) — meta 2, existentes 2, faltam 0
Tipo 4 (easy) — meta 12, existentes 12, faltam 0
Tipo 9 (hard) — meta 2, existentes 2, faltam 0
Tipo 10 (hard) — meta 2, existentes 2, faltam 0
Tipo 13 (medium) — meta 6, existentes 6, faltam 0
Tipo 11 (hard) — meta 2, existentes 2, faltam 0
Tipo 5 (easy) — meta 12, existentes 12, faltam 0
Tipo 7 (medium) — meta 6, existentes 6, faltam 0
Tipo 12 (medium) — meta 6, existentes 6, faltam 0
Tipo 8 (hard) — meta 2, existentes 2, faltam 0
Tipo 6 (hard) — meta 2, existentes 2, faltam 0
Geração concluída. Aprovando rascunhos pendentes...
Concluído. 0 exercício(s) aprovado(s) na unidade 2.4.

[12/108] === Unidade 1.1 - O Ímã Gramatical — A Próclise Obrigatória (0c1ef173-852a-4239-8288-da15ab0dcca2) ===
Unidade 1.1 — nível C1
Tipo 1 (medium) — meta 12, existentes 12, faltam 0
Tipo 2 (hard) — meta 3, existentes 3, faltam 0
Tipo 3 (hard) — meta 3, existentes 3, faltam 0
Tipo 4 (easy) — meta 24, existentes 24, faltam 0
Tipo 9 (hard) — meta 3, existentes 3, faltam 0
Tipo 10 (hard) — meta 3, existentes 3, faltam 0
Tipo 13 (medium) — meta 12, existentes 12, faltam 0
Tipo 11 (hard) — meta 3, existentes 3, faltam 0
Tipo 5 (easy) — meta 24, existentes 24, faltam 0
Tipo 7 (medium) — meta 12, existentes 12, faltam 0
Tipo 12 (medium) — meta 12, existentes 12, faltam 0
Tipo 8 (hard) — meta 3, existentes 3, faltam 0
Tipo 6 (hard) — meta 3, existentes 3, faltam 0
Geração concluída. Aprovando rascunhos pendentes...
Concluído. 0 exercício(s) aprovado(s) na unidade 1.1.

[13/108] === Unidade 1.1 - En Mi Infancia — Juguetes y Juegos (e9328bc1-7158-4fb7-8178-3a0342184b21) ===
Unidade 1.1 — nível B1
Tipo 1 (medium) — meta 6, existentes 6, faltam 0
Tipo 2 (hard) — meta 2, existentes 2, faltam 0
Tipo 3 (hard) — meta 2, existentes 2, faltam 0
Tipo 4 (easy) — meta 12, existentes 12, faltam 0
Tipo 9 (hard) — meta 2, existentes 2, faltam 0
Tipo 10 (hard) — meta 2, existentes 2, faltam 0
Tipo 13 (medium) — meta 6, existentes 6, faltam 0
Tipo 11 (hard) — meta 2, existentes 2, faltam 0
Tipo 5 (easy) — meta 12, existentes 12, faltam 0
Tipo 7 (medium) — meta 6, existentes 6, faltam 0
Tipo 12 (medium) — meta 6, existentes 6, faltam 0
Tipo 8 (hard) — meta 2, existentes 2, faltam 0
Tipo 6 (hard) — meta 2, existentes 2, faltam 0
Geração concluída. Aprovando rascunhos pendentes...
Concluído. 0 exercício(s) aprovado(s) na unidade 1.1.

[14/108] === Unidade 3.3 - Lugares de la Ciudad y Medios de Transporte (f0937543-5c29-47f3-b53e-029e86772632) ===
Unidade 3.3 — nível A1
Tipo 1 (medium) — meta 6, existentes 6, faltam 0
Tipo 2 (hard) — meta 2, existentes 2, faltam 0
Tipo 3 (hard) — meta 2, existentes 2, faltam 0
Tipo 4 (easy) — meta 12, existentes 12, faltam 0
Tipo 9 (hard) — meta 2, existentes 2, faltam 0
Tipo 10 (hard) — meta 2, existentes 2, faltam 0
Tipo 13 (medium) — meta 6, existentes 6, faltam 0
Tipo 11 (hard) — meta 2, existentes 2, faltam 0
Tipo 5 (easy) — meta 12, existentes 12, faltam 0
Tipo 7 (medium) — meta 6, existentes 6, faltam 0
Tipo 12 (medium) — meta 6, existentes 6, faltam 0
Tipo 8 (hard) — meta 2, existentes 2, faltam 0
Tipo 6 (hard) — meta 2, existentes 2, faltam 0
Geração concluída. Aprovando rascunhos pendentes...
Concluído. 0 exercício(s) aprovado(s) na unidade 3.3.

[15/108] === Unidade 2.5 - Conversaciones Digitales en Tiempo Real (6d2324fe-0e80-468a-8fae-325213d63f62) ===
Unidade 2.5 — nível A2
Tipo 1 (medium) — meta 6, existentes 6, faltam 0
Tipo 2 (hard) — meta 2, existentes 2, faltam 0
Tipo 3 (hard) — meta 2, existentes 2, faltam 0
Tipo 4 (easy) — meta 12, existentes 12, faltam 0
Tipo 9 (hard) — meta 2, existentes 2, faltam 0
Tipo 10 (hard) — meta 2, existentes 2, faltam 0
Tipo 13 (medium) — meta 6, existentes 6, faltam 0
Tipo 11 (hard) — meta 2, existentes 2, faltam 0
Tipo 5 (easy) — meta 12, existentes 12, faltam 0
Tipo 7 (medium) — meta 6, existentes 6, faltam 0
Tipo 12 (medium) — meta 6, existentes 6, faltam 0
Tipo 8 (hard) — meta 2, existentes 2, faltam 0
Tipo 6 (hard) — meta 2, existentes 2, faltam 0
Geração concluída. Aprovando rascunhos pendentes...
Concluído. 0 exercício(s) aprovado(s) na unidade 2.5.

[16/108] === Unidade 1.2 - Identidad y los Sonidos (a4b95abc-5cc5-4dab-aee2-303c511c13ae) ===
Unidade 1.2 — nível A1
Tipo 1 (medium) — meta 6, existentes 12, faltam 0
Tipo 2 (hard) — meta 2, existentes 3, faltam 0
Tipo 3 (hard) — meta 2, existentes 3, faltam 0
Tipo 4 (easy) — meta 12, existentes 24, faltam 0
Tipo 9 (hard) — meta 2, existentes 3, faltam 0
Tipo 10 (hard) — meta 2, existentes 3, faltam 0
Tipo 13 (medium) — meta 6, existentes 12, faltam 0
Tipo 11 (hard) — meta 2, existentes 3, faltam 0
Tipo 5 (easy) — meta 12, existentes 24, faltam 0
Tipo 7 (medium) — meta 6, existentes 12, faltam 0
Tipo 12 (medium) — meta 6, existentes 12, faltam 0
Tipo 8 (hard) — meta 2, existentes 3, faltam 0
Tipo 6 (hard) — meta 2, existentes 3, faltam 0
Geração concluída. Aprovando rascunhos pendentes...
Concluído. 0 exercício(s) aprovado(s) na unidade 1.2.

[17/108] === Unidade 2.1 - ¿Qué estás haciendo ahora? — La Base del Gerundio (69d068d1-3b50-4912-a22e-4b7370f2eaf9) ===
Unidade 2.1 — nível A2
Tipo 1 (medium) — meta 6, existentes 6, faltam 0
Tipo 2 (hard) — meta 2, existentes 2, faltam 0
Tipo 3 (hard) — meta 2, existentes 2, faltam 0
Tipo 4 (easy) — meta 12, existentes 12, faltam 0
Tipo 9 (hard) — meta 2, existentes 2, faltam 0
Tipo 10 (hard) — meta 2, existentes 2, faltam 0
Tipo 13 (medium) — meta 6, existentes 6, faltam 0
Tipo 11 (hard) — meta 2, existentes 2, faltam 0
Tipo 5 (easy) — meta 12, existentes 12, faltam 0
Tipo 7 (medium) — meta 6, existentes 6, faltam 0
Tipo 12 (medium) — meta 6, existentes 6, faltam 0
Tipo 8 (hard) — meta 2, existentes 2, faltam 0
Tipo 6 (hard) — meta 2, existentes 2, faltam 0
Geração concluída. Aprovando rascunhos pendentes...
Concluído. 0 exercício(s) aprovado(s) na unidade 2.1.

[18/108] === Unidade 1.4 - ¿Quién soy yo en el mercado? — Profesiones y Género (6c3442c8-60de-41c5-b876-085bf6046831) ===
Unidade 1.4 — nível A2
Tipo 1 (medium) — meta 6, existentes 6, faltam 0
Tipo 2 (hard) — meta 2, existentes 2, faltam 0
Tipo 3 (hard) — meta 2, existentes 2, faltam 0
Tipo 4 (easy) — meta 12, existentes 12, faltam 0
Tipo 9 (hard) — meta 2, existentes 2, faltam 0
Tipo 10 (hard) — meta 2, existentes 2, faltam 0
Tipo 13 (medium) — meta 6, existentes 6, faltam 0
Tipo 11 (hard) — meta 2, existentes 2, faltam 0
Tipo 5 (easy) — meta 12, existentes 12, faltam 0
Tipo 7 (medium) — meta 6, existentes 6, faltam 0
Tipo 12 (medium) — meta 6, existentes 6, faltam 0
Tipo 8 (hard) — meta 2, existentes 2, faltam 0
Tipo 6 (hard) — meta 2, existentes 2, faltam 0
Geração concluída. Aprovando rascunhos pendentes...
Concluído. 0 exercício(s) aprovado(s) na unidade 1.4.

[19/108] === Unidade 2.2 - Conectados — Celular, Aplicaciones y Tecnología (70975513-8f2a-4ceb-b96f-c9c8bef7041c) ===
Unidade 2.2 — nível A2
Tipo 1 (medium) — meta 6, existentes 6, faltam 0
Tipo 2 (hard) — meta 2, existentes 2, faltam 0
Tipo 3 (hard) — meta 2, existentes 2, faltam 0
Tipo 4 (easy) — meta 12, existentes 12, faltam 0
Tipo 9 (hard) — meta 2, existentes 2, faltam 0
Tipo 10 (hard) — meta 2, existentes 2, faltam 0
Tipo 13 (medium) — meta 6, existentes 6, faltam 0
Tipo 11 (hard) — meta 2, existentes 2, faltam 0
Tipo 5 (easy) — meta 12, existentes 12, faltam 0
Tipo 7 (medium) — meta 6, existentes 6, faltam 0
Tipo 12 (medium) — meta 6, existentes 6, faltam 0
Tipo 8 (hard) — meta 2, existentes 2, faltam 0
Tipo 6 (hard) — meta 2, existentes 2, faltam 0
Geração concluída. Aprovando rascunhos pendentes...
Concluído. 0 exercício(s) aprovado(s) na unidade 2.2.

[20/108] === Unidade 4.5 - El Mapa de Mis Sueños — Consolidación del Futuro (640c8db1-48b6-4b94-9d09-37561db8b6fd) ===
Unidade 4.5 — nível A2
Tipo 1 (medium) — meta 6, existentes 6, faltam 0
Tipo 2 (hard) — meta 2, existentes 2, faltam 0
Tipo 3 (hard) — meta 2, existentes 2, faltam 0
Tipo 4 (easy) — meta 12, existentes 12, faltam 0
Tipo 9 (hard) — meta 2, existentes 2, faltam 0
Tipo 10 (hard) — meta 2, existentes 2, faltam 0
Tipo 13 (medium) — meta 6, existentes 6, faltam 0
Tipo 11 (hard) — meta 2, existentes 2, faltam 0
Tipo 5 (easy) — meta 12, existentes 12, faltam 0
Tipo 7 (medium) — meta 6, existentes 6, faltam 0
Tipo 12 (medium) — meta 6, existentes 6, faltam 0
Tipo 8 (hard) — meta 2, existentes 2, faltam 0
Tipo 6 (hard) — meta 2, existentes 2, faltam 0
Geração concluída. Aprovando rascunhos pendentes...
Concluído. 0 exercício(s) aprovado(s) na unidade 4.5.

[21/108] === Unidade 1.1 - El Primer Impacto y las Vocales Débiles (e9b8fc2c-5d21-45d8-a86e-a21fc1bb4b79) ===
Unidade 1.1 — nível A1
Tipo 1 (medium) — meta 6, existentes 12, faltam 0
Tipo 2 (hard) — meta 2, existentes 3, faltam 0
Tipo 3 (hard) — meta 2, existentes 3, faltam 0
Tipo 4 (easy) — meta 12, existentes 24, faltam 0
Tipo 9 (hard) — meta 2, existentes 3, faltam 0
Tipo 10 (hard) — meta 2, existentes 3, faltam 0
Tipo 13 (medium) — meta 6, existentes 12, faltam 0
Tipo 11 (hard) — meta 2, existentes 3, faltam 0
Tipo 5 (easy) — meta 12, existentes 24, faltam 0
Tipo 7 (medium) — meta 6, existentes 12, faltam 0
Tipo 12 (medium) — meta 6, existentes 12, faltam 0
Tipo 8 (hard) — meta 2, existentes 3, faltam 0
Tipo 6 (hard) — meta 2, existentes 3, faltam 0
Geração concluída. Aprovando rascunhos pendentes...
Concluído. 0 exercício(s) aprovado(s) na unidade 1.1.

[22/108] === Unidade 1.4 - Educación y Supervivencia (dda5ea8f-6c4d-47ed-b662-328f3bc7d293) ===
Unidade 1.4 — nível A1
Tipo 1 (medium) — meta 6, existentes 12, faltam 0
Tipo 2 (hard) — meta 2, existentes 3, faltam 0
Tipo 3 (hard) — meta 2, existentes 3, faltam 0
Tipo 4 (easy) — meta 12, existentes 24, faltam 0
Tipo 9 (hard) — meta 2, existentes 3, faltam 0
Tipo 10 (hard) — meta 2, existentes 3, faltam 0
Tipo 13 (medium) — meta 6, existentes 12, faltam 0
Tipo 11 (hard) — meta 2, existentes 3, faltam 0
Tipo 5 (easy) — meta 12, existentes 24, faltam 0
Tipo 7 (medium) — meta 6, existentes 12, faltam 0
Tipo 12 (medium) — meta 6, existentes 12, faltam 0
Tipo 8 (hard) — meta 2, existentes 3, faltam 0
Tipo 6 (hard) — meta 2, existentes 3, faltam 0
Geração concluída. Aprovando rascunhos pendentes...
Concluído. 0 exercício(s) aprovado(s) na unidade 1.4.

[23/108] === Unidade 2.2 - Mi Casa, Mi Refugio (d81fb90d-8f7c-4f28-a38c-c802b0c3a988) ===
Unidade 2.2 — nível A1
Tipo 1 (medium) — meta 6, existentes 6, faltam 0
Tipo 2 (hard) — meta 2, existentes 2, faltam 0
Tipo 3 (hard) — meta 2, existentes 2, faltam 0
Tipo 4 (easy) — meta 12, existentes 12, faltam 0
Tipo 9 (hard) — meta 2, existentes 2, faltam 0
Tipo 10 (hard) — meta 2, existentes 2, faltam 0
Tipo 13 (medium) — meta 6, existentes 6, faltam 0
Tipo 11 (hard) — meta 2, existentes 2, faltam 0
Tipo 5 (easy) — meta 12, existentes 12, faltam 0
Tipo 7 (medium) — meta 6, existentes 6, faltam 0
Tipo 12 (medium) — meta 6, existentes 6, faltam 0
Tipo 8 (hard) — meta 2, existentes 2, faltam 0
Tipo 6 (hard) — meta 2, existentes 2, faltam 0
Geração concluída. Aprovando rascunhos pendentes...
Concluído. 0 exercício(s) aprovado(s) na unidade 2.2.

[24/108] === Unidade 4.3 - ¿Qué Hago en mi Tiempo Libre? Verbos Irregulares (905d06de-91da-4ce3-a752-3a05bbc30b5a) ===
Unidade 4.3 — nível A1
Tipo 1 (medium) — meta 6, existentes 6, faltam 0
Tipo 2 (hard) — meta 2, existentes 2, faltam 0
Tipo 3 (hard) — meta 2, existentes 2, faltam 0
Tipo 4 (easy) — meta 12, existentes 12, faltam 0
Tipo 9 (hard) — meta 2, existentes 2, faltam 0
Tipo 10 (hard) — meta 2, existentes 2, faltam 0
Tipo 13 (medium) — meta 6, existentes 6, faltam 0
Tipo 11 (hard) — meta 2, existentes 2, faltam 0
Tipo 5 (easy) — meta 12, existentes 12, faltam 0
Tipo 7 (medium) — meta 6, existentes 6, faltam 0
Tipo 12 (medium) — meta 6, existentes 6, faltam 0
Tipo 8 (hard) — meta 2, existentes 2, faltam 0
Tipo 6 (hard) — meta 2, existentes 2, faltam 0
Geração concluída. Aprovando rascunhos pendentes...
Concluído. 0 exercício(s) aprovado(s) na unidade 4.3.

[25/108] === Unidade 1.6 - El Puente de las Palabras — Sufijos que se Transforman (fea2e7d8-7fcb-476e-81cf-e233abeb040e) ===
Unidade 1.6 — nível A1
Tipo 1 (medium) — meta 6, existentes 6, faltam 0
Tipo 2 (hard) — meta 2, existentes 2, faltam 0
Tipo 3 (hard) — meta 2, existentes 2, faltam 0
Tipo 4 (easy) — meta 12, existentes 12, faltam 0
Tipo 9 (hard) — meta 2, existentes 2, faltam 0
Tipo 10 (hard) — meta 2, existentes 2, faltam 0
Tipo 13 (medium) — meta 6, existentes 6, faltam 0
Tipo 11 (hard) — meta 2, existentes 2, faltam 0
Tipo 5 (easy) — meta 12, existentes 12, faltam 0
Tipo 7 (medium) — meta 6, existentes 6, faltam 0
Tipo 12 (medium) — meta 6, existentes 6, faltam 0
Tipo 8 (hard) — meta 2, existentes 2, faltam 0
Tipo 6 (hard) — meta 2, existentes 2, faltam 0
Geração concluída. Aprovando rascunhos pendentes...
Concluído. 0 exercício(s) aprovado(s) na unidade 1.6.

[26/108] === Unidade 1.2 - La Elegancia de la Apertura — Énclisis y Prohibiciones (a8a2ab1c-c132-45e5-b1fb-02baca8aafbe) ===
Unidade 1.2 — nível C1
Tipo 1 (medium) — meta 12, existentes 12, faltam 0
Tipo 2 (hard) — meta 3, existentes 3, faltam 0
Tipo 3 (hard) — meta 3, existentes 3, faltam 0
Tipo 4 (easy) — meta 24, existentes 24, faltam 0
Tipo 9 (hard) — meta 3, existentes 3, faltam 0
Tipo 10 (hard) — meta 3, existentes 3, faltam 0
Tipo 13 (medium) — meta 12, existentes 12, faltam 0
Tipo 11 (hard) — meta 3, existentes 3, faltam 0
Tipo 5 (easy) — meta 24, existentes 24, faltam 0
Tipo 7 (medium) — meta 12, existentes 12, faltam 0
Tipo 12 (medium) — meta 12, existentes 12, faltam 0
Tipo 8 (hard) — meta 3, existentes 3, faltam 0
Tipo 6 (hard) — meta 3, existentes 3, faltam 0
Geração concluída. Aprovando rascunhos pendentes...
Concluído. 0 exercício(s) aprovado(s) na unidade 1.2.

[27/108] === Unidade 4.7 - Modo Imperativo — Dando Órdenes e Instrucciones (cebe93ab-0053-45cf-a7b5-9a8d7e04a750) ===
Unidade 4.7 — nível A1
Tipo 1 (medium) — meta 6, existentes 6, faltam 0
Tipo 2 (hard) — meta 2, existentes 2, faltam 0
Tipo 3 (hard) — meta 2, existentes 2, faltam 0
Tipo 4 (easy) — meta 12, existentes 12, faltam 0
Tipo 9 (hard) — meta 2, existentes 2, faltam 0
Tipo 10 (hard) — meta 2, existentes 2, faltam 0
Tipo 13 (medium) — meta 6, existentes 6, faltam 0
Tipo 11 (hard) — meta 2, existentes 2, faltam 0
Tipo 5 (easy) — meta 12, existentes 12, faltam 0
Tipo 7 (medium) — meta 6, existentes 6, faltam 0
Tipo 12 (medium) — meta 6, existentes 6, faltam 0
Tipo 8 (hard) — meta 2, existentes 2, faltam 0
Tipo 6 (hard) — meta 2, existentes 2, faltam 0
Geração concluída. Aprovando rascunhos pendentes...
Concluído. 0 exercício(s) aprovado(s) na unidade 4.7.

[28/108] === Unidade 2.7 - ¿Qué Hora Es? — Diciendo las Horas (d854f7d6-327f-4b85-aa49-f338250777c8) ===
Unidade 2.7 — nível A1
Tipo 1 (medium) — meta 6, existentes 6, faltam 0
Tipo 2 (hard) — meta 2, existentes 2, faltam 0
Tipo 3 (hard) — meta 2, existentes 2, faltam 0
Tipo 4 (easy) — meta 12, existentes 12, faltam 0
Tipo 9 (hard) — meta 2, existentes 2, faltam 0
Tipo 10 (hard) — meta 2, existentes 2, faltam 0
Tipo 13 (medium) — meta 6, existentes 6, faltam 0
Tipo 11 (hard) — meta 2, existentes 2, faltam 0
Tipo 5 (easy) — meta 12, existentes 12, faltam 0
Tipo 7 (medium) — meta 6, existentes 6, faltam 0
Tipo 12 (medium) — meta 6, existentes 6, faltam 0
Tipo 8 (hard) — meta 2, existentes 2, faltam 0
Tipo 6 (hard) — meta 2, existentes 2, faltam 0
Geração concluída. Aprovando rascunhos pendentes...
Concluído. 0 exercício(s) aprovado(s) na unidade 2.7.

[29/108] === Unidade 4.6 - Falsos Amigos — Las Palabras Traidoras (49f8751d-36e0-4c29-b1a0-a452c6e9aaf2) ===
Unidade 4.6 — nível A1
Tipo 1 (medium) — meta 6, existentes 6, faltam 0
Tipo 2 (hard) — meta 2, existentes 2, faltam 0
Tipo 3 (hard) — meta 2, existentes 2, faltam 0
Tipo 4 (easy) — meta 12, existentes 12, faltam 0
Tipo 9 (hard) — meta 2, existentes 2, faltam 0
Tipo 10 (hard) — meta 2, existentes 2, faltam 0
Tipo 13 (medium) — meta 6, existentes 6, faltam 0
Tipo 11 (hard) — meta 2, existentes 2, faltam 0
Tipo 5 (easy) — meta 12, existentes 12, faltam 0
Tipo 7 (medium) — meta 6, existentes 6, faltam 0
Tipo 12 (medium) — meta 6, existentes 6, faltam 0
Tipo 8 (hard) — meta 2, existentes 2, faltam 0
Tipo 6 (hard) — meta 2, existentes 2, faltam 0
Geração concluída. Aprovando rascunhos pendentes...
Concluído. 0 exercício(s) aprovado(s) na unidade 4.6.

[30/108] === Unidade 1.7 - El Puente de las Palabras II — Principios, Medios y Diptongos (7b5c4689-bd45-47ab-a6dd-d75d9298c9f5) ===
Unidade 1.7 — nível A1
Tipo 1 (medium) — meta 6, existentes 6, faltam 0
Tipo 2 (hard) — meta 2, existentes 2, faltam 0
Tipo 3 (hard) — meta 2, existentes 2, faltam 0
Tipo 4 (easy) — meta 12, existentes 12, faltam 0
Tipo 9 (hard) — meta 2, existentes 2, faltam 0
Tipo 10 (hard) — meta 2, existentes 2, faltam 0
Tipo 13 (medium) — meta 6, existentes 6, faltam 0
Tipo 11 (hard) — meta 2, existentes 2, faltam 0
Tipo 5 (easy) — meta 12, existentes 12, faltam 0
Tipo 7 (medium) — meta 6, existentes 6, faltam 0
Tipo 12 (medium) — meta 6, existentes 6, faltam 0
Tipo 8 (hard) — meta 2, existentes 2, faltam 0
Tipo 6 (hard) — meta 2, existentes 2, faltam 0
Geração concluída. Aprovando rascunhos pendentes...
Concluído. 0 exercício(s) aprovado(s) na unidade 1.7.

[31/108] === Unidade 3.3 - ¿Cómo te sientes? — Sentimientos y Emociones (c8257161-8675-4bf0-8924-7f0ba7627937) ===
Unidade 3.3 — nível A2
Tipo 1 (medium) — meta 6, existentes 6, faltam 0
Tipo 2 (hard) — meta 2, existentes 2, faltam 0
Tipo 3 (hard) — meta 2, existentes 2, faltam 0
Tipo 4 (easy) — meta 12, existentes 12, faltam 0
Tipo 9 (hard) — meta 2, existentes 2, faltam 0
Tipo 10 (hard) — meta 2, existentes 2, faltam 0
Tipo 13 (medium) — meta 6, existentes 6, faltam 0
Tipo 11 (hard) — meta 2, existentes 2, faltam 0
Tipo 5 (easy) — meta 12, existentes 12, faltam 0
Tipo 7 (medium) — meta 6, existentes 6, faltam 0
Tipo 12 (medium) — meta 6, existentes 6, faltam 0
Tipo 8 (hard) — meta 2, existentes 2, faltam 0
Tipo 6 (hard) — meta 2, existentes 2, faltam 0
Geração concluída. Aprovando rascunhos pendentes...
Concluído. 0 exercício(s) aprovado(s) na unidade 3.3.

[32/108] === Unidade 4.2 - Resistencia y Hábito — Continuidad y Ruptura (2c2bd5eb-8e11-4181-9251-cd0247207e05) ===
Unidade 4.2 — nível B2
Tipo 1 (medium) — meta 6, existentes 6, faltam 0
Tipo 2 (hard) — meta 2, existentes 2, faltam 0
Tipo 3 (hard) — meta 2, existentes 2, faltam 0
Tipo 4 (easy) — meta 12, existentes 12, faltam 0
Tipo 9 (hard) — meta 2, existentes 2, faltam 0
Tipo 10 (hard) — meta 2, existentes 2, faltam 0
Tipo 13 (medium) — meta 6, existentes 6, faltam 0
Tipo 11 (hard) — meta 2, existentes 2, faltam 0
Tipo 5 (easy) — meta 12, existentes 12, faltam 0
Tipo 7 (medium) — meta 6, existentes 6, faltam 0
Tipo 12 (medium) — meta 6, existentes 6, faltam 0
Tipo 8 (hard) — meta 2, existentes 2, faltam 0
Tipo 6 (hard) — meta 2, existentes 2, faltam 0
Geração concluída. Aprovando rascunhos pendentes...
Concluído. 0 exercício(s) aprovado(s) na unidade 4.2.

[33/108] === Unidade 4.5 - Redacción Ejecutiva — Cohesión de Textos Largos (d1b8e837-634f-4e0c-b6e7-4edeed5c921b) ===
Unidade 4.5 — nível B1
Tipo 1 (medium) — meta 6, existentes 6, faltam 0
Tipo 2 (hard) — meta 2, existentes 2, faltam 0
Tipo 3 (hard) — meta 2, existentes 2, faltam 0
Tipo 4 (easy) — meta 12, existentes 12, faltam 0
Tipo 9 (hard) — meta 2, existentes 2, faltam 0
Tipo 10 (hard) — meta 2, existentes 2, faltam 0
Tipo 13 (medium) — meta 6, existentes 6, faltam 0
Tipo 11 (hard) — meta 2, existentes 2, faltam 0
Tipo 5 (easy) — meta 12, existentes 12, faltam 0
Tipo 7 (medium) — meta 6, existentes 6, faltam 0
Tipo 12 (medium) — meta 6, existentes 6, faltam 0
Tipo 8 (hard) — meta 2, existentes 2, faltam 0
Tipo 6 (hard) — meta 2, existentes 2, faltam 0
Geração concluída. Aprovando rascunhos pendentes...
Concluído. 0 exercício(s) aprovado(s) na unidade 4.5.

[34/108] === Unidade 3.1 - 'Él me dijo que...' — El Discurso Indirecto Básico (58c9c074-b30f-419f-a9d7-a9fd94e6cd4c) ===
Unidade 3.1 — nível B2
Tipo 1 (medium) — meta 6, existentes 6, faltam 0
Tipo 2 (hard) — meta 2, existentes 2, faltam 0
Tipo 3 (hard) — meta 2, existentes 2, faltam 0
Tipo 4 (easy) — meta 12, existentes 12, faltam 0
Tipo 9 (hard) — meta 2, existentes 2, faltam 0
Tipo 10 (hard) — meta 2, existentes 2, faltam 0
Tipo 13 (medium) — meta 6, existentes 6, faltam 0
Tipo 11 (hard) — meta 2, existentes 2, faltam 0
Tipo 5 (easy) — meta 12, existentes 12, faltam 0
Tipo 7 (medium) — meta 6, existentes 6, faltam 0
Tipo 12 (medium) — meta 6, existentes 6, faltam 0
Tipo 8 (hard) — meta 2, existentes 2, faltam 0
Tipo 6 (hard) — meta 2, existentes 2, faltam 0
Geração concluída. Aprovando rascunhos pendentes...
Concluído. 0 exercício(s) aprovado(s) na unidade 3.1.

[35/108] === Unidade 3.1 - La Amabilidad Genera Amabilidad — Peticiones Educadas (40c519b8-c9dc-475d-b6bb-59214e338997) ===
Unidade 3.1 — nível B1
Tipo 1 (medium) — meta 6, existentes 6, faltam 0
Tipo 2 (hard) — meta 2, existentes 2, faltam 0
Tipo 3 (hard) — meta 2, existentes 2, faltam 0
Tipo 4 (easy) — meta 12, existentes 12, faltam 0
Tipo 9 (hard) — meta 2, existentes 2, faltam 0
Tipo 10 (hard) — meta 2, existentes 2, faltam 0
Tipo 13 (medium) — meta 6, existentes 6, faltam 0
Tipo 11 (hard) — meta 2, existentes 2, faltam 0
Tipo 5 (easy) — meta 12, existentes 12, faltam 0
Tipo 7 (medium) — meta 6, existentes 6, faltam 0
Tipo 12 (medium) — meta 6, existentes 6, faltam 0
Tipo 8 (hard) — meta 2, existentes 2, faltam 0
Tipo 6 (hard) — meta 2, existentes 2, faltam 0
Geração concluída. Aprovando rascunhos pendentes...
Concluído. 0 exercício(s) aprovado(s) na unidade 3.1.

[36/108] === Unidade 2.3 - Los irregulares del "tal vez" — Los gigantes de la incertidumbre (fa61e091-acc9-4ddb-bee9-07d976100828) ===
Unidade 2.3 — nível B1
Tipo 1 (medium) — meta 6, existentes 6, faltam 0
Tipo 2 (hard) — meta 2, existentes 2, faltam 0
Tipo 3 (hard) — meta 2, existentes 2, faltam 0
Tipo 4 (easy) — meta 12, existentes 12, faltam 0
Tipo 9 (hard) — meta 2, existentes 2, faltam 0
Tipo 10 (hard) — meta 2, existentes 2, faltam 0
Tipo 13 (medium) — meta 6, existentes 6, faltam 0
Tipo 11 (hard) — meta 2, existentes 2, faltam 0
Tipo 5 (easy) — meta 12, existentes 12, faltam 0
Tipo 7 (medium) — meta 6, existentes 6, faltam 0
Tipo 12 (medium) — meta 6, existentes 6, faltam 0
Tipo 8 (hard) — meta 2, existentes 2, faltam 0
Tipo 6 (hard) — meta 2, existentes 2, faltam 0
Geração concluída. Aprovando rascunhos pendentes...
Concluído. 0 exercício(s) aprovado(s) na unidade 2.3.

[37/108] === Unidade 4.4 - Contraste y Conclusión — Sin embargo & Por lo tanto (c46b8da3-2e66-4995-abe0-a5b0ebe3235d) ===
Unidade 4.4 — nível B1
Tipo 1 (medium) — meta 6, existentes 6, faltam 0
Tipo 2 (hard) — meta 2, existentes 2, faltam 0
Tipo 3 (hard) — meta 2, existentes 2, faltam 0
Tipo 4 (easy) — meta 12, existentes 12, faltam 0
Tipo 9 (hard) — meta 2, existentes 2, faltam 0
Tipo 10 (hard) — meta 2, existentes 2, faltam 0
Tipo 13 (medium) — meta 6, existentes 6, faltam 0
Tipo 11 (hard) — meta 2, existentes 2, faltam 0
Tipo 5 (easy) — meta 12, existentes 12, faltam 0
Tipo 7 (medium) — meta 6, existentes 6, faltam 0
Tipo 12 (medium) — meta 6, existentes 6, faltam 0
Tipo 8 (hard) — meta 2, existentes 2, faltam 0
Tipo 6 (hard) — meta 2, existentes 2, faltam 0
Geração concluída. Aprovando rascunhos pendentes...
Concluído. 0 exercício(s) aprovado(s) na unidade 4.4.

[38/108] === Unidade 2.6 - Precios y Números Grandes — De la Centena al Millar (b7346284-515b-468e-ab15-c4f77a63c6f1) ===
Unidade 2.6 — nível A1
Tipo 1 (medium) — meta 6, existentes 6, faltam 0
Tipo 2 (hard) — meta 2, existentes 2, faltam 0
Tipo 3 (hard) — meta 2, existentes 2, faltam 0
Tipo 4 (easy) — meta 12, existentes 12, faltam 0
Tipo 9 (hard) — meta 2, existentes 2, faltam 0
Tipo 10 (hard) — meta 2, existentes 2, faltam 0
Tipo 13 (medium) — meta 6, existentes 6, faltam 0
Tipo 11 (hard) — meta 2, existentes 2, faltam 0
Tipo 5 (easy) — meta 12, existentes 12, faltam 0
Tipo 7 (medium) — meta 6, existentes 6, faltam 0
Tipo 12 (medium) — meta 6, existentes 6, faltam 0
Tipo 8 (hard) — meta 2, existentes 2, faltam 0
Tipo 6 (hard) — meta 2, existentes 2, faltam 0
Geração concluída. Aprovando rascunhos pendentes...
Concluído. 0 exercício(s) aprovado(s) na unidade 2.6.

[39/108] === Unidade 3.5 - En el Consultorio — Conversando con el Médico (869c8017-0234-4297-8503-934e8555e04c) ===
Unidade 3.5 — nível A2
Tipo 1 (medium) — meta 6, existentes 6, faltam 0
Tipo 2 (hard) — meta 2, existentes 2, faltam 0
Tipo 3 (hard) — meta 2, existentes 2, faltam 0
Tipo 4 (easy) — meta 12, existentes 12, faltam 0
Tipo 9 (hard) — meta 2, existentes 2, faltam 0
Tipo 10 (hard) — meta 2, existentes 2, faltam 0
Tipo 13 (medium) — meta 6, existentes 6, faltam 0
Tipo 11 (hard) — meta 2, existentes 2, faltam 0
Tipo 5 (easy) — meta 12, existentes 12, faltam 0
Tipo 7 (medium) — meta 6, existentes 6, faltam 0
Tipo 12 (medium) — meta 6, existentes 6, faltam 0
Tipo 8 (hard) — meta 2, existentes 2, faltam 0
Tipo 6 (hard) — meta 2, existentes 2, faltam 0
Geração concluída. Aprovando rascunhos pendentes...
Concluído. 0 exercício(s) aprovado(s) na unidade 3.5.

[40/108] === Unidade 4.1 - ¿Qué vas a hacer mañana? — El Futuro Próximo (c0b1e42f-54af-4990-91aa-bd76728fc0f0) ===
Unidade 4.1 — nível A2
Tipo 1 (medium) — meta 6, existentes 6, faltam 0
Tipo 2 (hard) — meta 2, existentes 2, faltam 0
Tipo 3 (hard) — meta 2, existentes 2, faltam 0
Tipo 4 (easy) — meta 12, existentes 12, faltam 0
Tipo 9 (hard) — meta 2, existentes 2, faltam 0
Tipo 10 (hard) — meta 2, existentes 2, faltam 0
Tipo 13 (medium) — meta 6, existentes 6, faltam 0
Tipo 11 (hard) — meta 2, existentes 2, faltam 0
Tipo 5 (easy) — meta 12, existentes 12, faltam 0
Tipo 7 (medium) — meta 6, existentes 6, faltam 0
Tipo 12 (medium) — meta 6, existentes 6, faltam 0
Tipo 8 (hard) — meta 2, existentes 2, faltam 0
Tipo 6 (hard) — meta 2, existentes 2, faltam 0
Geração concluída. Aprovando rascunhos pendentes...
Concluído. 0 exercício(s) aprovado(s) na unidade 4.1.

[41/108] === Unidade 2.2 - Quiero Así — Deseos Directos y Órdenes Suaves (2c1f6da3-b79c-47a5-8aa4-5bd412c0860b) ===
Unidade 2.2 — nível B1
Tipo 1 (medium) — meta 6, existentes 6, faltam 0
Tipo 2 (hard) — meta 2, existentes 2, faltam 0
Tipo 3 (hard) — meta 2, existentes 2, faltam 0
Tipo 4 (easy) — meta 12, existentes 12, faltam 0
Tipo 9 (hard) — meta 2, existentes 2, faltam 0
Tipo 10 (hard) — meta 2, existentes 2, faltam 0
Tipo 13 (medium) — meta 6, existentes 6, faltam 0
Tipo 11 (hard) — meta 2, existentes 2, faltam 0
Tipo 5 (easy) — meta 12, existentes 12, faltam 0
Tipo 7 (medium) — meta 6, existentes 6, faltam 0
Tipo 12 (medium) — meta 6, existentes 6, faltam 0
Tipo 8 (hard) — meta 2, existentes 2, faltam 0
Tipo 6 (hard) — meta 2, existentes 2, faltam 0
Geração concluída. Aprovando rascunhos pendentes...
Concluído. 0 exercício(s) aprovado(s) na unidade 2.2.

[42/108] === Unidade 4.3 - Las Vacaciones de los Sueños — Viajes y Feriados (64465fdc-8c0c-4d5d-993d-bacb9a631370) ===
Unidade 4.3 — nível A2
Tipo 1 (medium) — meta 6, existentes 6, faltam 0
Tipo 2 (hard) — meta 2, existentes 2, faltam 0
Tipo 3 (hard) — meta 2, existentes 2, faltam 0
Tipo 4 (easy) — meta 12, existentes 12, faltam 0
Tipo 9 (hard) — meta 2, existentes 2, faltam 0
Tipo 10 (hard) — meta 2, existentes 2, faltam 0
Tipo 13 (medium) — meta 6, existentes 6, faltam 0
Tipo 11 (hard) — meta 2, existentes 2, faltam 0
Tipo 5 (easy) — meta 12, existentes 12, faltam 0
Tipo 7 (medium) — meta 6, existentes 6, faltam 0
Tipo 12 (medium) — meta 6, existentes 6, faltam 0
Tipo 8 (hard) — meta 2, existentes 2, faltam 0
Tipo 6 (hard) — meta 2, existentes 2, faltam 0
Geração concluída. Aprovando rascunhos pendentes...
Concluído. 0 exercício(s) aprovado(s) na unidade 4.3.

[43/108] === Unidade 3.1 - En el Restaurante — Alimentos y Bebidas (b1a77a49-2d95-48bb-abc8-eec86ad04584) ===
Unidade 3.1 — nível A1
Tipo 1 (medium) — meta 6, existentes 6, faltam 0
Tipo 2 (hard) — meta 2, existentes 2, faltam 0
Tipo 3 (hard) — meta 2, existentes 2, faltam 0
Tipo 4 (easy) — meta 12, existentes 12, faltam 0
Tipo 9 (hard) — meta 2, existentes 2, faltam 0
Tipo 10 (hard) — meta 2, existentes 2, faltam 0
Tipo 13 (medium) — meta 6, existentes 6, faltam 0
Tipo 11 (hard) — meta 2, existentes 2, faltam 0
Tipo 5 (easy) — meta 12, existentes 12, faltam 0
Tipo 7 (medium) — meta 6, existentes 6, faltam 0
Tipo 12 (medium) — meta 6, existentes 6, faltam 0
Tipo 8 (hard) — meta 2, existentes 2, faltam 0
Tipo 6 (hard) — meta 2, existentes 2, faltam 0
Geração concluída. Aprovando rascunhos pendentes...
Concluído. 0 exercício(s) aprovado(s) na unidade 3.1.

[44/108] === Unidade 1.4 - El pasado antes del pasado — Secuencia temporal (b15b6fe6-9f35-4955-b1f6-398a97768edd) ===
Unidade 1.4 — nível B1
Tipo 1 (medium) — meta 6, existentes 6, faltam 0
Tipo 2 (hard) — meta 2, existentes 2, faltam 0
Tipo 3 (hard) — meta 2, existentes 2, faltam 0
Tipo 4 (easy) — meta 12, existentes 12, faltam 0
Tipo 9 (hard) — meta 2, existentes 2, faltam 0
Tipo 10 (hard) — meta 2, existentes 2, faltam 0
Tipo 13 (medium) — meta 6, existentes 6, faltam 0
Tipo 11 (hard) — meta 2, existentes 2, faltam 0
Tipo 5 (easy) — meta 12, existentes 12, faltam 0
Tipo 7 (medium) — meta 6, existentes 6, faltam 0
Tipo 12 (medium) — meta 6, existentes 6, faltam 0
Tipo 8 (hard) — meta 2, existentes 2, faltam 0
Tipo 6 (hard) — meta 2, existentes 2, faltam 0
Geração concluída. Aprovando rascunhos pendentes...
Concluído. 0 exercício(s) aprovado(s) na unidade 1.4.

[45/108] === Unidade 2.5 - ¿Estoy de acuerdo o no? — Debatiendo con subjuntivo (6cc7f852-f8d4-4f99-a1d4-551fca1a682f) ===
Unidade 2.5 — nível B1
Tipo 1 (medium) — meta 6, existentes 6, faltam 0
Tipo 2 (hard) — meta 2, existentes 2, faltam 0
Tipo 3 (hard) — meta 2, existentes 2, faltam 0
Tipo 4 (easy) — meta 12, existentes 12, faltam 0
Tipo 9 (hard) — meta 2, existentes 2, faltam 0
Tipo 10 (hard) — meta 2, existentes 2, faltam 0
Tipo 13 (medium) — meta 6, existentes 6, faltam 0
Tipo 11 (hard) — meta 2, existentes 2, faltam 0
Tipo 5 (easy) — meta 12, existentes 12, faltam 0
Tipo 7 (medium) — meta 6, existentes 6, faltam 0
Tipo 12 (medium) — meta 6, existentes 6, faltam 0
Tipo 8 (hard) — meta 2, existentes 2, faltam 0
Tipo 6 (hard) — meta 2, existentes 2, faltam 0
Geração concluída. Aprovando rascunhos pendentes...
Concluído. 0 exercício(s) aprovado(s) na unidade 2.5.

[46/108] === Unidade 3.3 - Si yo pudiera... — El imperfecto de subjuntivo (c4e2bc7d-848a-466d-8776-f07833e0d8f2) ===
Unidade 3.3 — nível B1
Tipo 1 (medium) — meta 6, existentes 6, faltam 0
Tipo 2 (hard) — meta 2, existentes 2, faltam 0
Tipo 3 (hard) — meta 2, existentes 2, faltam 0
Tipo 4 (easy) — meta 12, existentes 12, faltam 0
Tipo 9 (hard) — meta 2, existentes 2, faltam 0
Tipo 10 (hard) — meta 2, existentes 2, faltam 0
Tipo 13 (medium) — meta 6, existentes 6, faltam 0
Tipo 11 (hard) — meta 2, existentes 2, faltam 0
Tipo 5 (easy) — meta 12, existentes 12, faltam 0
Tipo 7 (medium) — meta 6, existentes 6, faltam 0
Tipo 12 (medium) — meta 6, existentes 6, faltam 0
Tipo 8 (hard) — meta 2, existentes 2, faltam 0
Tipo 6 (hard) — meta 2, existentes 2, faltam 0
Geração concluída. Aprovando rascunhos pendentes...
Concluído. 0 exercício(s) aprovado(s) na unidade 3.3.

[47/108] === Unidade 4.1 - Mi rutina profesional — Tareas y plazos (33c77a5e-ddb2-467a-9cfa-ceea67ed9571) ===
Unidade 4.1 — nível B1
Tipo 1 (medium) — meta 6, existentes 6, faltam 0
Tipo 2 (hard) — meta 2, existentes 2, faltam 0
Tipo 3 (hard) — meta 2, existentes 2, faltam 0
Tipo 4 (easy) — meta 12, existentes 12, faltam 0
Tipo 9 (hard) — meta 2, existentes 2, faltam 0
Tipo 10 (hard) — meta 2, existentes 2, faltam 0
Tipo 13 (medium) — meta 6, existentes 6, faltam 0
Tipo 11 (hard) — meta 2, existentes 2, faltam 0
Tipo 5 (easy) — meta 12, existentes 12, faltam 0
Tipo 7 (medium) — meta 6, existentes 6, faltam 0
Tipo 12 (medium) — meta 6, existentes 6, faltam 0
Tipo 8 (hard) — meta 2, existentes 2, faltam 0
Tipo 6 (hard) — meta 2, existentes 2, faltam 0
Geração concluída. Aprovando rascunhos pendentes...
Concluído. 0 exercício(s) aprovado(s) na unidade 4.1.

[48/108] === Unidade 1.2 - ¿Cómo eran las cosas antes? — Cambios en la sociedad (4b306a27-272e-4bdb-9842-34055f8936fa) ===
Unidade 1.2 — nível B1
Tipo 1 (medium) — meta 6, existentes 6, faltam 0
Tipo 2 (hard) — meta 2, existentes 2, faltam 0
Tipo 3 (hard) — meta 2, existentes 2, faltam 0
Tipo 4 (easy) — meta 12, existentes 12, faltam 0
Tipo 9 (hard) — meta 2, existentes 2, faltam 0
Tipo 10 (hard) — meta 2, existentes 2, faltam 0
Tipo 13 (medium) — meta 6, existentes 6, faltam 0
Tipo 11 (hard) — meta 2, existentes 2, faltam 0
Tipo 5 (easy) — meta 12, existentes 12, faltam 0
Tipo 7 (medium) — meta 6, existentes 6, faltam 0
Tipo 12 (medium) — meta 6, existentes 6, faltam 0
Tipo 8 (hard) — meta 2, existentes 2, faltam 0
Tipo 6 (hard) — meta 2, existentes 2, faltam 0
Geração concluída. Aprovando rascunhos pendentes...
Concluído. 0 exercício(s) aprovado(s) na unidade 1.2.

[49/108] === Unidade 1.3 - Los cuatro gigantes irregulares de la nostalgia (f36b81a4-6b32-4198-b7f1-e43e11654fa4) ===
Unidade 1.3 — nível B1
Tipo 1 (medium) — meta 6, existentes 6, faltam 0
Tipo 2 (hard) — meta 2, existentes 2, faltam 0
Tipo 3 (hard) — meta 2, existentes 2, faltam 0
Tipo 4 (easy) — meta 12, existentes 12, faltam 0
Tipo 9 (hard) — meta 2, existentes 2, faltam 0
Tipo 10 (hard) — meta 2, existentes 2, faltam 0
Tipo 13 (medium) — meta 6, existentes 6, faltam 0
Tipo 11 (hard) — meta 2, existentes 2, faltam 0
Tipo 5 (easy) — meta 12, existentes 12, faltam 0
Tipo 7 (medium) — meta 6, existentes 6, faltam 0
Tipo 12 (medium) — meta 6, existentes 6, faltam 0
Tipo 8 (hard) — meta 2, existentes 2, faltam 0
Tipo 6 (hard) — meta 2, existentes 2, faltam 0
Geração concluída. Aprovando rascunhos pendentes...
Concluído. 0 exercício(s) aprovado(s) na unidade 1.3.

[50/108] === Unidade 2.4 - ¿Es posible o es cierto? — Certeza vs. hipótesis (544b2d27-8aec-42cb-ab3b-849cdd0d4a6d) ===
Unidade 2.4 — nível B1
Tipo 1 (medium) — meta 6, existentes 6, faltam 0
Tipo 2 (hard) — meta 2, existentes 2, faltam 0
Tipo 3 (hard) — meta 2, existentes 2, faltam 0
Tipo 4 (easy) — meta 12, existentes 12, faltam 0
Tipo 9 (hard) — meta 2, existentes 2, faltam 0
Tipo 10 (hard) — meta 2, existentes 2, faltam 0
Tipo 13 (medium) — meta 6, existentes 6, faltam 0
Tipo 11 (hard) — meta 2, existentes 2, faltam 0
Tipo 5 (easy) — meta 12, existentes 12, faltam 0
Tipo 7 (medium) — meta 6, existentes 6, faltam 0
Tipo 12 (medium) — meta 6, existentes 6, faltam 0
Tipo 8 (hard) — meta 2, existentes 2, faltam 0
Tipo 6 (hard) — meta 2, existentes 2, faltam 0
Geração concluída. Aprovando rascunhos pendentes...
Concluído. 0 exercício(s) aprovado(s) na unidade 2.4.

[51/108] === Unidade 4.3 - Causas y Finalidades — Ya que & Para que (abd3b885-73de-43a0-9e88-75f66b03721b) ===
Unidade 4.3 — nível B1
Tipo 1 (medium) — meta 6, existentes 6, faltam 0
Tipo 2 (hard) — meta 2, existentes 2, faltam 0
Tipo 3 (hard) — meta 2, existentes 2, faltam 0
Tipo 4 (easy) — meta 12, existentes 12, faltam 0
Tipo 9 (hard) — meta 2, existentes 2, faltam 0
Tipo 10 (hard) — meta 2, existentes 2, faltam 0
Tipo 13 (medium) — meta 6, existentes 6, faltam 0
Tipo 11 (hard) — meta 2, existentes 2, faltam 0
Tipo 5 (easy) — meta 12, existentes 12, faltam 0
Tipo 7 (medium) — meta 6, existentes 6, faltam 0
Tipo 12 (medium) — meta 6, existentes 6, faltam 0
Tipo 8 (hard) — meta 2, existentes 2, faltam 0
Tipo 6 (hard) — meta 2, existentes 2, faltam 0
Geração concluída. Aprovando rascunhos pendentes...
Concluído. 0 exercício(s) aprovado(s) na unidade 4.3.

[52/108] === Unidade 2.5 - La Arena del Debate — Defensa de Puntos de Vista (48572bd4-4583-4661-a109-ae87862f3113) ===
Unidade 2.5 — nível B2
Tipo 1 (medium) — meta 6, existentes 6, faltam 0
Tipo 2 (hard) — meta 2, existentes 2, faltam 0
Tipo 3 (hard) — meta 2, existentes 2, faltam 0
Tipo 4 (easy) — meta 12, existentes 12, faltam 0
Tipo 9 (hard) — meta 2, existentes 2, faltam 0
Tipo 10 (hard) — meta 2, existentes 2, faltam 0
Tipo 13 (medium) — meta 6, existentes 6, faltam 0
Tipo 11 (hard) — meta 2, existentes 2, faltam 0
Tipo 5 (easy) — meta 12, existentes 12, faltam 0
Tipo 7 (medium) — meta 6, existentes 6, faltam 0
Tipo 12 (medium) — meta 6, existentes 6, faltam 0
Tipo 8 (hard) — meta 2, existentes 2, faltam 0
Tipo 6 (hard) — meta 2, existentes 2, faltam 0
Geração concluída. Aprovando rascunhos pendentes...
Concluído. 0 exercício(s) aprovado(s) na unidade 2.5.

[53/108] === Unidade 3.2 - ¿Y si los Planes Cambiaran? — El Mundo de las Condiciones (a14af4ff-ef5e-4648-882b-94c7e6055a7d) ===
Unidade 3.2 — nível B1
Tipo 1 (medium) — meta 6, existentes 6, faltam 0
Tipo 2 (hard) — meta 2, existentes 2, faltam 0
Tipo 3 (hard) — meta 2, existentes 2, faltam 0
Tipo 4 (easy) — meta 12, existentes 12, faltam 0
Tipo 9 (hard) — meta 2, existentes 2, faltam 0
Tipo 10 (hard) — meta 2, existentes 2, faltam 0
Tipo 13 (medium) — meta 6, existentes 6, faltam 0
Tipo 11 (hard) — meta 2, existentes 2, faltam 0
Tipo 5 (easy) — meta 12, existentes 12, faltam 0
Tipo 7 (medium) — meta 6, existentes 6, faltam 0
Tipo 12 (medium) — meta 6, existentes 6, faltam 0
Tipo 8 (hard) — meta 2, existentes 2, faltam 0
Tipo 6 (hard) — meta 2, existentes 2, faltam 0
Geração concluída. Aprovando rascunhos pendentes...
Concluído. 0 exercício(s) aprovado(s) na unidade 3.2.

[54/108] === Unidade 2.4 - Ética, Ciudadanía y la Línea de Conclusión (1ae15180-3fc5-4237-93da-328676c90c3a) ===
Unidade 2.4 — nível B2
Tipo 1 (medium) — meta 6, existentes 6, faltam 0
Tipo 2 (hard) — meta 2, existentes 2, faltam 0
Tipo 3 (hard) — meta 2, existentes 2, faltam 0
Tipo 4 (easy) — meta 12, existentes 12, faltam 0
Tipo 9 (hard) — meta 2, existentes 2, faltam 0
Tipo 10 (hard) — meta 2, existentes 2, faltam 0
Tipo 13 (medium) — meta 6, existentes 6, faltam 0
Tipo 11 (hard) — meta 2, existentes 2, faltam 0
Tipo 5 (easy) — meta 12, existentes 12, faltam 0
Tipo 7 (medium) — meta 6, existentes 6, faltam 0
Tipo 12 (medium) — meta 6, existentes 6, faltam 0
Tipo 8 (hard) — meta 2, existentes 2, faltam 0
Tipo 6 (hard) — meta 2, existentes 2, faltam 0
Geração concluída. Aprovando rascunhos pendentes...
Concluído. 0 exercício(s) aprovado(s) na unidade 2.4.

[55/108] === Unidade 3.4 - La Combinación Perfecta — Si yo tuviera, yo haría (d5dd3fd4-0077-4a97-8437-08766b0d46f2) ===
Unidade 3.4 — nível B1
Tipo 1 (medium) — meta 6, existentes 6, faltam 0
Tipo 2 (hard) — meta 2, existentes 2, faltam 0
Tipo 3 (hard) — meta 2, existentes 2, faltam 0
Tipo 4 (easy) — meta 12, existentes 12, faltam 0
Tipo 9 (hard) — meta 2, existentes 2, faltam 0
Tipo 10 (hard) — meta 2, existentes 2, faltam 0
Tipo 13 (medium) — meta 6, existentes 6, faltam 0
Tipo 11 (hard) — meta 2, existentes 2, faltam 0
Tipo 5 (easy) — meta 12, existentes 12, faltam 0
Tipo 7 (medium) — meta 6, existentes 6, faltam 0
Tipo 12 (medium) — meta 6, existentes 6, faltam 0
Tipo 8 (hard) — meta 2, existentes 2, faltam 0
Tipo 6 (hard) — meta 2, existentes 2, faltam 0
Geração concluída. Aprovando rascunhos pendentes...
Concluído. 0 exercício(s) aprovado(s) na unidade 3.4.

[56/108] === Unidade 3.5 - Arrepentimientos y Juicios Corteses (9c30c470-62a1-4ac2-b90b-09b85aa40fff) ===
Unidade 3.5 — nível B1
Tipo 1 (medium) — meta 6, existentes 6, faltam 0
Tipo 2 (hard) — meta 2, existentes 2, faltam 0
Tipo 3 (hard) — meta 2, existentes 2, faltam 0
Tipo 4 (easy) — meta 12, existentes 12, faltam 0
Tipo 9 (hard) — meta 2, existentes 2, faltam 0
Tipo 10 (hard) — meta 2, existentes 2, faltam 0
Tipo 13 (medium) — meta 6, existentes 6, faltam 0
Tipo 11 (hard) — meta 2, existentes 2, faltam 0
Tipo 5 (easy) — meta 12, existentes 12, faltam 0
Tipo 7 (medium) — meta 6, existentes 6, faltam 0
Tipo 12 (medium) — meta 6, existentes 6, faltam 0
Tipo 8 (hard) — meta 2, existentes 2, faltam 0
Tipo 6 (hard) — meta 2, existentes 2, faltam 0
Geração concluída. Aprovando rascunhos pendentes...
Concluído. 0 exercício(s) aprovado(s) na unidade 3.5.

[57/108] === Unidade 1.4 - Ironía, Humor y los Sobrentendidos (1a946611-3865-4d7d-aeb9-991635efe527) ===
Unidade 1.4 — nível B2
Tipo 1 (medium) — meta 6, existentes 6, faltam 0
Tipo 2 (hard) — meta 2, existentes 2, faltam 0
Tipo 3 (hard) — meta 2, existentes 2, faltam 0
Tipo 4 (easy) — meta 12, existentes 12, faltam 0
Tipo 9 (hard) — meta 2, existentes 2, faltam 0
Tipo 10 (hard) — meta 2, existentes 2, faltam 0
Tipo 13 (medium) — meta 6, existentes 6, faltam 0
Tipo 11 (hard) — meta 2, existentes 2, faltam 0
Tipo 5 (easy) — meta 12, existentes 12, faltam 0
Tipo 7 (medium) — meta 6, existentes 6, faltam 0
Tipo 12 (medium) — meta 6, existentes 6, faltam 0
Tipo 8 (hard) — meta 2, existentes 2, faltam 0
Tipo 6 (hard) — meta 2, existentes 2, faltam 0
Geração concluída. Aprovando rascunhos pendentes...
Concluído. 0 exercício(s) aprovado(s) na unidade 1.4.

[58/108] === Unidade 4.4 - Comportamiento Humano y Estilos de Vida (412d3727-1ac6-4860-8ff6-a395d002ba1f) ===
Unidade 4.4 — nível B2
Tipo 1 (medium) — meta 6, existentes 6, faltam 0
Tipo 2 (hard) — meta 2, existentes 2, faltam 0
Tipo 3 (hard) — meta 2, existentes 2, faltam 0
Tipo 4 (easy) — meta 12, existentes 12, faltam 0
Tipo 9 (hard) — meta 2, existentes 2, faltam 0
Tipo 10 (hard) — meta 2, existentes 2, faltam 0
Tipo 13 (medium) — meta 6, existentes 6, faltam 0
Tipo 11 (hard) — meta 2, existentes 2, faltam 0
Tipo 5 (easy) — meta 12, existentes 12, faltam 0
Tipo 7 (medium) — meta 6, existentes 6, faltam 0
Tipo 12 (medium) — meta 6, existentes 6, faltam 0
Tipo 8 (hard) — meta 2, existentes 2, faltam 0
Tipo 6 (hard) — meta 2, existentes 2, faltam 0
Geração concluída. Aprovando rascunhos pendentes...
Concluído. 0 exercício(s) aprovado(s) na unidade 4.4.

[59/108] === Unidade 1.2 - El Charla de las Calles — Jergas Esenciales de la Vida Cotidiana (be5d620c-a45c-4af1-90bb-de5c144d989e) ===
Unidade 1.2 — nível B2
Tipo 1 (medium) — meta 6, existentes 6, faltam 0
Tipo 2 (hard) — meta 2, existentes 2, faltam 0
Tipo 3 (hard) — meta 2, existentes 2, faltam 0
Tipo 4 (easy) — meta 12, existentes 12, faltam 0
Tipo 9 (hard) — meta 2, existentes 2, faltam 0
Tipo 10 (hard) — meta 2, existentes 2, faltam 0
Tipo 13 (medium) — meta 6, existentes 6, faltam 0
Tipo 11 (hard) — meta 2, existentes 2, faltam 0
Tipo 5 (easy) — meta 12, existentes 12, faltam 0
Tipo 7 (medium) — meta 6, existentes 6, faltam 0
Tipo 12 (medium) — meta 6, existentes 6, faltam 0
Tipo 8 (hard) — meta 2, existentes 2, faltam 0
Tipo 6 (hard) — meta 2, existentes 2, faltam 0
Geração concluída. Aprovando rascunhos pendentes...
Concluído. 0 exercício(s) aprovado(s) na unidade 1.2.

[60/108] === Unidade 1.4 - El Malabarismo de las Locuciones Verbales (159925f4-22c6-40e3-bc67-d0490bd0687f) ===
Unidade 1.4 — nível C1
Tipo 1 (medium) — meta 12, existentes 12, faltam 0
Tipo 2 (hard) — meta 3, existentes 3, faltam 0
Tipo 3 (hard) — meta 3, existentes 3, faltam 0
Tipo 4 (easy) — meta 24, existentes 24, faltam 0
Tipo 9 (hard) — meta 3, existentes 3, faltam 0
Tipo 10 (hard) — meta 3, existentes 3, faltam 0
Tipo 13 (medium) — meta 12, existentes 12, faltam 0
Tipo 11 (hard) — meta 3, existentes 3, faltam 0
Tipo 5 (easy) — meta 24, existentes 24, faltam 0
Tipo 7 (medium) — meta 12, existentes 12, faltam 0
Tipo 12 (medium) — meta 12, existentes 12, faltam 0
Tipo 8 (hard) — meta 3, existentes 3, faltam 0
Tipo 6 (hard) — meta 3, existentes 3, faltam 0
Geração concluída. Aprovando rascunhos pendentes...
Concluído. 0 exercício(s) aprovado(s) na unidade 1.4.

[61/108] === Unidade 1.3 - El Secreto de las Expresiones Idiomáticas (e2cd91b9-88c8-49a7-95db-1bfbd4dc7ca7) ===
Unidade 1.3 — nível B2
Tipo 1 (medium) — meta 6, existentes 6, faltam 0
Tipo 2 (hard) — meta 2, existentes 2, faltam 0
Tipo 3 (hard) — meta 2, existentes 2, faltam 0
Tipo 4 (easy) — meta 12, existentes 12, faltam 0
Tipo 9 (hard) — meta 2, existentes 2, faltam 0
Tipo 10 (hard) — meta 2, existentes 2, faltam 0
Tipo 13 (medium) — meta 6, existentes 6, faltam 0
Tipo 11 (hard) — meta 2, existentes 2, faltam 0
Tipo 5 (easy) — meta 12, existentes 12, faltam 0
Tipo 7 (medium) — meta 6, existentes 6, faltam 0
Tipo 12 (medium) — meta 6, existentes 6, faltam 0
Tipo 8 (hard) — meta 2, existentes 2, faltam 0
Tipo 6 (hard) — meta 2, existentes 2, faltam 0
Geração concluída. Aprovando rascunhos pendentes...
Concluído. 0 exercício(s) aprovado(s) na unidade 1.3.

[62/108] === Unidade 2.2 - El Juego del Contraste Avanzado (cc4a4be2-e339-47f6-a420-bf8b12ccc203) ===
Unidade 2.2 — nível B2
Tipo 1 (medium) — meta 6, existentes 6, faltam 0
Tipo 2 (hard) — meta 2, existentes 2, faltam 0
Tipo 3 (hard) — meta 2, existentes 2, faltam 0
Tipo 4 (easy) — meta 12, existentes 12, faltam 0
Tipo 9 (hard) — meta 2, existentes 2, faltam 0
Tipo 10 (hard) — meta 2, existentes 2, faltam 0
Tipo 13 (medium) — meta 6, existentes 6, faltam 0
Tipo 11 (hard) — meta 2, existentes 2, faltam 0
Tipo 5 (easy) — meta 12, existentes 12, faltam 0
Tipo 7 (medium) — meta 6, existentes 6, faltam 0
Tipo 12 (medium) — meta 6, existentes 6, faltam 0
Tipo 8 (hard) — meta 2, existentes 2, faltam 0
Tipo 6 (hard) — meta 2, existentes 2, faltam 0
Geração concluída. Aprovando rascunhos pendentes...
Concluído. 0 exercício(s) aprovado(s) na unidade 2.2.

[63/108] === Unidade 1.5 - Cortesía Popular y la Picaresca del Bien (8a24c547-4e60-4e44-a396-31082b7d7832) ===
Unidade 1.5 — nível B2
Tipo 1 (medium) — meta 6, existentes 6, faltam 0
Tipo 2 (hard) — meta 2, existentes 2, faltam 0
Tipo 3 (hard) — meta 2, existentes 2, faltam 0
Tipo 4 (easy) — meta 12, existentes 12, faltam 0
Tipo 9 (hard) — meta 2, existentes 2, faltam 0
Tipo 10 (hard) — meta 2, existentes 2, faltam 0
Tipo 13 (medium) — meta 6, existentes 6, faltam 0
Tipo 11 (hard) — meta 2, existentes 2, faltam 0
Tipo 5 (easy) — meta 12, existentes 12, faltam 0
Tipo 7 (medium) — meta 6, existentes 6, faltam 0
Tipo 12 (medium) — meta 6, existentes 6, faltam 0
Tipo 8 (hard) — meta 2, existentes 2, faltam 0
Tipo 6 (hard) — meta 2, existentes 2, faltam 0
Geração concluída. Aprovando rascunhos pendentes...
Concluído. 0 exercício(s) aprovado(s) na unidade 1.5.

[64/108] === Unidade 2.3 - Cediendo Terreno con Elegancia — Concesión en el B2 (f3758cbf-d9a0-4eca-8de7-f7d11fcbc984) ===
Unidade 2.3 — nível B2
Tipo 1 (medium) — meta 6, existentes 6, faltam 0
Tipo 2 (hard) — meta 2, existentes 2, faltam 0
Tipo 3 (hard) — meta 2, existentes 2, faltam 0
Tipo 4 (easy) — meta 12, existentes 12, faltam 0
Tipo 9 (hard) — meta 2, existentes 2, faltam 0
Tipo 10 (hard) — meta 2, existentes 2, faltam 0
Tipo 13 (medium) — meta 6, existentes 6, faltam 0
Tipo 11 (hard) — meta 2, existentes 2, faltam 0
Tipo 5 (easy) — meta 12, existentes 12, faltam 0
Tipo 7 (medium) — meta 6, existentes 6, faltam 0
Tipo 12 (medium) — meta 6, existentes 6, faltam 0
Tipo 8 (hard) — meta 2, existentes 2, faltam 0
Tipo 6 (hard) — meta 2, existentes 2, faltam 0
Geração concluída. Aprovando rascunhos pendentes...
Concluído. 0 exercício(s) aprovado(s) na unidade 2.3.

[65/108] === Unidade 3.3 - El Foco en la Acción — Voz Pasiva Analítica (0b2543c2-7c93-44ed-a609-2b575e50ac06) ===
Unidade 3.3 — nível B2
Tipo 1 (medium) — meta 6, existentes 6, faltam 0
Tipo 2 (hard) — meta 2, existentes 2, faltam 0
Tipo 3 (hard) — meta 2, existentes 2, faltam 0
Tipo 4 (easy) — meta 12, existentes 12, faltam 0
Tipo 9 (hard) — meta 2, existentes 2, faltam 0
Tipo 10 (hard) — meta 2, existentes 2, faltam 0
Tipo 13 (medium) — meta 6, existentes 6, faltam 0
Tipo 11 (hard) — meta 2, existentes 2, faltam 0
Tipo 5 (easy) — meta 12, existentes 12, faltam 0
Tipo 7 (medium) — meta 6, existentes 6, faltam 0
Tipo 12 (medium) — meta 6, existentes 6, faltam 0
Tipo 8 (hard) — meta 2, existentes 2, faltam 0
Tipo 6 (hard) — meta 2, existentes 2, faltam 0
Geração concluída. Aprovando rascunhos pendentes...
Concluído. 0 exercício(s) aprovado(s) na unidade 3.3.

[66/108] === Unidade 4.2 - Mi Próximo Fin de Semana — Ocio y Marcadores de Tiempo (b9229908-a686-4cc4-9925-4a38c6c2fd17) ===
Unidade 4.2 — nível A2
Tipo 1 (medium) — meta 6, existentes 6, faltam 0
Tipo 2 (hard) — meta 2, existentes 2, faltam 0
Tipo 3 (hard) — meta 2, existentes 2, faltam 0
Tipo 4 (easy) — meta 12, existentes 12, faltam 0
Tipo 9 (hard) — meta 2, existentes 2, faltam 0
Tipo 10 (hard) — meta 2, existentes 2, faltam 0
Tipo 13 (medium) — meta 6, existentes 6, faltam 0
Tipo 11 (hard) — meta 2, existentes 2, faltam 0
Tipo 5 (easy) — meta 12, existentes 12, faltam 0
Tipo 7 (medium) — meta 6, existentes 6, faltam 0
Tipo 12 (medium) — meta 6, existentes 6, faltam 0
Tipo 8 (hard) — meta 2, existentes 2, faltam 0
Tipo 6 (hard) — meta 2, existentes 2, faltam 0
Geração concluída. Aprovando rascunhos pendentes...
Concluído. 0 exercício(s) aprovado(s) na unidade 4.2.

[67/108] === Unidade 1.3 - El Laberinto de los Pasados Irregulares (913f8ae7-2398-4eb2-873c-e3ee001cd9b3) ===
Unidade 1.3 — nível A2
Tipo 1 (medium) — meta 6, existentes 6, faltam 0
Tipo 2 (hard) — meta 2, existentes 2, faltam 0
Tipo 3 (hard) — meta 2, existentes 2, faltam 0
Tipo 4 (easy) — meta 12, existentes 12, faltam 0
Tipo 9 (hard) — meta 2, existentes 2, faltam 0
Tipo 10 (hard) — meta 2, existentes 2, faltam 0
Tipo 13 (medium) — meta 6, existentes 6, faltam 0
Tipo 11 (hard) — meta 2, existentes 2, faltam 0
Tipo 5 (easy) — meta 12, existentes 12, faltam 0
Tipo 7 (medium) — meta 6, existentes 6, faltam 0
Tipo 12 (medium) — meta 6, existentes 6, faltam 0
Tipo 8 (hard) — meta 2, existentes 2, faltam 0
Tipo 6 (hard) — meta 2, existentes 2, faltam 0
Geração concluída. Aprovando rascunhos pendentes...
Concluído. 0 exercício(s) aprovado(s) na unidade 1.3.

[68/108] === Unidade 2.3 - ¿De Quién es Esto? Objetos y la Posesión Expandida (77b9025b-8e8a-4089-910f-376add26f6c2) ===
Unidade 2.3 — nível A1
Tipo 1 (medium) — meta 6, existentes 0, faltam 6
  Gerando lote de 6...
  Criados 6 rascunhos.
Tipo 2 (hard) — meta 2, existentes 0, faltam 2
  Gerando lote de 2...
  Criados 2 rascunhos.
Tipo 3 (hard) — meta 2, existentes 0, faltam 2
  Gerando lote de 2...
  Criados 2 rascunhos.
Tipo 4 (easy) — meta 12, existentes 0, faltam 12
  Gerando lote de 12...
  Criados 12 rascunhos.
Tipo 9 (hard) — meta 2, existentes 0, faltam 2
  Gerando lote de 2...
  Criados 2 rascunhos.
Tipo 10 (hard) — meta 2, existentes 0, faltam 2
  Gerando lote de 2...
  Criados 2 rascunhos.
Tipo 13 (medium) — meta 6, existentes 0, faltam 6
  Gerando lote de 6...
  Criados 6 rascunhos.
Tipo 11 (hard) — meta 2, existentes 0, faltam 2
  Gerando lote de 2...
  Criados 2 rascunhos.
Tipo 5 (easy) — meta 12, existentes 0, faltam 12
  Gerando lote de 12...
  Criados 12 rascunhos.
Tipo 7 (medium) — meta 6, existentes 0, faltam 6
  Gerando lote de 6...
  Criados 6 rascunhos.
Tipo 12 (medium) — meta 6, existentes 0, faltam 6
  Gerando lote de 6...
  Criados 6 rascunhos.
Tipo 8 (hard) — meta 2, existentes 0, faltam 2
  Gerando lote de 2...
  Criados 2 rascunhos.
Tipo 6 (hard) — meta 2, existentes 0, faltam 2
  Gerando lote de 2...
  Criados 2 rascunhos.
Geração concluída. Aprovando rascunhos pendentes...
Concluído. 72 exercício(s) aprovado(s) na unidade 2.3.

[69/108] === Unidade 4.1 - El Ritmo de la Acción — Inicio y Conclusión Inmediata (e475e25d-3b33-4d49-8bb4-800f4c573061) ===
Unidade 4.1 — nível B2
Tipo 1 (medium) — meta 6, existentes 0, faltam 6
  Gerando lote de 6...
  Erro: Falha ao gerar exercícios (medium). — aguardando e tentando de novo...
  Gerando lote de 6...
  Criados 6 rascunhos.
Tipo 2 (hard) — meta 2, existentes 0, faltam 2
  Gerando lote de 2...
  Criados 2 rascunhos.
Tipo 3 (hard) — meta 2, existentes 0, faltam 2
  Gerando lote de 2...
  Criados 2 rascunhos.
Tipo 4 (easy) — meta 12, existentes 0, faltam 12
  Gerando lote de 12...
  Criados 12 rascunhos.
Tipo 9 (hard) — meta 2, existentes 0, faltam 2
  Gerando lote de 2...
  Criados 2 rascunhos.
Tipo 10 (hard) — meta 2, existentes 0, faltam 2
  Gerando lote de 2...
  Criados 2 rascunhos.
Tipo 13 (medium) — meta 6, existentes 0, faltam 6
  Gerando lote de 6...
  Criados 6 rascunhos.
Tipo 11 (hard) — meta 2, existentes 0, faltam 2
  Gerando lote de 2...
  Criados 2 rascunhos.
Tipo 5 (easy) — meta 12, existentes 0, faltam 12
  Gerando lote de 12...
  Criados 12 rascunhos.
Tipo 7 (medium) — meta 6, existentes 0, faltam 6
  Gerando lote de 6...
  Criados 6 rascunhos.
Tipo 12 (medium) — meta 6, existentes 0, faltam 6
  Gerando lote de 6...
  Criados 6 rascunhos.
Tipo 8 (hard) — meta 2, existentes 0, faltam 2
  Gerando lote de 2...
  Criados 2 rascunhos.
Tipo 6 (hard) — meta 2, existentes 0, faltam 2
  Gerando lote de 2...
  Criados 2 rascunhos.
Geração concluída. Aprovando rascunhos pendentes...
Concluído. 94 exercício(s) aprovado(s) na unidade 4.1.

[70/108] === Unidade 4.3 - El Planeta en Agenda — Sostenibilidad y Ciencia (fdf744cb-12e5-4de7-9443-0eeef6f093d0) ===
Unidade 4.3 — nível B2
Tipo 1 (medium) — meta 6, existentes 6, faltam 0
Tipo 2 (hard) — meta 2, existentes 2, faltam 0
Tipo 3 (hard) — meta 2, existentes 2, faltam 0
Tipo 4 (easy) — meta 12, existentes 12, faltam 0
Tipo 9 (hard) — meta 2, existentes 2, faltam 0
Tipo 10 (hard) — meta 2, existentes 2, faltam 0
Tipo 13 (medium) — meta 6, existentes 6, faltam 0
Tipo 11 (hard) — meta 2, existentes 2, faltam 0
Tipo 5 (easy) — meta 12, existentes 12, faltam 0
Tipo 7 (medium) — meta 6, existentes 6, faltam 0
Tipo 12 (medium) — meta 6, existentes 6, faltam 0
Tipo 8 (hard) — meta 2, existentes 2, faltam 0
Tipo 6 (hard) — meta 2, existentes 2, faltam 0
Geração concluída. Aprovando rascunhos pendentes...
Concluído. 0 exercício(s) aprovado(s) na unidade 4.3.

[71/108] === Unidade 1.5 - Mis Experiencias Concluidas (ef8ca2a6-e869-4b4d-a9d1-0710603c9e22) ===
Unidade 1.5 — nível A2
Tipo 1 (medium) — meta 6, existentes 6, faltam 0
Tipo 2 (hard) — meta 2, existentes 2, faltam 0
Tipo 3 (hard) — meta 2, existentes 2, faltam 0
Tipo 4 (easy) — meta 12, existentes 12, faltam 0
Tipo 9 (hard) — meta 2, existentes 2, faltam 0
Tipo 10 (hard) — meta 2, existentes 2, faltam 0
Tipo 13 (medium) — meta 6, existentes 6, faltam 0
Tipo 11 (hard) — meta 2, existentes 2, faltam 0
Tipo 5 (easy) — meta 12, existentes 12, faltam 0
Tipo 7 (medium) — meta 6, existentes 6, faltam 0
Tipo 12 (medium) — meta 6, existentes 6, faltam 0
Tipo 8 (hard) — meta 2, existentes 2, faltam 0
Tipo 6 (hard) — meta 2, existentes 2, faltam 0
Geração concluída. Aprovando rascunhos pendentes...
Concluído. 0 exercício(s) aprovado(s) na unidade 1.5.

[72/108] === Unidade 3.4 - El Registro Formal — Voz Pasiva Sintética (53cac74c-9ab4-4afa-8c0f-b4038ce58d54) ===
Unidade 3.4 — nível B2
Tipo 1 (medium) — meta 6, existentes 6, faltam 0
Tipo 2 (hard) — meta 2, existentes 2, faltam 0
Tipo 3 (hard) — meta 2, existentes 2, faltam 0
Tipo 4 (easy) — meta 12, existentes 12, faltam 0
Tipo 9 (hard) — meta 2, existentes 2, faltam 0
Tipo 10 (hard) — meta 2, existentes 2, faltam 0
Tipo 13 (medium) — meta 6, existentes 6, faltam 0
Tipo 11 (hard) — meta 2, existentes 2, faltam 0
Tipo 5 (easy) — meta 12, existentes 12, faltam 0
Tipo 7 (medium) — meta 6, existentes 6, faltam 0
Tipo 12 (medium) — meta 6, existentes 6, faltam 0
Tipo 8 (hard) — meta 2, existentes 2, faltam 0
Tipo 6 (hard) — meta 2, existentes 2, faltam 0
Geração concluída. Aprovando rascunhos pendentes...
Concluído. 0 exercício(s) aprovado(s) na unidade 3.4.

[73/108] === Unidade 1.5 - El Desafío de la Eufonía — Consolidación Pronominal (d3852405-dbcc-47ae-82bf-5f69fbee8377) ===
Unidade 1.5 — nível C1
Tipo 1 (medium) — meta 12, existentes 0, faltam 12
  Gerando lote de 12...
  Criados 12 rascunhos.
Tipo 2 (hard) — meta 3, existentes 0, faltam 3
  Gerando lote de 3...
  Criados 3 rascunhos.
Tipo 3 (hard) — meta 3, existentes 0, faltam 3
  Gerando lote de 3...
  Criados 3 rascunhos.
Tipo 4 (easy) — meta 24, existentes 0, faltam 24
  Gerando lote de 20...
  Criados 20 rascunhos.
  Gerando lote de 4...
  Criados 4 rascunhos.
Tipo 9 (hard) — meta 3, existentes 0, faltam 3
  Gerando lote de 3...
  Criados 3 rascunhos.
Tipo 10 (hard) — meta 3, existentes 0, faltam 3
  Gerando lote de 3...
  Criados 3 rascunhos.
Tipo 13 (medium) — meta 12, existentes 0, faltam 12
  Gerando lote de 12...
  Criados 12 rascunhos.
Tipo 11 (hard) — meta 3, existentes 0, faltam 3
  Gerando lote de 3...
  Criados 3 rascunhos.
Tipo 5 (easy) — meta 24, existentes 0, faltam 24
  Gerando lote de 20...
  Criados 20 rascunhos.
  Gerando lote de 4...
  Criados 4 rascunhos.
Tipo 7 (medium) — meta 12, existentes 0, faltam 12
  Gerando lote de 12...
  Criados 12 rascunhos.
Tipo 12 (medium) — meta 12, existentes 0, faltam 12
  Gerando lote de 12...
  Criados 12 rascunhos.
Tipo 8 (hard) — meta 3, existentes 0, faltam 3
  Gerando lote de 3...
  Criados 3 rascunhos.
Tipo 6 (hard) — meta 3, existentes 0, faltam 3
  Gerando lote de 3...
  Criados 3 rascunhos.
Geração concluída. Aprovando rascunhos pendentes...
Concluído. 117 exercício(s) aprovado(s) na unidade 1.5.

[74/108] === Unidade 2.1 - En la Mira de los Medios — Noticias y Redes Sociales (9d68406e-4e65-437d-98df-943111fcd54c) ===
Unidade 2.1 — nível B2
Tipo 1 (medium) — meta 6, existentes 6, faltam 0
Tipo 2 (hard) — meta 2, existentes 2, faltam 0
Tipo 3 (hard) — meta 2, existentes 2, faltam 0
Tipo 4 (easy) — meta 12, existentes 12, faltam 0
Tipo 9 (hard) — meta 2, existentes 2, faltam 0
Tipo 10 (hard) — meta 2, existentes 2, faltam 0
Tipo 13 (medium) — meta 6, existentes 6, faltam 0
Tipo 11 (hard) — meta 2, existentes 2, faltam 0
Tipo 5 (easy) — meta 12, existentes 12, faltam 0
Tipo 7 (medium) — meta 6, existentes 6, faltam 0
Tipo 12 (medium) — meta 6, existentes 6, faltam 0
Tipo 8 (hard) — meta 2, existentes 2, faltam 0
Tipo 6 (hard) — meta 2, existentes 2, faltam 0
Geração concluída. Aprovando rascunhos pendentes...
Concluído. 0 exercício(s) aprovado(s) na unidade 2.1.

[75/108] === Unidade 2.2 - Zona Prohibida — Donde el Acento Grave No Entra (82761c85-769f-49d1-a9e7-d8abd6242093) ===
Unidade 2.2 — nível C1
Tipo 1 (medium) — meta 12, existentes 12, faltam 0
Tipo 2 (hard) — meta 3, existentes 3, faltam 0
Tipo 3 (hard) — meta 3, existentes 3, faltam 0
Tipo 4 (easy) — meta 24, existentes 24, faltam 0
Tipo 9 (hard) — meta 3, existentes 3, faltam 0
Tipo 10 (hard) — meta 3, existentes 3, faltam 0
Tipo 13 (medium) — meta 12, existentes 12, faltam 0
Tipo 11 (hard) — meta 3, existentes 3, faltam 0
Tipo 5 (easy) — meta 24, existentes 24, faltam 0
Tipo 7 (medium) — meta 12, existentes 12, faltam 0
Tipo 12 (medium) — meta 12, existentes 12, faltam 0
Tipo 8 (hard) — meta 3, existentes 3, faltam 0
Tipo 6 (hard) — meta 3, existentes 3, faltam 0
Geração concluída. Aprovando rascunhos pendentes...
Concluído. 0 exercício(s) aprovado(s) na unidade 2.2.

[76/108] === Unidade 3.2 - Lirismo y Nostalgia — Rubem Braga y Martha Medeiros (65b2511d-1775-4fed-8ef0-c23976fc80d3) ===
Unidade 3.2 — nível C1
Tipo 1 (medium) — meta 12, existentes 12, faltam 0
Tipo 2 (hard) — meta 3, existentes 3, faltam 0
Tipo 3 (hard) — meta 3, existentes 3, faltam 0
Tipo 4 (easy) — meta 24, existentes 24, faltam 0
Tipo 9 (hard) — meta 3, existentes 3, faltam 0
Tipo 10 (hard) — meta 3, existentes 3, faltam 0
Tipo 13 (medium) — meta 12, existentes 12, faltam 0
Tipo 11 (hard) — meta 3, existentes 3, faltam 0
Tipo 5 (easy) — meta 24, existentes 24, faltam 0
Tipo 7 (medium) — meta 12, existentes 12, faltam 0
Tipo 12 (medium) — meta 12, existentes 12, faltam 0
Tipo 8 (hard) — meta 3, existentes 3, faltam 0
Tipo 6 (hard) — meta 3, existentes 3, faltam 0
Geração concluída. Aprovando rascunhos pendentes...
Concluído. 0 exercício(s) aprovado(s) na unidade 3.2.

[77/108] === Unidade 2.3 - El Terreno Neutro — Los Casos Facultativos (ee54860c-d736-4fc8-8f8a-88504c69bc79) ===
Unidade 2.3 — nível C1
Tipo 1 (medium) — meta 12, existentes 0, faltam 12
  Gerando lote de 12...
  Criados 12 rascunhos.
Tipo 2 (hard) — meta 3, existentes 0, faltam 3
  Gerando lote de 3...
  Criados 3 rascunhos.
Tipo 3 (hard) — meta 3, existentes 0, faltam 3
  Gerando lote de 3...
  Criados 3 rascunhos.
Tipo 4 (easy) — meta 24, existentes 0, faltam 24
  Gerando lote de 20...
  Criados 20 rascunhos.
  Gerando lote de 4...
  Criados 4 rascunhos.
Tipo 9 (hard) — meta 3, existentes 0, faltam 3
  Gerando lote de 3...
  Criados 3 rascunhos.
Tipo 10 (hard) — meta 3, existentes 0, faltam 3
  Gerando lote de 3...
  Criados 3 rascunhos.
Tipo 13 (medium) — meta 12, existentes 0, faltam 12
  Gerando lote de 12...
  Criados 12 rascunhos.
Tipo 11 (hard) — meta 3, existentes 0, faltam 3
  Gerando lote de 3...
  Criados 3 rascunhos.
Tipo 5 (easy) — meta 24, existentes 0, faltam 24
  Gerando lote de 20...
  Criados 20 rascunhos.
  Gerando lote de 4...
  Criados 4 rascunhos.
Tipo 7 (medium) — meta 12, existentes 0, faltam 12
  Gerando lote de 12...
  Criados 12 rascunhos.
Tipo 12 (medium) — meta 12, existentes 0, faltam 12
  Gerando lote de 12...
  Criados 12 rascunhos.
Tipo 8 (hard) — meta 3, existentes 0, faltam 3
  Gerando lote de 3...
  Criados 3 rascunhos.
Tipo 6 (hard) — meta 3, existentes 0, faltam 3
  Gerando lote de 3...
  Criados 3 rascunhos.
Geração concluída. Aprovando rascunhos pendentes...
Concluído. 129 exercício(s) aprovado(s) na unidade 2.3.

[78/108] === Unidade 3.5 - Hipermodernidad — De la Literatura a los Memes y Medios Digitales (347c1497-dd74-47da-a790-de6421b4718b) ===
Unidade 3.5 — nível C1
Tipo 1 (medium) — meta 12, existentes 0, faltam 12
  Gerando lote de 12...
  Criados 12 rascunhos.
Tipo 2 (hard) — meta 3, existentes 0, faltam 3
  Gerando lote de 3...
  Erro: Falha ao gerar exercícios (hard). — aguardando e tentando de novo...
  Gerando lote de 3...
  Erro: Falha ao gerar exercícios (hard). — aguardando e tentando de novo...
  Gerando lote de 3...
  Erro: Falha ao gerar exercícios (hard). — aguardando e tentando de novo...
  Gerando lote de 3...
  Erro: Falha ao gerar exercícios (hard). — aguardando e tentando de novo...
  Gerando lote de 3...
  Erro: Falha ao gerar exercícios (hard). — aguardando e tentando de novo...
  Gerando lote de 3...
  Erro: Falha ao gerar exercícios (hard). — aguardando e tentando de novo...
  Gerando lote de 3...
  Erro: Falha ao gerar exercícios (hard). — aguardando e tentando de novo...
  Gerando lote de 3...
  Erro: Falha ao gerar exercícios (hard). — aguardando e tentando de novo...
  Gerando lote de 3...
  Erro: Falha ao gerar exercícios (hard). — aguardando e tentando de novo...
  Gerando lote de 3...
  Erro: Falha ao gerar exercícios (hard). — aguardando e tentando de novo...
  Gerando lote de 3...
  Erro: Falha ao gerar exercícios (hard). — aguardando e tentando de novo...
  Gerando lote de 3...
  Erro: Falha ao gerar exercícios (hard). — aguardando e tentando de novo...
  Gerando lote de 3...
  Erro: Falha ao gerar exercícios (hard). — aguardando e tentando de novo...
  Gerando lote de 3...
  Erro: Falha ao gerar exercícios (hard). — aguardando e tentando de novo...
  Gerando lote de 3...
  Erro: Falha ao gerar exercícios (hard). — aguardando e tentando de novo...
  Gerando lote de 3...
  Erro: Falha ao gerar exercícios (hard). — aguardando e tentando de novo...
  Gerando lote de 3...
  Erro: Falha ao gerar exercícios (hard). — aguardando e tentando de novo...
  Gerando lote de 3...
  Erro: Falha ao gerar exercícios (hard). — aguardando e tentando de novo...
  Gerando lote de 3...
  Erro: Falha ao gerar exercícios (hard). — aguardando e tentando de novo...
  Gerando lote de 3...
  Erro: Falha ao gerar exercícios (hard). — aguardando e tentando de novo...
  Gerando lote de 3...
  Erro: Falha ao gerar exercícios (hard). — aguardando e tentando de novo...
  Gerando lote de 3...
  Erro: Falha ao gerar exercícios (hard). — aguardando e tentando de novo...
  Gerando lote de 3...
  Erro: Falha ao gerar exercícios (hard). — aguardando e tentando de novo...
  Gerando lote de 3...
  Erro: Falha ao gerar exercícios (hard). — aguardando e tentando de novo...
  Gerando lote de 3...
  Erro: Falha ao gerar exercícios (hard). — aguardando e tentando de novo...
  Gerando lote de 3...
  Erro: Falha ao gerar exercícios (hard). — aguardando e tentando de novo...
  Gerando lote de 3...
  Erro: Falha ao gerar exercícios (hard). — aguardando e tentando de novo...
  Gerando lote de 3...
  Erro: Falha ao gerar exercícios (hard). — aguardando e tentando de novo...
  Gerando lote de 3...
  Erro: Falha ao gerar exercícios (hard). — aguardando e tentando de novo...
  Gerando lote de 3...
  Erro: Falha ao gerar exercícios (hard). — aguardando e tentando de novo...
  Gerando lote de 3...
  Erro: Falha ao gerar exercícios (hard). — aguardando e tentando de novo...
  Gerando lote de 3...
  Erro: Falha ao gerar exercícios (hard). — aguardando e tentando de novo...
  Gerando lote de 3...
  Erro: Falha ao gerar exercícios (hard). — aguardando e tentando de novo...
  Gerando lote de 3...
  Erro: Falha ao gerar exercícios (hard). — aguardando e tentando de novo...
  Gerando lote de 3...
  Erro: Falha ao gerar exercícios (hard). — aguardando e tentando de novo...
  Gerando lote de 3...
  Erro: Falha ao gerar exercícios (hard). — aguardando e tentando de novo...
  Gerando lote de 3...
  Erro: Falha ao gerar exercícios (hard). — aguardando e tentando de novo...
  Gerando lote de 3...
  Erro: Falha ao gerar exercícios (hard). — aguardando e tentando de novo...
  Gerando lote de 3...
  Erro: Falha ao gerar exercícios (hard). — aguardando e tentando de novo...
  Gerando lote de 3...
  Erro: Falha ao gerar exercícios (hard). — aguardando e tentando de novo...
  Gerando lote de 3...
  Erro: Falha ao gerar exercícios (hard). — aguardando e tentando de novo...
  Gerando lote de 3...
  Erro: Falha ao gerar exercícios (hard). — aguardando e tentando de novo...
  Gerando lote de 3...
  Erro: Falha ao gerar exercícios (hard). — aguardando e tentando de novo...
  Gerando lote de 3...
  Erro: Falha ao gerar exercícios (hard). — aguardando e tentando de novo...
  Gerando lote de 3...
  Erro: Falha ao gerar exercícios (hard). — aguardando e tentando de novo...
  Gerando lote de 3...
  Erro: Falha ao gerar exercícios (hard). — aguardando e tentando de novo...
  Gerando lote de 3...
  Erro: Falha ao gerar exercícios (hard). — aguardando e tentando de novo...
  Gerando lote de 3...
  Erro: Falha ao gerar exercícios (hard). — aguardando e tentando de novo...
  Gerando lote de 3...
  Erro: Falha ao gerar exercícios (hard). — aguardando e tentando de novo...
  Gerando lote de 3...
  Erro: Falha ao gerar exercícios (hard). — aguardando e tentando de novo...
  Gerando lote de 3...
  Erro: Falha ao gerar exercícios (hard). — aguardando e tentando de novo...
  Gerando lote de 3...
  Erro: Falha ao gerar exercícios (hard). — aguardando e tentando de novo...
  Gerando lote de 3...
  Erro: Falha ao gerar exercícios (hard). — aguardando e tentando de novo...
  Gerando lote de 3...
  Erro: Falha ao gerar exercícios (hard). — aguardando e tentando de novo...
  Gerando lote de 3...
  Erro: Falha ao gerar exercícios (hard). — aguardando e tentando de novo...
  Gerando lote de 3...
  Criados 3 rascunhos.
Tipo 3 (hard) — meta 3, existentes 0, faltam 3
  Gerando lote de 3...
  Criados 3 rascunhos.
Tipo 4 (easy) — meta 24, existentes 0, faltam 24
  Gerando lote de 20...
  Criados 20 rascunhos.
  Gerando lote de 4...
  Criados 4 rascunhos.
Tipo 9 (hard) — meta 3, existentes 0, faltam 3
  Gerando lote de 3...
  Criados 3 rascunhos.
Tipo 10 (hard) — meta 3, existentes 0, faltam 3
  Gerando lote de 3...
  Criados 3 rascunhos.
Tipo 13 (medium) — meta 12, existentes 0, faltam 12
  Gerando lote de 12...
  Criados 12 rascunhos.
Tipo 11 (hard) — meta 3, existentes 0, faltam 3
  Gerando lote de 3...
  Criados 3 rascunhos.
Tipo 5 (easy) — meta 24, existentes 0, faltam 24
  Gerando lote de 20...
  Criados 20 rascunhos.
  Gerando lote de 4...
  Criados 4 rascunhos.
Tipo 7 (medium) — meta 12, existentes 0, faltam 12
  Gerando lote de 12...
  Criados 12 rascunhos.
Tipo 12 (medium) — meta 12, existentes 0, faltam 12
  Gerando lote de 12...
  Criados 12 rascunhos.
Tipo 8 (hard) — meta 3, existentes 0, faltam 3
  Gerando lote de 3...
  Criados 3 rascunhos.
Tipo 6 (hard) — meta 3, existentes 0, faltam 3
  Gerando lote de 3...
  Criados 3 rascunhos.
Geração concluída. Aprovando rascunhos pendentes...
Concluído. 204 exercício(s) aprovado(s) na unidade 3.5.

[79/108] === Unidade 3.1 - Mi Cuerpo — Partes del Cuerpo Humano (0360b08b-7614-4cc4-9b98-a274503b7eda) ===
Unidade 3.1 — nível A2
Tipo 1 (medium) — meta 6, existentes 6, faltam 0
Tipo 2 (hard) — meta 2, existentes 2, faltam 0
Tipo 3 (hard) — meta 2, existentes 2, faltam 0
Tipo 4 (easy) — meta 12, existentes 12, faltam 0
Tipo 9 (hard) — meta 2, existentes 2, faltam 0
Tipo 10 (hard) — meta 2, existentes 2, faltam 0
Tipo 13 (medium) — meta 6, existentes 6, faltam 0
Tipo 11 (hard) — meta 2, existentes 2, faltam 0
Tipo 5 (easy) — meta 12, existentes 12, faltam 0
Tipo 7 (medium) — meta 6, existentes 6, faltam 0
Tipo 12 (medium) — meta 6, existentes 6, faltam 0
Tipo 8 (hard) — meta 2, existentes 2, faltam 0
Tipo 6 (hard) — meta 2, existentes 2, faltam 0
Geração concluída. Aprovando rascunhos pendentes...
Concluído. 0 exercício(s) aprovado(s) na unidade 3.1.

[80/108] === Unidade 3.5 - Géneros Textuales — Crónicas y Noticias en la Práctica (05530541-e06a-4bfa-91b1-6b07fd160752) ===
Unidade 3.5 — nível B2
Tipo 1 (medium) — meta 6, existentes 6, faltam 0
Tipo 2 (hard) — meta 2, existentes 2, faltam 0
Tipo 3 (hard) — meta 2, existentes 2, faltam 0
Tipo 4 (easy) — meta 12, existentes 12, faltam 0
Tipo 9 (hard) — meta 2, existentes 2, faltam 0
Tipo 10 (hard) — meta 2, existentes 2, faltam 0
Tipo 13 (medium) — meta 6, existentes 6, faltam 0
Tipo 11 (hard) — meta 2, existentes 2, faltam 0
Tipo 5 (easy) — meta 12, existentes 12, faltam 0
Tipo 7 (medium) — meta 6, existentes 6, faltam 0
Tipo 12 (medium) — meta 6, existentes 6, faltam 0
Tipo 8 (hard) — meta 2, existentes 2, faltam 0
Tipo 6 (hard) — meta 2, existentes 2, faltam 0
Geração concluída. Aprovando rascunhos pendentes...
Concluído. 0 exercício(s) aprovado(s) na unidade 3.5.

[81/108] === Unidade 1.3 - El Ritmo Clásico — Mesóclise y Textos Formales (25ab88b0-fd87-4cba-bc06-4fd0cb2d94fa) ===
Unidade 1.3 — nível C1
Tipo 1 (medium) — meta 12, existentes 0, faltam 12
  Gerando lote de 12...
  Erro: Falha ao gerar exercícios (medium). — aguardando e tentando de novo...
  Gerando lote de 12...
  Criados 12 rascunhos.
Tipo 2 (hard) — meta 3, existentes 0, faltam 3
  Gerando lote de 3...
  Criados 3 rascunhos.
Tipo 3 (hard) — meta 3, existentes 0, faltam 3
  Gerando lote de 3...
  Erro: Falha ao gerar exercícios (hard). — aguardando e tentando de novo...
  Gerando lote de 3...
  Criados 3 rascunhos.
Tipo 4 (easy) — meta 24, existentes 0, faltam 24
  Gerando lote de 20...
  Criados 20 rascunhos.
  Gerando lote de 4...
  Criados 4 rascunhos.
Tipo 9 (hard) — meta 3, existentes 0, faltam 3
  Gerando lote de 3...
  Criados 3 rascunhos.
Tipo 10 (hard) — meta 3, existentes 0, faltam 3
  Gerando lote de 3...
  Criados 3 rascunhos.
Tipo 13 (medium) — meta 12, existentes 0, faltam 12
  Gerando lote de 12...
  Criados 12 rascunhos.
Tipo 11 (hard) — meta 3, existentes 0, faltam 3
  Gerando lote de 3...
  Criados 3 rascunhos.
Tipo 5 (easy) — meta 24, existentes 0, faltam 24
  Gerando lote de 20...
  Criados 20 rascunhos.
  Gerando lote de 4...
  Criados 4 rascunhos.
Tipo 7 (medium) — meta 12, existentes 0, faltam 12
  Gerando lote de 12...
  Criados 12 rascunhos.
Tipo 12 (medium) — meta 12, existentes 0, faltam 12
  Gerando lote de 12...
  Criados 12 rascunhos.
Tipo 8 (hard) — meta 3, existentes 0, faltam 3
  Gerando lote de 3...
  Criados 3 rascunhos.
Tipo 6 (hard) — meta 3, existentes 0, faltam 3
  Gerando lote de 3...
  Erro: Falha ao gerar exercícios (hard). — aguardando e tentando de novo...
  Gerando lote de 3...
  Criados 3 rascunhos.
Geração concluída. Aprovando rascunhos pendentes...
Concluído. 117 exercício(s) aprovado(s) na unidade 1.3.

[82/108] === Unidade 4.4 - Colectivos y Partitivos — La Núancia de la Norma (5bf7c69a-c232-4ff8-87ec-1732ee197257) ===
Unidade 4.4 — nível C1
Tipo 1 (medium) — meta 12, existentes 12, faltam 0
Tipo 2 (hard) — meta 3, existentes 3, faltam 0
Tipo 3 (hard) — meta 3, existentes 3, faltam 0
Tipo 4 (easy) — meta 24, existentes 24, faltam 0
Tipo 9 (hard) — meta 3, existentes 3, faltam 0
Tipo 10 (hard) — meta 3, existentes 3, faltam 0
Tipo 13 (medium) — meta 12, existentes 12, faltam 0
Tipo 11 (hard) — meta 3, existentes 3, faltam 0
Tipo 5 (easy) — meta 24, existentes 24, faltam 0
Tipo 7 (medium) — meta 12, existentes 12, faltam 0
Tipo 12 (medium) — meta 12, existentes 12, faltam 0
Tipo 8 (hard) — meta 3, existentes 3, faltam 0
Tipo 6 (hard) — meta 3, existentes 3, faltam 0
Geração concluída. Aprovando rascunhos pendentes...
Concluído. 0 exercício(s) aprovado(s) na unidade 4.4.

[83/108] === Unidade 4.1 - Anatomía del Editorial — Interpretación de Alta Densidad (5ddae091-05dd-40a8-ade0-ed40254e48be) ===
Unidade 4.1 — nível C1
Tipo 1 (medium) — meta 12, existentes 12, faltam 0
Tipo 2 (hard) — meta 3, existentes 3, faltam 0
Tipo 3 (hard) — meta 3, existentes 3, faltam 0
Tipo 4 (easy) — meta 24, existentes 24, faltam 0
Tipo 9 (hard) — meta 3, existentes 3, faltam 0
Tipo 10 (hard) — meta 3, existentes 3, faltam 0
Tipo 13 (medium) — meta 12, existentes 12, faltam 0
Tipo 11 (hard) — meta 3, existentes 3, faltam 0
Tipo 5 (easy) — meta 24, existentes 24, faltam 0
Tipo 7 (medium) — meta 12, existentes 12, faltam 0
Tipo 12 (medium) — meta 12, existentes 12, faltam 0
Tipo 8 (hard) — meta 3, existentes 3, faltam 0
Tipo 6 (hard) — meta 3, existentes 3, faltam 0
Geração concluída. Aprovando rascunhos pendentes...
Concluído. 0 exercício(s) aprovado(s) na unidade 4.1.

[84/108] === Unidade 2.5 - ¿Dónde Están las Cosas? Localización Espacial (b4a4526f-5ed8-4836-b1c1-8f18a5851b49) ===
Unidade 2.5 — nível A1
Tipo 1 (medium) — meta 6, existentes 6, faltam 0
Tipo 2 (hard) — meta 2, existentes 2, faltam 0
Tipo 3 (hard) — meta 2, existentes 2, faltam 0
Tipo 4 (easy) — meta 12, existentes 12, faltam 0
Tipo 9 (hard) — meta 2, existentes 2, faltam 0
Tipo 10 (hard) — meta 2, existentes 2, faltam 0
Tipo 13 (medium) — meta 6, existentes 6, faltam 0
Tipo 11 (hard) — meta 2, existentes 2, faltam 0
Tipo 5 (easy) — meta 12, existentes 12, faltam 0
Tipo 7 (medium) — meta 6, existentes 6, faltam 0
Tipo 12 (medium) — meta 6, existentes 6, faltam 0
Tipo 8 (hard) — meta 2, existentes 2, faltam 0
Tipo 6 (hard) — meta 2, existentes 2, faltam 0
Geração concluída. Aprovando rascunhos pendentes...
Concluído. 0 exercício(s) aprovado(s) na unidade 2.5.

[85/108] === Unidade 3.4 - Arqueología Lingüística — Del Arcaísmo al Registro Culto (4bfa07a2-b03d-49ce-b736-8b4fda3790dd) ===
Unidade 3.4 — nível C1
Tipo 1 (medium) — meta 12, existentes 12, faltam 0
Tipo 2 (hard) — meta 3, existentes 3, faltam 0
Tipo 3 (hard) — meta 3, existentes 3, faltam 0
Tipo 4 (easy) — meta 24, existentes 24, faltam 0
Tipo 9 (hard) — meta 3, existentes 3, faltam 0
Tipo 10 (hard) — meta 3, existentes 3, faltam 0
Tipo 13 (medium) — meta 12, existentes 12, faltam 0
Tipo 11 (hard) — meta 3, existentes 3, faltam 0
Tipo 5 (easy) — meta 24, existentes 24, faltam 0
Tipo 7 (medium) — meta 12, existentes 12, faltam 0
Tipo 12 (medium) — meta 12, existentes 12, faltam 0
Tipo 8 (hard) — meta 3, existentes 3, faltam 0
Tipo 6 (hard) — meta 3, existentes 3, faltam 0
Geração concluída. Aprovando rascunhos pendentes...
Concluído. 0 exercício(s) aprovado(s) na unidade 3.4.

[86/108] === Unidade 4.3 - El Desafío de la Inversión — Concordancia Avanzada (5f5b880e-91a3-4335-bf6f-dab75ec38524) ===
Unidade 4.3 — nível C1
Tipo 1 (medium) — meta 12, existentes 12, faltam 0
Tipo 2 (hard) — meta 3, existentes 3, faltam 0
Tipo 3 (hard) — meta 3, existentes 3, faltam 0
Tipo 4 (easy) — meta 24, existentes 24, faltam 0
Tipo 9 (hard) — meta 3, existentes 3, faltam 0
Tipo 10 (hard) — meta 3, existentes 3, faltam 0
Tipo 13 (medium) — meta 12, existentes 12, faltam 0
Tipo 11 (hard) — meta 3, existentes 3, faltam 0
Tipo 5 (easy) — meta 24, existentes 24, faltam 0
Tipo 7 (medium) — meta 12, existentes 12, faltam 0
Tipo 12 (medium) — meta 12, existentes 12, faltam 0
Tipo 8 (hard) — meta 3, existentes 3, faltam 0
Tipo 6 (hard) — meta 3, existentes 3, faltam 0
Geração concluída. Aprovando rascunhos pendentes...
Concluído. 0 exercício(s) aprovado(s) na unidade 4.3.

[87/108] === Unidade 1.5 - Contadores de Historias — Consolidación Narrativa (54d7c1b6-6e4a-4136-9aa6-7c877b24b8dc) ===
Unidade 1.5 — nível B1
Tipo 1 (medium) — meta 6, existentes 6, faltam 0
Tipo 2 (hard) — meta 2, existentes 2, faltam 0
Tipo 3 (hard) — meta 2, existentes 2, faltam 0
Tipo 4 (easy) — meta 12, existentes 12, faltam 0
Tipo 9 (hard) — meta 2, existentes 2, faltam 0
Tipo 10 (hard) — meta 2, existentes 2, faltam 0
Tipo 13 (medium) — meta 6, existentes 6, faltam 0
Tipo 11 (hard) — meta 2, existentes 2, faltam 0
Tipo 5 (easy) — meta 12, existentes 12, faltam 0
Tipo 7 (medium) — meta 6, existentes 6, faltam 0
Tipo 12 (medium) — meta 6, existentes 6, faltam 0
Tipo 8 (hard) — meta 2, existentes 2, faltam 0
Tipo 6 (hard) — meta 2, existentes 2, faltam 0
Geração concluída. Aprovando rascunhos pendentes...
Concluído. 0 exercício(s) aprovado(s) na unidade 1.5.

[88/108] === Unidade 1.6 - La Vocal Fantasma — Epéntesis en el Habla Coloquial (9484c6a0-dfc2-49cf-b0f8-9ebfdf1ea318) ===
Unidade 1.6 — nível B2
Tipo 1 (medium) — meta 6, existentes 0, faltam 6
  Gerando lote de 6...
  Criados 6 rascunhos.
Tipo 2 (hard) — meta 2, existentes 0, faltam 2
  Gerando lote de 2...
  Criados 2 rascunhos.
Tipo 3 (hard) — meta 2, existentes 0, faltam 2
  Gerando lote de 2...
  Criados 2 rascunhos.
Tipo 4 (easy) — meta 12, existentes 0, faltam 12
  Gerando lote de 12...
  Criados 12 rascunhos.
Tipo 9 (hard) — meta 2, existentes 0, faltam 2
  Gerando lote de 2...
  Criados 2 rascunhos.
Tipo 10 (hard) — meta 2, existentes 0, faltam 2
  Gerando lote de 2...
  Criados 2 rascunhos.
Tipo 13 (medium) — meta 6, existentes 0, faltam 6
  Gerando lote de 6...
  Criados 6 rascunhos.
Tipo 11 (hard) — meta 2, existentes 0, faltam 2
  Gerando lote de 2...
  Criados 2 rascunhos.
Tipo 5 (easy) — meta 12, existentes 0, faltam 12
  Gerando lote de 12...
  Criados 12 rascunhos.
Tipo 7 (medium) — meta 6, existentes 0, faltam 6
  Gerando lote de 6...
  Criados 6 rascunhos.
Tipo 12 (medium) — meta 6, existentes 0, faltam 6
  Gerando lote de 6...
  Criados 6 rascunhos.
Tipo 8 (hard) — meta 2, existentes 0, faltam 2
  Gerando lote de 2...
  Criados 2 rascunhos.
Tipo 6 (hard) — meta 2, existentes 0, faltam 2
  Gerando lote de 2...
  Criados 2 rascunhos.
Geração concluída. Aprovando rascunhos pendentes...
Concluído. 122 exercício(s) aprovado(s) na unidade 1.6.

[89/108] === Unidade 2.4 - Cambia la Preposición, Cambia el Sentido — Regencia Verbal I (34596b43-bdd1-45e5-83a6-3ac16552e15e) ===
Unidade 2.4 — nível C1
Tipo 1 (medium) — meta 9, existentes 9, faltam 0
Tipo 2 (hard) — meta 3, existentes 3, faltam 0
Tipo 3 (hard) — meta 3, existentes 3, faltam 0
Tipo 4 (easy) — meta 18, existentes 18, faltam 0
Tipo 9 (hard) — meta 3, existentes 3, faltam 0
Tipo 10 (hard) — meta 3, existentes 3, faltam 0
Tipo 13 (medium) — meta 9, existentes 9, faltam 0
Tipo 11 (hard) — meta 3, existentes 3, faltam 0
Tipo 5 (easy) — meta 18, existentes 18, faltam 0
Tipo 7 (medium) — meta 9, existentes 9, faltam 0
Tipo 12 (medium) — meta 9, existentes 9, faltam 0
Tipo 8 (hard) — meta 3, existentes 3, faltam 0
Tipo 6 (hard) — meta 3, existentes 3, faltam 0
Geração concluída. Aprovando rascunhos pendentes...
Concluído. 0 exercício(s) aprovado(s) na unidade 2.4.

[90/108] === Unidade 3.1 - El Arte de la Crónica Urbana — Veríssimo y el Humor Cotidiano (544ddbf7-2614-46ea-8c86-ded99f4b3c92) ===
Unidade 3.1 — nível C1
Tipo 1 (medium) — meta 9, existentes 0, faltam 9
  Gerando lote de 9...
  Criados 9 rascunhos.
Tipo 2 (hard) — meta 3, existentes 0, faltam 3
  Gerando lote de 3...
  Criados 3 rascunhos.
Tipo 3 (hard) — meta 3, existentes 0, faltam 3
  Gerando lote de 3...
  Criados 3 rascunhos.
Tipo 4 (easy) — meta 18, existentes 0, faltam 18
  Gerando lote de 18...
  Criados 18 rascunhos.
Tipo 9 (hard) — meta 3, existentes 0, faltam 3
  Gerando lote de 3...
  Criados 3 rascunhos.
Tipo 10 (hard) — meta 3, existentes 0, faltam 3
  Gerando lote de 3...
  Criados 3 rascunhos.
Tipo 13 (medium) — meta 9, existentes 0, faltam 9
  Gerando lote de 9...
  Erro: Falha ao gerar exercícios (medium). — aguardando e tentando de novo...
  Gerando lote de 9...
  Criados 9 rascunhos.
Tipo 11 (hard) — meta 3, existentes 0, faltam 3
  Gerando lote de 3...
  Criados 3 rascunhos.
Tipo 5 (easy) — meta 18, existentes 0, faltam 18
  Gerando lote de 18...
  Criados 18 rascunhos.
Tipo 7 (medium) — meta 9, existentes 0, faltam 9
  Gerando lote de 9...
  Criados 9 rascunhos.
Tipo 12 (medium) — meta 9, existentes 0, faltam 9
  Gerando lote de 9...
  Erro: Falha ao gerar exercícios (medium). — aguardando e tentando de novo...
  Gerando lote de 9...
  Criados 9 rascunhos.
Tipo 8 (hard) — meta 3, existentes 0, faltam 3
  Gerando lote de 3...
  Criados 3 rascunhos.
Tipo 6 (hard) — meta 3, existentes 0, faltam 3
  Gerando lote de 3...
  Criados 3 rascunhos.
Geração concluída. Aprovando rascunhos pendentes...
Concluído. 171 exercício(s) aprovado(s) na unidade 3.1.

[91/108] === Unidade 1.8 - La Letra Camaleónica — Los Cuatro Sonidos de la X (9e80fb25-54a7-4ac5-9e62-60575c2ed5f8) ===
Unidade 1.8 — nível A1
Tipo 1 (medium) — meta 6, existentes 0, faltam 6
  Gerando lote de 6...
  Criados 6 rascunhos.
Tipo 2 (hard) — meta 2, existentes 0, faltam 2
  Gerando lote de 2...
  Criados 2 rascunhos.
Tipo 3 (hard) — meta 2, existentes 0, faltam 2
  Gerando lote de 2...
  Criados 2 rascunhos.
Tipo 4 (easy) — meta 12, existentes 0, faltam 12
  Gerando lote de 12...
  Criados 12 rascunhos.
Tipo 9 (hard) — meta 2, existentes 0, faltam 2
  Gerando lote de 2...
  Criados 2 rascunhos.
Tipo 10 (hard) — meta 2, existentes 0, faltam 2
  Gerando lote de 2...
  Criados 2 rascunhos.
Tipo 13 (medium) — meta 6, existentes 0, faltam 6
  Gerando lote de 6...
  Criados 6 rascunhos.
Tipo 11 (hard) — meta 2, existentes 0, faltam 2
  Gerando lote de 2...
  Criados 2 rascunhos.
Tipo 5 (easy) — meta 12, existentes 0, faltam 12
  Gerando lote de 12...
  Criados 12 rascunhos.
Tipo 7 (medium) — meta 6, existentes 0, faltam 6
  Gerando lote de 6...
  Criados 6 rascunhos.
Tipo 12 (medium) — meta 6, existentes 0, faltam 6
  Gerando lote de 6...
  Criados 6 rascunhos.
Tipo 8 (hard) — meta 2, existentes 0, faltam 2
  Gerando lote de 2...
  Criados 2 rascunhos.
Tipo 6 (hard) — meta 2, existentes 0, faltam 2
  Gerando lote de 2...
  Criados 2 rascunhos.
Geração concluída. Aprovando rascunhos pendentes...
Concluído. 114 exercício(s) aprovado(s) na unidade 1.8.

[92/108] === Unidade 3.4 - En la Farmacia — Compras y Medicamentos (b212bad3-1b56-4313-ba2d-d2b351e72a9f) ===
Unidade 3.4 — nível A2
Tipo 1 (medium) — meta 6, existentes 6, faltam 0
Tipo 2 (hard) — meta 2, existentes 2, faltam 0
Tipo 3 (hard) — meta 2, existentes 2, faltam 0
Tipo 4 (easy) — meta 12, existentes 12, faltam 0
Tipo 9 (hard) — meta 2, existentes 2, faltam 0
Tipo 10 (hard) — meta 2, existentes 2, faltam 0
Tipo 13 (medium) — meta 6, existentes 6, faltam 0
Tipo 11 (hard) — meta 2, existentes 2, faltam 0
Tipo 5 (easy) — meta 12, existentes 12, faltam 0
Tipo 7 (medium) — meta 6, existentes 6, faltam 0
Tipo 12 (medium) — meta 6, existentes 6, faltam 0
Tipo 8 (hard) — meta 2, existentes 2, faltam 0
Tipo 6 (hard) — meta 2, existentes 2, faltam 0
Geração concluída. Aprovando rascunhos pendentes...
Concluído. 0 exercício(s) aprovado(s) na unidade 3.4.

[93/108] === Unidade 4.2 - Caza de Microerrores — Fónica y Ritmo Silábico (7e086974-22fa-4db1-9485-caa68b6d8c5f) ===
Unidade 4.2 — nível C1
Tipo 1 (medium) — meta 9, existentes 9, faltam 0
Tipo 2 (hard) — meta 3, existentes 3, faltam 0
Tipo 3 (hard) — meta 3, existentes 3, faltam 0
Tipo 4 (easy) — meta 18, existentes 18, faltam 0
Tipo 9 (hard) — meta 3, existentes 3, faltam 0
Tipo 10 (hard) — meta 3, existentes 3, faltam 0
Tipo 13 (medium) — meta 9, existentes 9, faltam 0
Tipo 11 (hard) — meta 3, existentes 3, faltam 0
Tipo 5 (easy) — meta 18, existentes 18, faltam 0
Tipo 7 (medium) — meta 9, existentes 9, faltam 0
Tipo 12 (medium) — meta 9, existentes 9, faltam 0
Tipo 8 (hard) — meta 3, existentes 3, faltam 0
Tipo 6 (hard) — meta 3, existentes 3, faltam 0
Geração concluída. Aprovando rascunhos pendentes...
Concluído. 0 exercício(s) aprovado(s) na unidade 4.2.

[94/108] === Unidade 2.1 - Mi Hinchada — Expresando Deseos y Emociones (267ab4ef-6c25-4f05-aadf-18abe9b30677) ===
Unidade 2.1 — nível B1
Tipo 1 (medium) — meta 6, existentes 6, faltam 0
Tipo 2 (hard) — meta 2, existentes 2, faltam 0
Tipo 3 (hard) — meta 2, existentes 2, faltam 0
Tipo 4 (easy) — meta 12, existentes 12, faltam 0
Tipo 9 (hard) — meta 2, existentes 2, faltam 0
Tipo 10 (hard) — meta 2, existentes 2, faltam 0
Tipo 13 (medium) — meta 6, existentes 6, faltam 0
Tipo 11 (hard) — meta 2, existentes 2, faltam 0
Tipo 5 (easy) — meta 12, existentes 12, faltam 0
Tipo 7 (medium) — meta 6, existentes 6, faltam 0
Tipo 12 (medium) — meta 6, existentes 6, faltam 0
Tipo 8 (hard) — meta 2, existentes 2, faltam 0
Tipo 6 (hard) — meta 2, existentes 2, faltam 0
Geração concluída. Aprovando rascunhos pendentes...
Concluído. 0 exercício(s) aprovado(s) na unidade 2.1.

[95/108] === Unidade 3.3 - El Secreto de las Entrelíneas — Doble Sentido y Ambigüedad (e8f0fe7e-b4ec-481b-896e-4ec36298a14e) ===
Unidade 3.3 — nível C1
Tipo 1 (medium) — meta 9, existentes 0, faltam 9
  Gerando lote de 9...
  Criados 9 rascunhos.
Tipo 2 (hard) — meta 3, existentes 0, faltam 3
  Gerando lote de 3...
  Criados 3 rascunhos.
Tipo 3 (hard) — meta 3, existentes 0, faltam 3
  Gerando lote de 3...
  Criados 3 rascunhos.
Tipo 4 (easy) — meta 18, existentes 0, faltam 18
  Gerando lote de 18...
  Criados 18 rascunhos.
Tipo 9 (hard) — meta 3, existentes 0, faltam 3
  Gerando lote de 3...
  Criados 3 rascunhos.
Tipo 10 (hard) — meta 3, existentes 0, faltam 3
  Gerando lote de 3...
  Criados 3 rascunhos.
Tipo 13 (medium) — meta 9, existentes 0, faltam 9
  Gerando lote de 9...
  Criados 9 rascunhos.
Tipo 11 (hard) — meta 3, existentes 0, faltam 3
  Gerando lote de 3...
  Criados 3 rascunhos.
Tipo 5 (easy) — meta 18, existentes 0, faltam 18
  Gerando lote de 18...
  Criados 18 rascunhos.
Tipo 7 (medium) — meta 9, existentes 0, faltam 9
  Gerando lote de 9...
  Criados 9 rascunhos.
Tipo 12 (medium) — meta 9, existentes 0, faltam 9
  Gerando lote de 9...
  Criados 9 rascunhos.
Tipo 8 (hard) — meta 3, existentes 0, faltam 3
  Gerando lote de 3...
  Criados 3 rascunhos.
Tipo 6 (hard) — meta 3, existentes 0, faltam 3
  Gerando lote de 3...
  Criados 3 rascunhos.
Geração concluída. Aprovando rascunhos pendentes...
Concluído. 129 exercício(s) aprovado(s) na unidade 3.3.

[96/108] === Unidade 2.4 - Colores, Ropas y Cantidades hasta 100 (08103e66-8769-4538-b86e-2a695631d1fe) ===
Unidade 2.4 — nível A1
Tipo 1 (medium) — meta 6, existentes 6, faltam 0
Tipo 2 (hard) — meta 2, existentes 2, faltam 0
Tipo 3 (hard) — meta 2, existentes 2, faltam 0
Tipo 4 (easy) — meta 12, existentes 12, faltam 0
Tipo 9 (hard) — meta 2, existentes 2, faltam 0
Tipo 10 (hard) — meta 2, existentes 2, faltam 0
Tipo 13 (medium) — meta 6, existentes 6, faltam 0
Tipo 11 (hard) — meta 2, existentes 2, faltam 0
Tipo 5 (easy) — meta 12, existentes 12, faltam 0
Tipo 7 (medium) — meta 6, existentes 6, faltam 0
Tipo 12 (medium) — meta 6, existentes 6, faltam 0
Tipo 8 (hard) — meta 2, existentes 2, faltam 0
Tipo 6 (hard) — meta 2, existentes 2, faltam 0
Geração concluída. Aprovando rascunhos pendentes...
Concluído. 0 exercício(s) aprovado(s) na unidade 2.4.

[97/108] === Unidade 3.2 - Relatando el Pasado — Tiempos Verbales en Cascada (211cd950-4365-4b23-bd78-5146c8012a82) ===
Unidade 3.2 — nível B2
Tipo 1 (medium) — meta 6, existentes 0, faltam 6
  Gerando lote de 6...
  Criados 6 rascunhos.
Tipo 2 (hard) — meta 2, existentes 0, faltam 2
  Gerando lote de 2...
  Criados 2 rascunhos.
Tipo 3 (hard) — meta 2, existentes 0, faltam 2
  Gerando lote de 2...
  Criados 2 rascunhos.
Tipo 4 (easy) — meta 12, existentes 0, faltam 12
  Gerando lote de 12...
  Criados 12 rascunhos.
Tipo 9 (hard) — meta 2, existentes 0, faltam 2
  Gerando lote de 2...
  Criados 2 rascunhos.
Tipo 10 (hard) — meta 2, existentes 0, faltam 2
  Gerando lote de 2...
  Criados 2 rascunhos.
Tipo 13 (medium) — meta 6, existentes 0, faltam 6
  Gerando lote de 6...
  Criados 6 rascunhos.
Tipo 11 (hard) — meta 2, existentes 0, faltam 2
  Gerando lote de 2...
  Criados 2 rascunhos.
Tipo 5 (easy) — meta 12, existentes 0, faltam 12
  Gerando lote de 12...
  Criados 12 rascunhos.
Tipo 7 (medium) — meta 6, existentes 0, faltam 6
  Gerando lote de 6...
  Criados 6 rascunhos.
Tipo 12 (medium) — meta 6, existentes 0, faltam 6
  Gerando lote de 6...
  Criados 6 rascunhos.
Tipo 8 (hard) — meta 2, existentes 0, faltam 2
  Gerando lote de 2...
  Criados 2 rascunhos.
Tipo 6 (hard) — meta 2, existentes 0, faltam 2
  Gerando lote de 2...
  Criados 2 rascunhos.
Geração concluída. Aprovando rascunhos pendentes...
Concluído. 96 exercício(s) aprovado(s) na unidade 3.2.

[98/108] === Unidade 4.5 - El Sello de la Autonomía B2 — Consolidación Final (ef9e77f3-fc0e-43dc-8cec-26b668be2688) ===
Unidade 4.5 — nível B2
Tipo 1 (medium) — meta 6, existentes 6, faltam 0
Tipo 2 (hard) — meta 2, existentes 2, faltam 0
Tipo 3 (hard) — meta 2, existentes 2, faltam 0
Tipo 4 (easy) — meta 12, existentes 12, faltam 0
Tipo 9 (hard) — meta 2, existentes 2, faltam 0
Tipo 10 (hard) — meta 2, existentes 2, faltam 0
Tipo 13 (medium) — meta 6, existentes 6, faltam 0
Tipo 11 (hard) — meta 2, existentes 2, faltam 0
Tipo 5 (easy) — meta 12, existentes 12, faltam 0
Tipo 7 (medium) — meta 6, existentes 6, faltam 0
Tipo 12 (medium) — meta 6, existentes 6, faltam 0
Tipo 8 (hard) — meta 2, existentes 2, faltam 0
Tipo 6 (hard) — meta 2, existentes 2, faltam 0
Geração concluída. Aprovando rascunhos pendentes...
Concluído. 0 exercício(s) aprovado(s) na unidade 4.5.

[99/108] === Unidade 1.5 - Despedidas Corporativas/Sociales y las Nasales (936264d8-851b-449a-a600-c4896a02e22f) ===
Unidade 1.5 — nível A1
Tipo 1 (medium) — meta 6, existentes 12, faltam 0
Tipo 2 (hard) — meta 2, existentes 3, faltam 0
Tipo 3 (hard) — meta 2, existentes 3, faltam 0
Tipo 4 (easy) — meta 12, existentes 24, faltam 0
Tipo 9 (hard) — meta 2, existentes 3, faltam 0
Tipo 10 (hard) — meta 2, existentes 3, faltam 0
Tipo 13 (medium) — meta 6, existentes 12, faltam 0
Tipo 11 (hard) — meta 2, existentes 3, faltam 0
Tipo 5 (easy) — meta 12, existentes 24, faltam 0
Tipo 7 (medium) — meta 6, existentes 12, faltam 0
Tipo 12 (medium) — meta 6, existentes 12, faltam 0
Tipo 8 (hard) — meta 2, existentes 3, faltam 0
Tipo 6 (hard) — meta 2, existentes 3, faltam 0
Geração concluída. Aprovando rascunhos pendentes...
Concluído. 0 exercício(s) aprovado(s) na unidade 1.5.

[100/108] === Unidade 2.1 - Mi Familia y la Edad (e90e6a17-a962-474d-a249-590d4ec8015e) ===
Unidade 2.1 — nível A1
Tipo 1 (medium) — meta 6, existentes 6, faltam 0
Tipo 2 (hard) — meta 2, existentes 2, faltam 0
Tipo 3 (hard) — meta 2, existentes 2, faltam 0
Tipo 4 (easy) — meta 12, existentes 12, faltam 0
Tipo 9 (hard) — meta 2, existentes 2, faltam 0
Tipo 10 (hard) — meta 2, existentes 2, faltam 0
Tipo 13 (medium) — meta 6, existentes 6, faltam 0
Tipo 11 (hard) — meta 2, existentes 2, faltam 0
Tipo 5 (easy) — meta 12, existentes 12, faltam 0
Tipo 7 (medium) — meta 6, existentes 6, faltam 0
Tipo 12 (medium) — meta 6, existentes 6, faltam 0
Tipo 8 (hard) — meta 2, existentes 2, faltam 0
Tipo 6 (hard) — meta 2, existentes 2, faltam 0
Geração concluída. Aprovando rascunhos pendentes...
Concluído. 0 exercício(s) aprovado(s) na unidade 2.1.

[101/108] === Unidade 4.5 - La Obra Maestra — Alta Argumentación y Producción Estilística (33e9c659-2714-4e7c-b617-f646d50123ca) ===
Unidade 4.5 — nível C1
Tipo 1 (medium) — meta 9, existentes 9, faltam 0
Tipo 2 (hard) — meta 3, existentes 3, faltam 0
Tipo 3 (hard) — meta 3, existentes 3, faltam 0
Tipo 4 (easy) — meta 18, existentes 18, faltam 0
Tipo 9 (hard) — meta 3, existentes 3, faltam 0
Tipo 10 (hard) — meta 3, existentes 3, faltam 0
Tipo 13 (medium) — meta 9, existentes 9, faltam 0
Tipo 11 (hard) — meta 3, existentes 3, faltam 0
Tipo 5 (easy) — meta 18, existentes 18, faltam 0
Tipo 7 (medium) — meta 9, existentes 9, faltam 0
Tipo 12 (medium) — meta 9, existentes 9, faltam 0
Tipo 8 (hard) — meta 3, existentes 3, faltam 0
Tipo 6 (hard) — meta 3, existentes 3, faltam 0
Geração concluída. Aprovando rascunhos pendentes...
Concluído. 0 exercício(s) aprovado(s) na unidade 4.5.

[102/108] === Unidade 3.2 - ¿Qué tienes? — Síntomas y Estados Físicos (4db5d235-0dcd-498c-800d-acd9a490e525) ===
Unidade 3.2 — nível A2
Tipo 1 (medium) — meta 6, existentes 6, faltam 0
Tipo 2 (hard) — meta 2, existentes 2, faltam 0
Tipo 3 (hard) — meta 2, existentes 2, faltam 0
Tipo 4 (easy) — meta 12, existentes 12, faltam 0
Tipo 9 (hard) — meta 2, existentes 2, faltam 0
Tipo 10 (hard) — meta 2, existentes 2, faltam 0
Tipo 13 (medium) — meta 6, existentes 6, faltam 0
Tipo 11 (hard) — meta 2, existentes 2, faltam 0
Tipo 5 (easy) — meta 12, existentes 12, faltam 0
Tipo 7 (medium) — meta 6, existentes 6, faltam 0
Tipo 12 (medium) — meta 6, existentes 6, faltam 0
Tipo 8 (hard) — meta 2, existentes 2, faltam 0
Tipo 6 (hard) — meta 2, existentes 2, faltam 0
Geração concluída. Aprovando rascunhos pendentes...
Concluído. 0 exercício(s) aprovado(s) na unidade 3.2.

[103/108] === Unidade 4.2 - El Desafío del 'Embora' — Expresando Concesión (2c394d3e-74b7-45e3-8483-5e4c9470242d) ===
Unidade 4.2 — nível B1
Tipo 1 (medium) — meta 6, existentes 0, faltam 6
  Gerando lote de 6...
  Criados 6 rascunhos.
Tipo 2 (hard) — meta 2, existentes 0, faltam 2
  Gerando lote de 2...
  Criados 2 rascunhos.
Tipo 3 (hard) — meta 2, existentes 0, faltam 2
  Gerando lote de 2...
  Criados 2 rascunhos.
Tipo 4 (easy) — meta 12, existentes 0, faltam 12
  Gerando lote de 12...
  Criados 12 rascunhos.
Tipo 9 (hard) — meta 2, existentes 0, faltam 2
  Gerando lote de 2...
  Criados 2 rascunhos.
Tipo 10 (hard) — meta 2, existentes 0, faltam 2
  Gerando lote de 2...
  Criados 2 rascunhos.
Tipo 13 (medium) — meta 6, existentes 0, faltam 6
  Gerando lote de 6...
  Criados 6 rascunhos.
Tipo 11 (hard) — meta 2, existentes 0, faltam 2
  Gerando lote de 2...
  Criados 2 rascunhos.
Tipo 5 (easy) — meta 12, existentes 0, faltam 12
  Gerando lote de 12...
  Criados 12 rascunhos.
Tipo 7 (medium) — meta 6, existentes 0, faltam 6
  Gerando lote de 6...
  Criados 6 rascunhos.
Tipo 12 (medium) — meta 6, existentes 0, faltam 6
  Gerando lote de 6...
  Criados 6 rascunhos.
Tipo 8 (hard) — meta 2, existentes 0, faltam 2
  Gerando lote de 2...
  Criados 2 rascunhos.
Tipo 6 (hard) — meta 2, existentes 0, faltam 2
  Gerando lote de 2...
  Criados 2 rascunhos.
Geração concluída. Aprovando rascunhos pendentes...
Concluído. 96 exercício(s) aprovado(s) na unidade 4.2.

[104/108] === Unidade 2.3 - En las Redes Sociales — Dando Me Gusta y Compartiendo (2f01b353-54c6-4d2e-ba05-133a9263c8f3) ===
Unidade 2.3 — nível A2
Tipo 1 (medium) — meta 6, existentes 0, faltam 6
  Gerando lote de 6...
  Criados 6 rascunhos.
Tipo 2 (hard) — meta 2, existentes 0, faltam 2
  Gerando lote de 2...
  Criados 2 rascunhos.
Tipo 3 (hard) — meta 2, existentes 0, faltam 2
  Gerando lote de 2...
  Erro: Falha ao gerar exercícios (hard). — aguardando e tentando de novo...
  Gerando lote de 2...
  Criados 2 rascunhos.
Tipo 4 (easy) — meta 12, existentes 0, faltam 12
  Gerando lote de 12...
  Criados 12 rascunhos.
Tipo 9 (hard) — meta 2, existentes 0, faltam 2
  Gerando lote de 2...
  Criados 2 rascunhos.
Tipo 10 (hard) — meta 2, existentes 0, faltam 2
  Gerando lote de 2...
  Criados 2 rascunhos.
Tipo 13 (medium) — meta 6, existentes 0, faltam 6
  Gerando lote de 6...
  Criados 6 rascunhos.
Tipo 11 (hard) — meta 2, existentes 0, faltam 2
  Gerando lote de 2...
  Criados 2 rascunhos.
Tipo 5 (easy) — meta 12, existentes 0, faltam 12
  Gerando lote de 12...
  Criados 12 rascunhos.
Tipo 7 (medium) — meta 6, existentes 0, faltam 6
  Gerando lote de 6...
  Criados 6 rascunhos.
Tipo 12 (medium) — meta 6, existentes 0, faltam 6
  Gerando lote de 6...
  Criados 6 rascunhos.
Tipo 8 (hard) — meta 2, existentes 0, faltam 2
  Gerando lote de 2...
  Criados 2 rascunhos.
Tipo 6 (hard) — meta 2, existentes 0, faltam 2
  Gerando lote de 2...
  Criados 2 rascunhos.
Geração concluída. Aprovando rascunhos pendentes...
Concluído. 108 exercício(s) aprovado(s) na unidade 2.3.

[105/108] === Unidade 1.3 - ¿De Dónde Eres? El Laberinto de la R y la J (b2eaef02-1740-4575-92d9-47a7a7419a10) ===
Unidade 1.3 — nível A1
Tipo 1 (medium) — meta 6, existentes 12, faltam 0
Tipo 2 (hard) — meta 2, existentes 3, faltam 0
Tipo 3 (hard) — meta 2, existentes 3, faltam 0
Tipo 4 (easy) — meta 12, existentes 24, faltam 0
Tipo 9 (hard) — meta 2, existentes 3, faltam 0
Tipo 10 (hard) — meta 2, existentes 3, faltam 0
Tipo 13 (medium) — meta 6, existentes 12, faltam 0
Tipo 11 (hard) — meta 2, existentes 3, faltam 0
Tipo 5 (easy) — meta 12, existentes 24, faltam 0
Tipo 7 (medium) — meta 6, existentes 12, faltam 0
Tipo 12 (medium) — meta 6, existentes 12, faltam 0
Tipo 8 (hard) — meta 2, existentes 3, faltam 0
Tipo 6 (hard) — meta 2, existentes 3, faltam 0
Geração concluída. Aprovando rascunhos pendentes...
Concluído. 0 exercício(s) aprovado(s) na unidade 1.3.

[106/108] === Unidade 1.1 - El Brasil que Habla Diferente — Acentos y Ritmos (09adf4ff-71ed-4b2b-982e-07c22fcd2cf0) ===
Unidade 1.1 — nível B2
Tipo 1 (medium) — meta 6, existentes 0, faltam 6
  Gerando lote de 6...
  Criados 6 rascunhos.
Tipo 2 (hard) — meta 2, existentes 0, faltam 2
  Gerando lote de 2...
  Criados 2 rascunhos.
Tipo 3 (hard) — meta 2, existentes 0, faltam 2
  Gerando lote de 2...
  Criados 2 rascunhos.
Tipo 4 (easy) — meta 12, existentes 0, faltam 12
  Gerando lote de 12...
  Criados 12 rascunhos.
Tipo 9 (hard) — meta 2, existentes 0, faltam 2
  Gerando lote de 2...
  Criados 2 rascunhos.
Tipo 10 (hard) — meta 2, existentes 0, faltam 2
  Gerando lote de 2...
  Criados 2 rascunhos.
Tipo 13 (medium) — meta 6, existentes 0, faltam 6
  Gerando lote de 6...
  Criados 6 rascunhos.
Tipo 11 (hard) — meta 2, existentes 0, faltam 2
  Gerando lote de 2...
  Criados 2 rascunhos.
Tipo 5 (easy) — meta 12, existentes 0, faltam 12
  Gerando lote de 12...
  Criados 12 rascunhos.
Tipo 7 (medium) — meta 6, existentes 0, faltam 6
  Gerando lote de 6...
  Criados 6 rascunhos.
Tipo 12 (medium) — meta 6, existentes 0, faltam 6
  Gerando lote de 6...
  Criados 6 rascunhos.
Tipo 8 (hard) — meta 2, existentes 0, faltam 2
  Gerando lote de 2...
  Criados 2 rascunhos.
Tipo 6 (hard) — meta 2, existentes 0, faltam 2
  Gerando lote de 2...
  Criados 2 rascunhos.
Geração concluída. Aprovando rascunhos pendentes...
Concluído. 114 exercício(s) aprovado(s) na unidade 1.1.

[107/108] === Unidade 2.1 - La Fusión Obligatoria — El Matrimonio del 'A' + 'A' (12f44728-591d-4cf1-8691-d6bba9d0e00a) ===
Unidade 2.1 — nível C1
Tipo 1 (medium) — meta 9, existentes 9, faltam 0
Tipo 2 (hard) — meta 3, existentes 3, faltam 0
Tipo 3 (hard) — meta 3, existentes 3, faltam 0
Tipo 4 (easy) — meta 18, existentes 18, faltam 0
Tipo 9 (hard) — meta 3, existentes 3, faltam 0
Tipo 10 (hard) — meta 3, existentes 3, faltam 0
Tipo 13 (medium) — meta 9, existentes 9, faltam 0
Tipo 11 (hard) — meta 3, existentes 3, faltam 0
Tipo 5 (easy) — meta 18, existentes 18, faltam 0
Tipo 7 (medium) — meta 9, existentes 9, faltam 0
Tipo 12 (medium) — meta 9, existentes 9, faltam 0
Tipo 8 (hard) — meta 3, existentes 3, faltam 0
Tipo 6 (hard) — meta 3, existentes 3, faltam 0
Geração concluída. Aprovando rascunhos pendentes...
Concluído. 0 exercício(s) aprovado(s) na unidade 2.1.

[108/108] === Unidade 4.4 - Mis Proyectos de Vida — El Futuro del Presente Simple (f769eab5-05fb-4333-bb73-d46c03346a9b) ===
Unidade 4.4 — nível A2
Tipo 1 (medium) — meta 6, existentes 0, faltam 6
  Gerando lote de 6...
  Criados 6 rascunhos.
Tipo 2 (hard) — meta 2, existentes 0, faltam 2
  Gerando lote de 2...
  Criados 2 rascunhos.
Tipo 3 (hard) — meta 2, existentes 0, faltam 2
  Gerando lote de 2...
  Criados 2 rascunhos.
Tipo 4 (easy) — meta 12, existentes 0, faltam 12
  Gerando lote de 12...
  Criados 12 rascunhos.
Tipo 9 (hard) — meta 2, existentes 0, faltam 2
  Gerando lote de 2...
  Criados 2 rascunhos.
Tipo 10 (hard) — meta 2, existentes 0, faltam 2
  Gerando lote de 2...
  Criados 2 rascunhos.
Tipo 13 (medium) — meta 6, existentes 0, faltam 6
  Gerando lote de 6...
  Criados 6 rascunhos.
Tipo 11 (hard) — meta 2, existentes 0, faltam 2
  Gerando lote de 2...
  Criados 2 rascunhos.
Tipo 5 (easy) — meta 12, existentes 0, faltam 12
  Gerando lote de 12...
  Criados 12 rascunhos.
Tipo 7 (medium) — meta 6, existentes 0, faltam 6
  Gerando lote de 6...
  Criados 6 rascunhos.
Tipo 12 (medium) — meta 6, existentes 0, faltam 6
  Gerando lote de 6...
  Criados 6 rascunhos.
Tipo 8 (hard) — meta 2, existentes 0, faltam 2
  Gerando lote de 2...
  Criados 2 rascunhos.
Tipo 6 (hard) — meta 2, existentes 0, faltam 2
  Gerando lote de 2...
  Criados 2 rascunhos.
Geração concluída. Aprovando rascunhos pendentes...
Concluído. 96 exercício(s) aprovado(s) na unidade 4.4.

=== FIM DO LOTE ===
Sucesso: 108  Falhas: 0
