nohup: ignoring input
Curso: 447603f2-acc4-4780-98f3-fd720f5b631e
Total de units encontradas: 108

[1/108] 2.1 - já processada com sucesso antes, pulando.
[2/108] 2.3 - já processada com sucesso antes, pulando.
[3/108] 3.5 - já processada com sucesso antes, pulando.
[4/108] 3.1 - já processada com sucesso antes, pulando.
[5/108] 2.3 - já processada com sucesso antes, pulando.
[6/108] 3.1 - já processada com sucesso antes, pulando.
[7/108] 3.3 - já processada com sucesso antes, pulando.
[8/108] 3.2 - já processada com sucesso antes, pulando.
[9/108] 4.1 - já processada com sucesso antes, pulando.

[10/108] === Unidade 4.4 - Planificación y Metas Corporativas: O Futuro do Presente Simples no Ambiente Profissional (999feeb2-c8bb-4bc1-bc9b-84eaa59d6c0a) ===
Unidade 4.4 — nível A2
Tipo 1 (medium) — meta 6, existentes 0, faltam 6
  Gerando lote de 6...
  Erro: Aguarde alguns segundos antes de gerar novamente. — aguardando e tentando de novo...
  Gerando lote de 6...
  Erro: Aguarde alguns segundos antes de gerar novamente. — aguardando e tentando de novo...
  Gerando lote de 6...
  Erro: Falha ao gerar exercícios (medium). — aguardando e tentando de novo...
  Gerando lote de 6...
  Erro: Aguarde alguns segundos antes de gerar novamente. — aguardando e tentando de novo...
  Gerando lote de 6...
  Erro: Falha ao gerar exercícios (medium). — aguardando e tentando de novo...
  Gerando lote de 6...
  Erro: Aguarde alguns segundos antes de gerar novamente. — aguardando e tentando de novo...
  Gerando lote de 6...
  Erro: Falha ao gerar exercícios (medium). — aguardando e tentando de novo...
  Gerando lote de 6...
  Erro: Aguarde alguns segundos antes de gerar novamente. — aguardando e tentando de novo...
  Gerando lote de 6...
  Erro: Falha ao gerar exercícios (medium). — aguardando e tentando de novo...
  Gerando lote de 6...
  Erro: Aguarde alguns segundos antes de gerar novamente. — aguardando e tentando de novo...
  Gerando lote de 6...
  Erro: Falha ao gerar exercícios (medium). — aguardando e tentando de novo...
  Gerando lote de 6...
  Erro: Aguarde alguns segundos antes de gerar novamente. — aguardando e tentando de novo...
  Gerando lote de 6...
  Erro: Aguarde alguns segundos antes de gerar novamente. — aguardando e tentando de novo...
  Gerando lote de 6...
  Erro: Falha ao gerar exercícios (medium). — aguardando e tentando de novo...
  Gerando lote de 6...
  Erro: Aguarde alguns segundos antes de gerar novamente. — aguardando e tentando de novo...
  Gerando lote de 6...
  Erro: Falha ao gerar exercícios (medium). — aguardando e tentando de novo...
  Gerando lote de 6...
  Erro: Aguarde alguns segundos antes de gerar novamente. — aguardando e tentando de novo...
  Gerando lote de 6...
  Erro: Falha ao gerar exercícios (medium). — aguardando e tentando de novo...
  Gerando lote de 6...
  Erro: Aguarde alguns segundos antes de gerar novamente. — aguardando e tentando de novo...
  Gerando lote de 6...
  Erro: Falha ao gerar exercícios (medium). — aguardando e tentando de novo...
  Gerando lote de 6...
  Erro: Falha ao gerar exercícios (medium). — aguardando e tentando de novo...
  Gerando lote de 6...
  Erro: Aguarde alguns segundos antes de gerar novamente. — aguardando e tentando de novo...
  Gerando lote de 6...
  Erro: Falha ao gerar exercícios (medium). — aguardando e tentando de novo...
  Gerando lote de 6...
  Erro: Aguarde alguns segundos antes de gerar novamente. — aguardando e tentando de novo...
  Gerando lote de 6...
  Erro: Aguarde alguns segundos antes de gerar novamente. — aguardando e tentando de novo...
  Gerando lote de 6...
  Erro: Falha ao gerar exercícios (medium). — aguardando e tentando de novo...
  Gerando lote de 6...
  Erro: Aguarde alguns segundos antes de gerar novamente. — aguardando e tentando de novo...
  Gerando lote de 6...
  Erro: Falha ao gerar exercícios (medium). — aguardando e tentando de novo...
  Gerando lote de 6...
  Erro: Aguarde alguns segundos antes de gerar novamente. — aguardando e tentando de novo...
  Gerando lote de 6...
  Erro: Falha ao gerar exercícios (medium). — aguardando e tentando de novo...
  Gerando lote de 6...
  Erro: Aguarde alguns segundos antes de gerar novamente. — aguardando e tentando de novo...
  Gerando lote de 6...
  Erro: Falha ao gerar exercícios (medium). — aguardando e tentando de novo...
  Gerando lote de 6...
  Erro: Aguarde alguns segundos antes de gerar novamente. — aguardando e tentando de novo...
  Gerando lote de 6...
  Erro: Falha ao gerar exercícios (medium). — aguardando e tentando de novo...
  Gerando lote de 6...
  Erro: Aguarde alguns segundos antes de gerar novamente. — aguardando e tentando de novo...
  Gerando lote de 6...
  Erro: Falha ao gerar exercícios (medium). — aguardando e tentando de novo...
  Gerando lote de 6...
  Erro: Aguarde alguns segundos antes de gerar novamente. — aguardando e tentando de novo...
  Gerando lote de 6...
  Erro: Falha ao gerar exercícios (medium). — aguardando e tentando de novo...
  Gerando lote de 6...
  Erro: Falha ao gerar exercícios (medium). — aguardando e tentando de novo...
  Gerando lote de 6...
  Erro: Aguarde alguns segundos antes de gerar novamente. — aguardando e tentando de novo...
  Gerando lote de 6...
  Erro: Falha ao gerar exercícios (medium). — aguardando e tentando de novo...
  Gerando lote de 6...
  Erro: Aguarde alguns segundos antes de gerar novamente. — aguardando e tentando de novo...
  Gerando lote de 6...
  Erro: Falha ao gerar exercícios (medium). — aguardando e tentando de novo...
  Gerando lote de 6...
  Erro: Aguarde alguns segundos antes de gerar novamente. — aguardando e tentando de novo...
  Gerando lote de 6...
  Erro: Falha ao gerar exercícios (medium). — aguardando e tentando de novo...
  Gerando lote de 6...
  Erro: Aguarde alguns segundos antes de gerar novamente. — aguardando e tentando de novo...
  Gerando lote de 6...
  Erro: Falha ao gerar exercícios (medium). — aguardando e tentando de novo...
  Gerando lote de 6...
  Erro: Aguarde alguns segundos antes de gerar novamente. — aguardando e tentando de novo...
  Gerando lote de 6...
  Erro: Falha ao gerar exercícios (medium). — aguardando e tentando de novo...
  Gerando lote de 6...
  Erro: Aguarde alguns segundos antes de gerar novamente. — aguardando e tentando de novo...
  Gerando lote de 6...
  Erro: Falha ao gerar exercícios (medium). — aguardando e tentando de novo...
  Gerando lote de 6...
  Erro: Aguarde alguns segundos antes de gerar novamente. — aguardando e tentando de novo...
  Gerando lote de 6...
  Erro: Falha ao gerar exercícios (medium). — aguardando e tentando de novo...
  Gerando lote de 6...
  Erro: Aguarde alguns segundos antes de gerar novamente. — aguardando e tentando de novo...
  Gerando lote de 6...
  Erro: Falha ao gerar exercícios (medium). — aguardando e tentando de novo...
  Gerando lote de 6...
  Erro: Aguarde alguns segundos antes de gerar novamente. — aguardando e tentando de novo...
  Gerando lote de 6...
  Erro: Falha ao gerar exercícios (medium). — aguardando e tentando de novo...
  Gerando lote de 6...
  Erro: Aguarde alguns segundos antes de gerar novamente. — aguardando e tentando de novo...
  Gerando lote de 6...
  Erro: Falha ao gerar exercícios (medium). — aguardando e tentando de novo...
  Gerando lote de 6...
  Erro: Aguarde alguns segundos antes de gerar novamente. — aguardando e tentando de novo...
  Gerando lote de 6...
  Erro: Falha ao gerar exercícios (medium). — aguardando e tentando de novo...
  Gerando lote de 6...
  Erro: Aguarde alguns segundos antes de gerar novamente. — aguardando e tentando de novo...
  Gerando lote de 6...
  Erro: Falha ao gerar exercícios (medium). — aguardando e tentando de novo...
  Gerando lote de 6...
  Erro: Aguarde alguns segundos antes de gerar novamente. — aguardando e tentando de novo...
  Gerando lote de 6...
  Erro: Aguarde alguns segundos antes de gerar novamente. — aguardando e tentando de novo...
  Gerando lote de 6...
  Erro: Falha ao gerar exercícios (medium). — aguardando e tentando de novo...
  Gerando lote de 6...
  Erro: Aguarde alguns segundos antes de gerar novamente. — aguardando e tentando de novo...
  Gerando lote de 6...
  Erro: Falha ao gerar exercícios (medium). — aguardando e tentando de novo...
  Gerando lote de 6...
  Erro: Aguarde alguns segundos antes de gerar novamente. — aguardando e tentando de novo...
  Gerando lote de 6...
  Erro: Falha ao gerar exercícios (medium). — aguardando e tentando de novo...
  Gerando lote de 6...
  Erro: Aguarde alguns segundos antes de gerar novamente. — aguardando e tentando de novo...
  Gerando lote de 6...
  Erro: Falha ao gerar exercícios (medium). — aguardando e tentando de novo...
  Gerando lote de 6...
  Erro: Aguarde alguns segundos antes de gerar novamente. — aguardando e tentando de novo...
  Gerando lote de 6...
  Erro: Falha ao gerar exercícios (medium). — aguardando e tentando de novo...
  Gerando lote de 6...
  Erro: Falha ao gerar exercícios (medium). — aguardando e tentando de novo...
  Gerando lote de 6...
  Erro: Aguarde alguns segundos antes de gerar novamente. — aguardando e tentando de novo...
  Gerando lote de 6...
  Erro: Falha ao gerar exercícios (medium). — aguardando e tentando de novo...
  Gerando lote de 6...
  Erro: Aguarde alguns segundos antes de gerar novamente. — aguardando e tentando de novo...
  Gerando lote de 6...
  Erro: Aguarde alguns segundos antes de gerar novamente. — aguardando e tentando de novo...
  Gerando lote de 6...
  Erro: Falha ao gerar exercícios (medium). — aguardando e tentando de novo...
  Gerando lote de 6...
  Erro: Falha ao gerar exercícios (medium). — aguardando e tentando de novo...
  Gerando lote de 6...
  Erro: Aguarde alguns segundos antes de gerar novamente. — aguardando e tentando de novo...
  Gerando lote de 6...
  Erro: Aguarde alguns segundos antes de gerar novamente. — aguardando e tentando de novo...
  Gerando lote de 6...
  Erro: Falha ao gerar exercícios (medium). — aguardando e tentando de novo...
  Gerando lote de 6...
  Erro: Aguarde alguns segundos antes de gerar novamente. — aguardando e tentando de novo...
  Gerando lote de 6...
  Erro: Falha ao gerar exercícios (medium). — aguardando e tentando de novo...
  Gerando lote de 6...
  Erro: Aguarde alguns segundos antes de gerar novamente. — aguardando e tentando de novo...
  Gerando lote de 6...
  Erro: Falha ao gerar exercícios (medium). — aguardando e tentando de novo...
  Gerando lote de 6...
  Erro: Aguarde alguns segundos antes de gerar novamente. — aguardando e tentando de novo...
  Gerando lote de 6...
  Erro: Falha ao gerar exercícios (medium). — aguardando e tentando de novo...
  Gerando lote de 6...
  Erro: Aguarde alguns segundos antes de gerar novamente. — aguardando e tentando de novo...
  Gerando lote de 6...
  Erro: Falha ao gerar exercícios (medium). — aguardando e tentando de novo...
  Gerando lote de 6...
  Erro: Aguarde alguns segundos antes de gerar novamente. — aguardando e tentando de novo...
  Gerando lote de 6...
  Erro: Falha ao gerar exercícios (medium). — aguardando e tentando de novo...
  Gerando lote de 6...
  Erro: Aguarde alguns segundos antes de gerar novamente. — aguardando e tentando de novo...
  Gerando lote de 6...
  Erro: Falha ao gerar exercícios (medium). — aguardando e tentando de novo...
  Gerando lote de 6...
  Erro: Aguarde alguns segundos antes de gerar novamente. — aguardando e tentando de novo...
  Gerando lote de 6...
  Erro: Falha ao gerar exercícios (medium). — aguardando e tentando de novo...
  Gerando lote de 6...
  Erro: Falha ao gerar exercícios (medium). — aguardando e tentando de novo...
  Gerando lote de 6...
  Erro: Aguarde alguns segundos antes de gerar novamente. — aguardando e tentando de novo...
  Gerando lote de 6...
  Erro: Aguarde alguns segundos antes de gerar novamente. — aguardando e tentando de novo...
  Gerando lote de 6...
  Erro: Falha ao gerar exercícios (medium). — aguardando e tentando de novo...
  Gerando lote de 6...
  Erro: Aguarde alguns segundos antes de gerar novamente. — aguardando e tentando de novo...
  Gerando lote de 6...
  Erro: Falha ao gerar exercícios (medium). — aguardando e tentando de novo...
  Gerando lote de 6...
  Erro: Aguarde alguns segundos antes de gerar novamente. — aguardando e tentando de novo...
  Gerando lote de 6...
  Erro: Falha ao gerar exercícios (medium). — aguardando e tentando de novo...
  Gerando lote de 6...
  Erro: Aguarde alguns segundos antes de gerar novamente. — aguardando e tentando de novo...
  Gerando lote de 6...
  Erro: Falha ao gerar exercícios (medium). — aguardando e tentando de novo...
  Gerando lote de 6...
  Erro: Falha ao gerar exercícios (medium). — aguardando e tentando de novo...
  Gerando lote de 6...
  Erro: Aguarde alguns segundos antes de gerar novamente. — aguardando e tentando de novo...
  Gerando lote de 6...
  Erro: Aguarde alguns segundos antes de gerar novamente. — aguardando e tentando de novo...
  Gerando lote de 6...
  Erro: Falha ao gerar exercícios (medium). — aguardando e tentando de novo...
  Gerando lote de 6...
  Erro: Aguarde alguns segundos antes de gerar novamente. — aguardando e tentando de novo...
  Gerando lote de 6...
  Erro: Falha ao gerar exercícios (medium). — aguardando e tentando de novo...
  Gerando lote de 6...
  Erro: Aguarde alguns segundos antes de gerar novamente. — aguardando e tentando de novo...
  Gerando lote de 6...
  Erro: Falha ao gerar exercícios (medium). — aguardando e tentando de novo...
  Gerando lote de 6...
  Erro: Aguarde alguns segundos antes de gerar novamente. — aguardando e tentando de novo...
  Gerando lote de 6...
  Erro: Falha ao gerar exercícios (medium). — aguardando e tentando de novo...
  Gerando lote de 6...
  Erro: Aguarde alguns segundos antes de gerar novamente. — aguardando e tentando de novo...
  Gerando lote de 6...
  Erro: Falha ao gerar exercícios (medium). — aguardando e tentando de novo...
  Gerando lote de 6...
  Erro: Aguarde alguns segundos antes de gerar novamente. — aguardando e tentando de novo...
  Gerando lote de 6...
  Erro: Falha ao gerar exercícios (medium). — aguardando e tentando de novo...
  Gerando lote de 6...
  Erro: Aguarde alguns segundos antes de gerar novamente. — aguardando e tentando de novo...
  Gerando lote de 6...
  Erro: Falha ao gerar exercícios (medium). — aguardando e tentando de novo...
  Gerando lote de 6...
  Erro: Aguarde alguns segundos antes de gerar novamente. — aguardando e tentando de novo...
  Gerando lote de 6...
  Erro: Falha ao gerar exercícios (medium). — aguardando e tentando de novo...
  Gerando lote de 6...
  Erro: Aguarde alguns segundos antes de gerar novamente. — aguardando e tentando de novo...
  Gerando lote de 6...
  Erro: Falha ao gerar exercícios (medium). — aguardando e tentando de novo...
  Gerando lote de 6...
  Erro: Aguarde alguns segundos antes de gerar novamente. — aguardando e tentando de novo...
  Gerando lote de 6...
  Erro: Falha ao gerar exercícios (medium). — aguardando e tentando de novo...
  Gerando lote de 6...
  Erro: Aguarde alguns segundos antes de gerar novamente. — aguardando e tentando de novo...
  Gerando lote de 6...
  Erro: Falha ao gerar exercícios (medium). — aguardando e tentando de novo...
  Gerando lote de 6...
  Erro: Aguarde alguns segundos antes de gerar novamente. — aguardando e tentando de novo...
  Gerando lote de 6...
  Erro: Falha ao gerar exercícios (medium). — aguardando e tentando de novo...
  Gerando lote de 6...
  Erro: Aguarde alguns segundos antes de gerar novamente. — aguardando e tentando de novo...
  Gerando lote de 6...
  Erro: Falha ao gerar exercícios (medium). — aguardando e tentando de novo...
  Gerando lote de 6...
  Erro: Falha ao gerar exercícios (medium). — aguardando e tentando de novo...
  Gerando lote de 6...
  Erro: Falha ao gerar exercícios (medium). — aguardando e tentando de novo...
  Gerando lote de 6...
  Erro: Falha ao gerar exercícios (medium). — aguardando e tentando de novo...
  Gerando lote de 6...
  Erro: Falha ao gerar exercícios (medium). — aguardando e tentando de novo...
  Gerando lote de 6...
  Erro: Falha ao gerar exercícios (medium). — aguardando e tentando de novo...
  Gerando lote de 6...
  Erro: Falha ao gerar exercícios (medium). — aguardando e tentando de novo...
  Gerando lote de 6...
  Erro: Falha ao gerar exercícios (medium). — aguardando e tentando de novo...
  Gerando lote de 6...
  Erro: Falha ao gerar exercícios (medium). — aguardando e tentando de novo...
  Gerando lote de 6...
  Erro: Falha ao gerar exercícios (medium). — aguardando e tentando de novo...
  Gerando lote de 6...
  Erro: Falha ao gerar exercícios (medium). — aguardando e tentando de novo...
  Gerando lote de 6...
  Erro: Falha ao gerar exercícios (medium). — aguardando e tentando de novo...
  Gerando lote de 6...
  Erro: Falha ao gerar exercícios (medium). — aguardando e tentando de novo...
  Gerando lote de 6...
  Erro: Aguarde alguns segundos antes de gerar novamente. — aguardando e tentando de novo...
  Gerando lote de 6...
  Erro: Falha ao gerar exercícios (medium). — aguardando e tentando de novo...
  Gerando lote de 6...
  Erro: Aguarde alguns segundos antes de gerar novamente. — aguardando e tentando de novo...
  Gerando lote de 6...
  Erro: Falha ao gerar exercícios (medium). — aguardando e tentando de novo...
  Gerando lote de 6...
  Erro: Aguarde alguns segundos antes de gerar novamente. — aguardando e tentando de novo...
  Gerando lote de 6...
  Erro: Falha ao gerar exercícios (medium). — aguardando e tentando de novo...
  Gerando lote de 6...
  Erro: Aguarde alguns segundos antes de gerar novamente. — aguardando e tentando de novo...
  Gerando lote de 6...
  Erro: Falha ao gerar exercícios (medium). — aguardando e tentando de novo...
  Gerando lote de 6...
  Erro: Aguarde alguns segundos antes de gerar novamente. — aguardando e tentando de novo...
  Gerando lote de 6...
  Erro: Falha ao gerar exercícios (medium). — aguardando e tentando de novo...
  Gerando lote de 6...
  Erro: Aguarde alguns segundos antes de gerar novamente. — aguardando e tentando de novo...
  Gerando lote de 6...
  Erro: Falha ao gerar exercícios (medium). — aguardando e tentando de novo...
  Gerando lote de 6...
  Erro: Aguarde alguns segundos antes de gerar novamente. — aguardando e tentando de novo...
  Gerando lote de 6...
  Erro: Falha ao gerar exercícios (medium). — aguardando e tentando de novo...
  Gerando lote de 6...
  Erro: Aguarde alguns segundos antes de gerar novamente. — aguardando e tentando de novo...
  Gerando lote de 6...
  Erro: Falha ao gerar exercícios (medium). — aguardando e tentando de novo...
  Gerando lote de 6...
  Erro: Aguarde alguns segundos antes de gerar novamente. — aguardando e tentando de novo...
  Gerando lote de 6...
  Erro: Falha ao gerar exercícios (medium). — aguardando e tentando de novo...
  Gerando lote de 6...
  Erro: Aguarde alguns segundos antes de gerar novamente. — aguardando e tentando de novo...
  Gerando lote de 6...
  Erro: Falha ao gerar exercícios (medium). — aguardando e tentando de novo...
  Gerando lote de 6...
  Erro: Aguarde alguns segundos antes de gerar novamente. — aguardando e tentando de novo...
  Gerando lote de 6...
  Erro: Falha ao gerar exercícios (medium). — aguardando e tentando de novo...
  Gerando lote de 6...
  Erro: Aguarde alguns segundos antes de gerar novamente. — aguardando e tentando de novo...
  Gerando lote de 6...
  Erro: Aguarde alguns segundos antes de gerar novamente. — aguardando e tentando de novo...
  Gerando lote de 6...
  Erro: Falha ao gerar exercícios (medium). — aguardando e tentando de novo...
  Gerando lote de 6...
  Erro: Aguarde alguns segundos antes de gerar novamente. — aguardando e tentando de novo...
  Gerando lote de 6...
  Erro: Falha ao gerar exercícios (medium). — aguardando e tentando de novo...
  Gerando lote de 6...
  Erro: Aguarde alguns segundos antes de gerar novamente. — aguardando e tentando de novo...
  Gerando lote de 6...
  Erro: Falha ao gerar exercícios (medium). — aguardando e tentando de novo...
  Gerando lote de 6...
  Erro: Aguarde alguns segundos antes de gerar novamente. — aguardando e tentando de novo...
  Gerando lote de 6...
  Erro: Falha ao gerar exercícios (medium). — aguardando e tentando de novo...
  Gerando lote de 6...
  Erro: Aguarde alguns segundos antes de gerar novamente. — aguardando e tentando de novo...
  Gerando lote de 6...
  Erro: Aguarde alguns segundos antes de gerar novamente. — aguardando e tentando de novo...
  Gerando lote de 6...
  Erro: Falha ao gerar exercícios (medium). — aguardando e tentando de novo...
  Gerando lote de 6...
  Erro: Falha ao gerar exercícios (medium). — aguardando e tentando de novo...
  Gerando lote de 6...
  Erro: Aguarde alguns segundos antes de gerar novamente. — aguardando e tentando de novo...
  Gerando lote de 6...
  Erro: Falha ao gerar exercícios (medium). — aguardando e tentando de novo...
  Gerando lote de 6...
  Erro: Aguarde alguns segundos antes de gerar novamente. — aguardando e tentando de novo...
  Gerando lote de 6...
  Erro: Falha ao gerar exercícios (medium). — aguardando e tentando de novo...
  Gerando lote de 6...
  Erro: Aguarde alguns segundos antes de gerar novamente. — aguardando e tentando de novo...
  Gerando lote de 6...
  Erro: Falha ao gerar exercícios (medium). — aguardando e tentando de novo...
  Gerando lote de 6...
  Erro: Aguarde alguns segundos antes de gerar novamente. — aguardando e tentando de novo...
  Gerando lote de 6...
  Erro: Falha ao gerar exercícios (medium). — aguardando e tentando de novo...
  Gerando lote de 6...
  Erro: Aguarde alguns segundos antes de gerar novamente. — aguardando e tentando de novo...
  Gerando lote de 6...
  Erro: Falha ao gerar exercícios (medium). — aguardando e tentando de novo...
  Gerando lote de 6...
  Erro: Aguarde alguns segundos antes de gerar novamente. — aguardando e tentando de novo...
  Gerando lote de 6...
  Erro: Falha ao gerar exercícios (medium). — aguardando e tentando de novo...
  Gerando lote de 6...
  Erro: Aguarde alguns segundos antes de gerar novamente. — aguardando e tentando de novo...
  Gerando lote de 6...
  Erro: Falha ao gerar exercícios (medium). — aguardando e tentando de novo...
  Gerando lote de 6...
  Erro: Aguarde alguns segundos antes de gerar novamente. — aguardando e tentando de novo...
  Gerando lote de 6...
  Erro: Falha ao gerar exercícios (medium). — aguardando e tentando de novo...
  Gerando lote de 6...
  Erro: Aguarde alguns segundos antes de gerar novamente. — aguardando e tentando de novo...
  Gerando lote de 6...
  Erro: Falha ao gerar exercícios (medium). — aguardando e tentando de novo...
  Gerando lote de 6...
  Erro: Aguarde alguns segundos antes de gerar novamente. — aguardando e tentando de novo...
  Gerando lote de 6...
  Erro: Falha ao gerar exercícios (medium). — aguardando e tentando de novo...
  Gerando lote de 6...
  Erro: Aguarde alguns segundos antes de gerar novamente. — aguardando e tentando de novo...
  Gerando lote de 6...
  Erro: Falha ao gerar exercícios (medium). — aguardando e tentando de novo...
  Gerando lote de 6...
  Erro: Aguarde alguns segundos antes de gerar novamente. — aguardando e tentando de novo...
  Gerando lote de 6...
  Erro: Falha ao gerar exercícios (medium). — aguardando e tentando de novo...
  Gerando lote de 6...
  Erro: Aguarde alguns segundos antes de gerar novamente. — aguardando e tentando de novo...
  Gerando lote de 6...
  Erro: Falha ao gerar exercícios (medium). — aguardando e tentando de novo...
  Gerando lote de 6...
  Erro: Aguarde alguns segundos antes de gerar novamente. — aguardando e tentando de novo...
  Gerando lote de 6...
  Erro: Aguarde alguns segundos antes de gerar novamente. — aguardando e tentando de novo...
  Gerando lote de 6...
  Erro: Falha ao gerar exercícios (medium). — aguardando e tentando de novo...
  Gerando lote de 6...
  Erro: Aguarde alguns segundos antes de gerar novamente. — aguardando e tentando de novo...
  Gerando lote de 6...
  Erro: Falha ao gerar exercícios (medium). — aguardando e tentando de novo...
  Gerando lote de 6...
  Erro: Aguarde alguns segundos antes de gerar novamente. — aguardando e tentando de novo...
  Gerando lote de 6...
  Erro: Falha ao gerar exercícios (medium). — aguardando e tentando de novo...
  Gerando lote de 6...
  Erro: Aguarde alguns segundos antes de gerar novamente. — aguardando e tentando de novo...
  Gerando lote de 6...
  Erro: Falha ao gerar exercícios (medium). — aguardando e tentando de novo...
  Gerando lote de 6...
  Erro: Falha ao gerar exercícios (medium). — aguardando e tentando de novo...
  Gerando lote de 6...
  Erro: Aguarde alguns segundos antes de gerar novamente. — aguardando e tentando de novo...
  Gerando lote de 6...
  Erro: Falha ao gerar exercícios (medium). — aguardando e tentando de novo...
  Gerando lote de 6...
  Erro: Aguarde alguns segundos antes de gerar novamente. — aguardando e tentando de novo...
  Gerando lote de 6...
  Erro: Falha ao gerar exercícios (medium). — aguardando e tentando de novo...
  Gerando lote de 6...
  Erro: Aguarde alguns segundos antes de gerar novamente. — aguardando e tentando de novo...
  Gerando lote de 6...
  Erro: Falha ao gerar exercícios (medium). — aguardando e tentando de novo...
  Gerando lote de 6...
  Erro: Aguarde alguns segundos antes de gerar novamente. — aguardando e tentando de novo...
  Gerando lote de 6...
  Criados 6 rascunhos.
Tipo 2 (hard) — meta 2, existentes 0, faltam 2
  Gerando lote de 2...
  Criados 2 rascunhos.
Tipo 3 (hard) — meta 2, existentes 0, faltam 2
  Gerando lote de 2...
  Criados 2 rascunhos.
Tipo 4 (easy) — meta 12, existentes 0, faltam 12
  Gerando lote de 12...
  Criados 12 rascunhos.
Tipo 9 (hard) — meta 2, existentes 0, faltam 2
  Gerando lote de 2...
  Criados 2 rascunhos.
Tipo 10 (hard) — meta 2, existentes 0, faltam 2
  Gerando lote de 2...
  Criados 2 rascunhos.
Tipo 13 (medium) — meta 6, existentes 0, faltam 6
  Gerando lote de 6...
  Criados 6 rascunhos.
Tipo 11 (hard) — meta 2, existentes 0, faltam 2
  Gerando lote de 2...
  Criados 2 rascunhos.
Tipo 5 (easy) — meta 12, existentes 0, faltam 12
  Gerando lote de 12...
  Criados 12 rascunhos.
Tipo 7 (medium) — meta 6, existentes 0, faltam 6
  Gerando lote de 6...
  Criados 6 rascunhos.
Tipo 12 (medium) — meta 6, existentes 0, faltam 6
  Gerando lote de 6...
  Criados 6 rascunhos.
Tipo 8 (hard) — meta 2, existentes 0, faltam 2
  Gerando lote de 2...
  Criados 2 rascunhos.
Tipo 6 (hard) — meta 2, existentes 0, faltam 2
  Gerando lote de 2...
  Criados 2 rascunhos.
Geração concluída. Aprovando rascunhos pendentes...
Concluído. 120 exercício(s) aprovado(s) na unidade 4.4.

[11/108] === Unidade 2.2 - Direcionando Ações — Solicitações e Recomendações Profissionais (983d3cbe-c4ea-4f45-b34f-ede083bf0ea5) ===
Unidade 2.2 — nível B1
Tipo 1 (medium) — meta 6, existentes 0, faltam 6
  Gerando lote de 6...
  Criados 6 rascunhos.
Tipo 2 (hard) — meta 2, existentes 0, faltam 2
  Gerando lote de 2...
  Criados 2 rascunhos.
Tipo 3 (hard) — meta 2, existentes 0, faltam 2
  Gerando lote de 2...
  Criados 2 rascunhos.
Tipo 4 (easy) — meta 12, existentes 0, faltam 12
  Gerando lote de 12...
  Criados 12 rascunhos.
Tipo 9 (hard) — meta 2, existentes 0, faltam 2
  Gerando lote de 2...
  Criados 2 rascunhos.
Tipo 10 (hard) — meta 2, existentes 0, faltam 2
  Gerando lote de 2...
  Criados 2 rascunhos.
Tipo 13 (medium) — meta 6, existentes 0, faltam 6
  Gerando lote de 6...
  Criados 6 rascunhos.
Tipo 11 (hard) — meta 2, existentes 0, faltam 2
  Gerando lote de 2...
  Criados 2 rascunhos.
Tipo 5 (easy) — meta 12, existentes 0, faltam 12
  Gerando lote de 12...
  Criados 12 rascunhos.
Tipo 7 (medium) — meta 6, existentes 0, faltam 6
  Gerando lote de 6...
  Criados 6 rascunhos.
Tipo 12 (medium) — meta 6, existentes 0, faltam 6
  Gerando lote de 6...
  Criados 6 rascunhos.
Tipo 8 (hard) — meta 2, existentes 0, faltam 2
  Gerando lote de 2...
  Criados 2 rascunhos.
Tipo 6 (hard) — meta 2, existentes 0, faltam 2
  Gerando lote de 2...
  Criados 2 rascunhos.
Geração concluída. Aprovando rascunhos pendentes...
Concluído. 62 exercício(s) aprovado(s) na unidade 2.2.

[12/108] === Unidade 2.5 - Gerenciando Divergências Profissionais: O Subjuntivo para um Diálogo Construtivo (de60502f-7694-4dac-8f3e-2943ecd6327c) ===
Unidade 2.5 — nível B1
Tipo 1 (medium) — meta 6, existentes 0, faltam 6
  Gerando lote de 6...
  Criados 6 rascunhos.
Tipo 2 (hard) — meta 2, existentes 0, faltam 2
  Gerando lote de 2...
  Criados 2 rascunhos.
Tipo 3 (hard) — meta 2, existentes 0, faltam 2
  Gerando lote de 2...
  Criados 2 rascunhos.
Tipo 4 (easy) — meta 12, existentes 0, faltam 12
  Gerando lote de 12...
  Criados 12 rascunhos.
Tipo 9 (hard) — meta 2, existentes 0, faltam 2
  Gerando lote de 2...
  Criados 2 rascunhos.
Tipo 10 (hard) — meta 2, existentes 0, faltam 2
  Gerando lote de 2...
  Criados 2 rascunhos.
Tipo 13 (medium) — meta 6, existentes 0, faltam 6
  Gerando lote de 6...
  Criados 6 rascunhos.
Tipo 11 (hard) — meta 2, existentes 0, faltam 2
  Gerando lote de 2...
  Criados 2 rascunhos.
Tipo 5 (easy) — meta 12, existentes 0, faltam 12
  Gerando lote de 12...
  Criados 12 rascunhos.
Tipo 7 (medium) — meta 6, existentes 0, faltam 6
  Gerando lote de 6...
  Criados 6 rascunhos.
Tipo 12 (medium) — meta 6, existentes 0, faltam 6
  Gerando lote de 6...
  Erro: Aguarde alguns segundos antes de gerar novamente. — aguardando e tentando de novo...
  Gerando lote de 6...
  Criados 6 rascunhos.
Tipo 8 (hard) — meta 2, existentes 0, faltam 2
  Gerando lote de 2...
  Criados 2 rascunhos.
Tipo 6 (hard) — meta 2, existentes 0, faltam 2
  Gerando lote de 2...
  Criados 2 rascunhos.
Geração concluída. Aprovando rascunhos pendentes...
Concluído. 120 exercício(s) aprovado(s) na unidade 2.5.

[13/108] === Unidade 1.6 - La Brújula Léxica: Sufijos Estratégicos para el Ámbito Corporativo (081da91a-ec45-4e23-9a08-aa4560f199c8) ===
Unidade 1.6 — nível A1
Tipo 1 (medium) — meta 6, existentes 0, faltam 6
  Gerando lote de 6...
  Erro: Aguarde alguns segundos antes de gerar novamente. — aguardando e tentando de novo...
  Gerando lote de 6...
  Criados 6 rascunhos.
Tipo 2 (hard) — meta 2, existentes 0, faltam 2
  Gerando lote de 2...
  Erro: Aguarde alguns segundos antes de gerar novamente. — aguardando e tentando de novo...
  Gerando lote de 2...
  Criados 2 rascunhos.
Tipo 3 (hard) — meta 2, existentes 0, faltam 2
  Gerando lote de 2...
  Erro: Aguarde alguns segundos antes de gerar novamente. — aguardando e tentando de novo...
  Gerando lote de 2...
  Criados 2 rascunhos.
Tipo 4 (easy) — meta 12, existentes 0, faltam 12
  Gerando lote de 12...
  Erro: Aguarde alguns segundos antes de gerar novamente. — aguardando e tentando de novo...
  Gerando lote de 12...
  Criados 12 rascunhos.
Tipo 9 (hard) — meta 2, existentes 0, faltam 2
  Gerando lote de 2...
  Criados 2 rascunhos.
Tipo 10 (hard) — meta 2, existentes 0, faltam 2
  Gerando lote de 2...
  Erro: Falha ao gerar exercícios (hard). — aguardando e tentando de novo...
  Gerando lote de 2...
  Criados 2 rascunhos.
Tipo 13 (medium) — meta 6, existentes 0, faltam 6
  Gerando lote de 6...
  Criados 6 rascunhos.
Tipo 11 (hard) — meta 2, existentes 0, faltam 2
  Gerando lote de 2...
  Criados 2 rascunhos.
Tipo 5 (easy) — meta 12, existentes 0, faltam 12
  Gerando lote de 12...
  Criados 12 rascunhos.
Tipo 7 (medium) — meta 6, existentes 0, faltam 6
  Gerando lote de 6...
  Criados 6 rascunhos.
Tipo 12 (medium) — meta 6, existentes 0, faltam 6
  Gerando lote de 6...
  Erro: Aguarde alguns segundos antes de gerar novamente. — aguardando e tentando de novo...
  Gerando lote de 6...
  Criados 6 rascunhos.
Tipo 8 (hard) — meta 2, existentes 0, faltam 2
  Gerando lote de 2...
  Criados 2 rascunhos.
Tipo 6 (hard) — meta 2, existentes 0, faltam 2
  Gerando lote de 2...
  Criados 2 rascunhos.
Geração concluída. Aprovando rascunhos pendentes...
Concluído. 122 exercício(s) aprovado(s) na unidade 1.6.

[14/108] === Unidade 1.2 - Identificación Profesional y Fonemas Clave en Contextos de Negocio (ca215ea9-5b92-4b94-8e35-6bf435c3c687) ===
Unidade 1.2 — nível A1
Tipo 1 (medium) — meta 6, existentes 0, faltam 6
  Gerando lote de 6...
  Criados 6 rascunhos.
Tipo 2 (hard) — meta 2, existentes 0, faltam 2
  Gerando lote de 2...
  Criados 2 rascunhos.
Tipo 3 (hard) — meta 2, existentes 0, faltam 2
  Gerando lote de 2...
  Criados 2 rascunhos.
Tipo 4 (easy) — meta 12, existentes 0, faltam 12
  Gerando lote de 12...
  Criados 12 rascunhos.
Tipo 9 (hard) — meta 2, existentes 0, faltam 2
  Gerando lote de 2...
  Criados 2 rascunhos.
Tipo 10 (hard) — meta 2, existentes 0, faltam 2
  Gerando lote de 2...
  Criados 2 rascunhos.
Tipo 13 (medium) — meta 6, existentes 0, faltam 6
  Gerando lote de 6...
  Erro: Aguarde alguns segundos antes de gerar novamente. — aguardando e tentando de novo...
  Gerando lote de 6...
  Criados 6 rascunhos.
Tipo 11 (hard) — meta 2, existentes 0, faltam 2
  Gerando lote de 2...
  Criados 2 rascunhos.
Tipo 5 (easy) — meta 12, existentes 0, faltam 12
  Gerando lote de 12...
  Erro: Aguarde alguns segundos antes de gerar novamente. — aguardando e tentando de novo...
  Gerando lote de 12...
  Criados 12 rascunhos.
Tipo 7 (medium) — meta 6, existentes 0, faltam 6
  Gerando lote de 6...
  Criados 6 rascunhos.
Tipo 12 (medium) — meta 6, existentes 0, faltam 6
  Gerando lote de 6...
  Criados 6 rascunhos.
Tipo 8 (hard) — meta 2, existentes 0, faltam 2
  Gerando lote de 2...
  Criados 2 rascunhos.
Tipo 6 (hard) — meta 2, existentes 0, faltam 2
  Gerando lote de 2...
  Erro: Aguarde alguns segundos antes de gerar novamente. — aguardando e tentando de novo...
  Gerando lote de 2...
  Criados 2 rascunhos.
Geração concluída. Aprovando rascunhos pendentes...
Concluído. 122 exercício(s) aprovado(s) na unidade 1.2.

[15/108] === Unidade 1.1 - Comunicación Profesional: Primer Impacto Auditivo y Claridad Vocálica (fa68afa9-1457-4fc3-97e2-380d3057f33c) ===
Unidade 1.1 — nível A1
Tipo 1 (medium) — meta 6, existentes 0, faltam 6
  Gerando lote de 6...
  Criados 6 rascunhos.
Tipo 2 (hard) — meta 2, existentes 0, faltam 2
  Gerando lote de 2...
  Criados 2 rascunhos.
Tipo 3 (hard) — meta 2, existentes 0, faltam 2
  Gerando lote de 2...
  Criados 2 rascunhos.
Tipo 4 (easy) — meta 12, existentes 0, faltam 12
  Gerando lote de 12...
  Erro: Aguarde alguns segundos antes de gerar novamente. — aguardando e tentando de novo...
  Gerando lote de 12...
  Criados 12 rascunhos.
Tipo 9 (hard) — meta 2, existentes 0, faltam 2
  Gerando lote de 2...
  Criados 2 rascunhos.
Tipo 10 (hard) — meta 2, existentes 0, faltam 2
  Gerando lote de 2...
  Criados 2 rascunhos.
Tipo 13 (medium) — meta 6, existentes 0, faltam 6
  Gerando lote de 6...
  Criados 6 rascunhos.
Tipo 11 (hard) — meta 2, existentes 0, faltam 2
  Gerando lote de 2...
  Criados 2 rascunhos.
Tipo 5 (easy) — meta 12, existentes 0, faltam 12
  Gerando lote de 12...
  Criados 12 rascunhos.
Tipo 7 (medium) — meta 6, existentes 0, faltam 6
  Gerando lote de 6...
  Criados 6 rascunhos.
Tipo 12 (medium) — meta 6, existentes 0, faltam 6
  Gerando lote de 6...
  Criados 6 rascunhos.
Tipo 8 (hard) — meta 2, existentes 0, faltam 2
  Gerando lote de 2...
  Criados 2 rascunhos.
Tipo 6 (hard) — meta 2, existentes 0, faltam 2
  Gerando lote de 2...
  Criados 2 rascunhos.
Geração concluída. Aprovando rascunhos pendentes...
Concluído. 120 exercício(s) aprovado(s) na unidade 1.1.

[16/108] === Unidade 1.8 - La X Versátil: Los Cuatro Sonidos en el Portugués de Negocios (895d3fe0-c620-47f2-9e12-41f9b1e2afa8) ===
Unidade 1.8 — nível A1
Tipo 1 (medium) — meta 6, existentes 0, faltam 6
  Gerando lote de 6...
  Criados 6 rascunhos.
Tipo 2 (hard) — meta 2, existentes 0, faltam 2
  Gerando lote de 2...
  Criados 2 rascunhos.
Tipo 3 (hard) — meta 2, existentes 0, faltam 2
  Gerando lote de 2...
  Criados 2 rascunhos.
Tipo 4 (easy) — meta 12, existentes 0, faltam 12
  Gerando lote de 12...
  Criados 12 rascunhos.
Tipo 9 (hard) — meta 2, existentes 0, faltam 2
  Gerando lote de 2...
  Erro: Aguarde alguns segundos antes de gerar novamente. — aguardando e tentando de novo...
  Gerando lote de 2...
  Criados 2 rascunhos.
Tipo 10 (hard) — meta 2, existentes 0, faltam 2
  Gerando lote de 2...
  Erro: Aguarde alguns segundos antes de gerar novamente. — aguardando e tentando de novo...
  Gerando lote de 2...
  Criados 2 rascunhos.
Tipo 13 (medium) — meta 6, existentes 0, faltam 6
  Gerando lote de 6...
  Erro: Aguarde alguns segundos antes de gerar novamente. — aguardando e tentando de novo...
  Gerando lote de 6...
  Criados 6 rascunhos.
Tipo 11 (hard) — meta 2, existentes 0, faltam 2
  Gerando lote de 2...
  Criados 2 rascunhos.
Tipo 5 (easy) — meta 12, existentes 0, faltam 12
  Gerando lote de 12...
  Criados 12 rascunhos.
Tipo 7 (medium) — meta 6, existentes 0, faltam 6
  Gerando lote de 6...
  Criados 6 rascunhos.
Tipo 12 (medium) — meta 6, existentes 0, faltam 6
  Gerando lote de 6...
  Erro: Aguarde alguns segundos antes de gerar novamente. — aguardando e tentando de novo...
  Gerando lote de 6...
  Criados 6 rascunhos.
Tipo 8 (hard) — meta 2, existentes 0, faltam 2
  Gerando lote de 2...
  Criados 2 rascunhos.
Tipo 6 (hard) — meta 2, existentes 0, faltam 2
  Gerando lote de 2...
  Criados 2 rascunhos.
Geração concluída. Aprovando rascunhos pendentes...
Concluído. 96 exercício(s) aprovado(s) na unidade 1.8.

[17/108] === Unidade 1.5 - Despedidas Profesionales y la Pronunciación de las Vocales Nasales (21fa0149-6726-42da-b436-f83e05910593) ===
Unidade 1.5 — nível A1
Tipo 1 (medium) — meta 6, existentes 0, faltam 6
  Gerando lote de 6...
  Criados 6 rascunhos.
Tipo 2 (hard) — meta 2, existentes 0, faltam 2
  Gerando lote de 2...
  Criados 2 rascunhos.
Tipo 3 (hard) — meta 2, existentes 0, faltam 2
  Gerando lote de 2...
  Criados 2 rascunhos.
Tipo 4 (easy) — meta 12, existentes 0, faltam 12
  Gerando lote de 12...
  Criados 12 rascunhos.
Tipo 9 (hard) — meta 2, existentes 0, faltam 2
  Gerando lote de 2...
  Criados 2 rascunhos.
Tipo 10 (hard) — meta 2, existentes 0, faltam 2
  Gerando lote de 2...
  Criados 2 rascunhos.
Tipo 13 (medium) — meta 6, existentes 0, faltam 6
  Gerando lote de 6...
  Criados 6 rascunhos.
Tipo 11 (hard) — meta 2, existentes 0, faltam 2
  Gerando lote de 2...
  Criados 2 rascunhos.
Tipo 5 (easy) — meta 12, existentes 0, faltam 12
  Gerando lote de 12...
  Criados 12 rascunhos.
Tipo 7 (medium) — meta 6, existentes 0, faltam 6
  Gerando lote de 6...
  Erro: Aguarde alguns segundos antes de gerar novamente. — aguardando e tentando de novo...
  Gerando lote de 6...
  Criados 6 rascunhos.
Tipo 12 (medium) — meta 6, existentes 0, faltam 6
  Gerando lote de 6...
  Erro: Aguarde alguns segundos antes de gerar novamente. — aguardando e tentando de novo...
  Gerando lote de 6...
  Criados 6 rascunhos.
Tipo 8 (hard) — meta 2, existentes 0, faltam 2
  Gerando lote de 2...
  Criados 2 rascunhos.
Tipo 6 (hard) — meta 2, existentes 0, faltam 2
  Gerando lote de 2...
  Criados 2 rascunhos.
Geração concluída. Aprovando rascunhos pendentes...
Concluído. 122 exercício(s) aprovado(s) na unidade 1.5.

[18/108] === Unidade 1.3 - A Linha do Tempo Corporativa: Relatando Projetos, Desafios e Conquistas (19752a26-3c88-4fff-b56f-341cb1c83bd5) ===
Unidade 1.3 — nível A2
Tipo 1 (medium) — meta 6, existentes 0, faltam 6
  Gerando lote de 6...
  Criados 6 rascunhos.
Tipo 2 (hard) — meta 2, existentes 0, faltam 2
  Gerando lote de 2...
  Criados 2 rascunhos.
Tipo 3 (hard) — meta 2, existentes 0, faltam 2
  Gerando lote de 2...
  Criados 2 rascunhos.
Tipo 4 (easy) — meta 12, existentes 0, faltam 12
  Gerando lote de 12...
  Criados 12 rascunhos.
Tipo 9 (hard) — meta 2, existentes 0, faltam 2
  Gerando lote de 2...
  Criados 2 rascunhos.
Tipo 10 (hard) — meta 2, existentes 0, faltam 2
  Gerando lote de 2...
  Criados 2 rascunhos.
Tipo 13 (medium) — meta 6, existentes 0, faltam 6
  Gerando lote de 6...
  Criados 6 rascunhos.
Tipo 11 (hard) — meta 2, existentes 0, faltam 2
  Gerando lote de 2...
  Criados 2 rascunhos.
Tipo 5 (easy) — meta 12, existentes 0, faltam 12
  Gerando lote de 12...
  Criados 12 rascunhos.
Tipo 7 (medium) — meta 6, existentes 6, faltam 0
Tipo 12 (medium) — meta 6, existentes 6, faltam 0
Tipo 8 (hard) — meta 2, existentes 0, faltam 2
  Gerando lote de 2...
  Criados 2 rascunhos.
Tipo 6 (hard) — meta 2, existentes 0, faltam 2
  Gerando lote de 2...
  Criados 2 rascunhos.
Geração concluída. Aprovando rascunhos pendentes...
Concluído. 26 exercício(s) aprovado(s) na unidade 1.3.

[19/108] === Unidade 4.4 - Articulando Estratégias: Contudo & Portanto (a9304fec-4304-44e7-891e-a50fe948bbf0) ===
Unidade 4.4 — nível B1
Tipo 1 (medium) — meta 6, existentes 0, faltam 6
  Gerando lote de 6...
  Erro: Aguarde alguns segundos antes de gerar novamente. — aguardando e tentando de novo...
  Gerando lote de 6...
  Erro: Aguarde alguns segundos antes de gerar novamente. — aguardando e tentando de novo...
  Gerando lote de 6...
  Erro: Falha ao gerar exercícios (medium). — aguardando e tentando de novo...
  Gerando lote de 6...
  Erro: Falha ao gerar exercícios (medium). — aguardando e tentando de novo...
  Gerando lote de 6...
  Erro: Aguarde alguns segundos antes de gerar novamente. — aguardando e tentando de novo...
  Gerando lote de 6...
  Erro: Falha ao gerar exercícios (medium). — aguardando e tentando de novo...
  Gerando lote de 6...
  Erro: Aguarde alguns segundos antes de gerar novamente. — aguardando e tentando de novo...
  Gerando lote de 6...
  Erro: Falha ao gerar exercícios (medium). — aguardando e tentando de novo...
  Gerando lote de 6...
  Criados 6 rascunhos.
Tipo 2 (hard) — meta 2, existentes 0, faltam 2
  Gerando lote de 2...
  Erro: Falha ao gerar exercícios (hard). — aguardando e tentando de novo...
  Gerando lote de 2...
  Erro: Aguarde alguns segundos antes de gerar novamente. — aguardando e tentando de novo...
  Gerando lote de 2...
  Erro: Falha ao gerar exercícios (hard). — aguardando e tentando de novo...
  Gerando lote de 2...
  Criados 2 rascunhos.
Tipo 3 (hard) — meta 2, existentes 0, faltam 2
  Gerando lote de 2...
  Erro: Falha ao gerar exercícios (hard). — aguardando e tentando de novo...
  Gerando lote de 2...
  Erro: Aguarde alguns segundos antes de gerar novamente. — aguardando e tentando de novo...
  Gerando lote de 2...
  Criados 2 rascunhos.
Tipo 4 (easy) — meta 12, existentes 0, faltam 12
  Gerando lote de 12...
  Erro: Aguarde alguns segundos antes de gerar novamente. — aguardando e tentando de novo...
  Gerando lote de 12...
  Erro: Falha ao gerar exercícios (easy). — aguardando e tentando de novo...
  Gerando lote de 12...
  Criados 12 rascunhos.
Tipo 9 (hard) — meta 2, existentes 0, faltam 2
  Gerando lote de 2...
  Criados 2 rascunhos.
Tipo 10 (hard) — meta 2, existentes 0, faltam 2
  Gerando lote de 2...
  Erro: Falha ao gerar exercícios (hard). — aguardando e tentando de novo...
  Gerando lote de 2...
  Erro: Falha ao gerar exercícios (hard). — aguardando e tentando de novo...
  Gerando lote de 2...
  Erro: Falha ao gerar exercícios (hard). — aguardando e tentando de novo...
  Gerando lote de 2...
  Criados 2 rascunhos.
Tipo 13 (medium) — meta 6, existentes 0, faltam 6
  Gerando lote de 6...
  Criados 6 rascunhos.
Tipo 11 (hard) — meta 2, existentes 0, faltam 2
  Gerando lote de 2...
  Erro: Aguarde alguns segundos antes de gerar novamente. — aguardando e tentando de novo...
  Gerando lote de 2...
  Criados 2 rascunhos.
Tipo 5 (easy) — meta 12, existentes 0, faltam 12
  Gerando lote de 12...
  Erro: Aguarde alguns segundos antes de gerar novamente. — aguardando e tentando de novo...
  Gerando lote de 12...
  Criados 12 rascunhos.
Tipo 7 (medium) — meta 6, existentes 0, faltam 6
  Gerando lote de 6...
  Criados 6 rascunhos.
Tipo 12 (medium) — meta 6, existentes 0, faltam 6
  Gerando lote de 6...
  Criados 6 rascunhos.
Tipo 8 (hard) — meta 2, existentes 0, faltam 2
  Gerando lote de 2...
  Criados 2 rascunhos.
Tipo 6 (hard) — meta 2, existentes 0, faltam 2
  Gerando lote de 2...
  Criados 2 rascunhos.
Geração concluída. Aprovando rascunhos pendentes...
Concluído. 101 exercício(s) aprovado(s) na unidade 4.4.

[20/108] === Unidade 4.2 - Concessão Estratégica: O Poder do 'Embora' no Mundo Corporativo (a8ff5ea7-a6ee-41ec-b87a-b89cd3ea8636) ===
Unidade 4.2 — nível B1
Tipo 1 (medium) — meta 6, existentes 0, faltam 6
  Gerando lote de 6...
  Criados 6 rascunhos.
Tipo 2 (hard) — meta 2, existentes 0, faltam 2
  Gerando lote de 2...
  Criados 2 rascunhos.
Tipo 3 (hard) — meta 2, existentes 0, faltam 2
  Gerando lote de 2...
  Erro: Aguarde alguns segundos antes de gerar novamente. — aguardando e tentando de novo...
  Gerando lote de 2...
  Criados 2 rascunhos.
Tipo 4 (easy) — meta 12, existentes 0, faltam 12
  Gerando lote de 12...
  Criados 12 rascunhos.
Tipo 9 (hard) — meta 2, existentes 0, faltam 2
  Gerando lote de 2...
  Criados 2 rascunhos.
Tipo 10 (hard) — meta 2, existentes 0, faltam 2
  Gerando lote de 2...
  Criados 2 rascunhos.
Tipo 13 (medium) — meta 6, existentes 0, faltam 6
  Gerando lote de 6...
  Criados 6 rascunhos.
Tipo 11 (hard) — meta 2, existentes 0, faltam 2
  Gerando lote de 2...
  Criados 2 rascunhos.
Tipo 5 (easy) — meta 12, existentes 0, faltam 12
  Gerando lote de 12...
  Criados 12 rascunhos.
Tipo 7 (medium) — meta 6, existentes 0, faltam 6
  Gerando lote de 6...
  Erro: Aguarde alguns segundos antes de gerar novamente. — aguardando e tentando de novo...
  Gerando lote de 6...
  Criados 6 rascunhos.
Tipo 12 (medium) — meta 6, existentes 0, faltam 6
  Gerando lote de 6...
  Criados 6 rascunhos.
Tipo 8 (hard) — meta 2, existentes 0, faltam 2
  Gerando lote de 2...
  Erro: Aguarde alguns segundos antes de gerar novamente. — aguardando e tentando de novo...
  Gerando lote de 2...
  Criados 2 rascunhos.
Tipo 6 (hard) — meta 2, existentes 0, faltam 2
  Gerando lote de 2...
  Criados 2 rascunhos.
Geração concluída. Aprovando rascunhos pendentes...
Concluído. 109 exercício(s) aprovado(s) na unidade 4.2.

[21/108] === Unidade 1.3 - Os Quatro Pilares Irregulares da Retrospectiva Profissional (1ca3684f-522f-4d0f-b76e-0f00ae95a34f) ===
Unidade 1.3 — nível B1
Tipo 1 (medium) — meta 6, existentes 0, faltam 6
  Gerando lote de 6...
  Criados 6 rascunhos.
Tipo 2 (hard) — meta 2, existentes 0, faltam 2
  Gerando lote de 2...
  Criados 2 rascunhos.
Tipo 3 (hard) — meta 2, existentes 0, faltam 2
  Gerando lote de 2...
  Erro: Aguarde alguns segundos antes de gerar novamente. — aguardando e tentando de novo...
  Gerando lote de 2...
  Criados 2 rascunhos.
Tipo 4 (easy) — meta 12, existentes 4, faltam 8
  Gerando lote de 8...
  Criados 8 rascunhos.
Tipo 9 (hard) — meta 2, existentes 0, faltam 2
  Gerando lote de 2...
  Criados 2 rascunhos.
Tipo 10 (hard) — meta 2, existentes 2, faltam 0
Tipo 13 (medium) — meta 6, existentes 1, faltam 5
  Gerando lote de 5...
  Criados 5 rascunhos.
Tipo 11 (hard) — meta 2, existentes 2, faltam 0
Tipo 5 (easy) — meta 12, existentes 12, faltam 0
Tipo 7 (medium) — meta 6, existentes 2, faltam 4
  Gerando lote de 4...
  Criados 4 rascunhos.
Tipo 12 (medium) — meta 6, existentes 6, faltam 0
Tipo 8 (hard) — meta 2, existentes 2, faltam 0
Tipo 6 (hard) — meta 2, existentes 2, faltam 0
Geração concluída. Aprovando rascunhos pendentes...
Concluído. 21 exercício(s) aprovado(s) na unidade 1.3.

[22/108] === Unidade 1.4 - Nossa Equipe e Nossas Funções: Identificando Papéis no Ambiente Corporativo (fa5be95b-8ef7-4235-ac4e-176e82973e2b) ===
Unidade 1.4 — nível A2
Tipo 1 (medium) — meta 6, existentes 0, faltam 6
  Gerando lote de 6...
  Criados 6 rascunhos.
Tipo 2 (hard) — meta 2, existentes 0, faltam 2
  Gerando lote de 2...
  Criados 2 rascunhos.
Tipo 3 (hard) — meta 2, existentes 0, faltam 2
  Gerando lote de 2...
  Erro: Aguarde alguns segundos antes de gerar novamente. — aguardando e tentando de novo...
  Gerando lote de 2...
  Criados 2 rascunhos.
Tipo 4 (easy) — meta 12, existentes 0, faltam 12
  Gerando lote de 12...
  Criados 12 rascunhos.
Tipo 9 (hard) — meta 2, existentes 0, faltam 2
  Gerando lote de 2...
  Criados 2 rascunhos.
Tipo 10 (hard) — meta 2, existentes 0, faltam 2
  Gerando lote de 2...
  Criados 2 rascunhos.
Tipo 13 (medium) — meta 6, existentes 0, faltam 6
  Gerando lote de 6...
  Criados 6 rascunhos.
Tipo 11 (hard) — meta 2, existentes 0, faltam 2
  Gerando lote de 2...
  Criados 2 rascunhos.
Tipo 5 (easy) — meta 12, existentes 0, faltam 12
  Gerando lote de 12...
  Criados 12 rascunhos.
Tipo 7 (medium) — meta 6, existentes 0, faltam 6
  Gerando lote de 6...
  Criados 6 rascunhos.
Tipo 12 (medium) — meta 6, existentes 0, faltam 6
  Gerando lote de 6...
  Erro: Aguarde alguns segundos antes de gerar novamente. — aguardando e tentando de novo...
  Gerando lote de 6...
  Criados 6 rascunhos.
Tipo 8 (hard) — meta 2, existentes 0, faltam 2
  Gerando lote de 2...
  Criados 2 rascunhos.
Tipo 6 (hard) — meta 2, existentes 0, faltam 2
  Gerando lote de 2...
  Criados 2 rascunhos.
Geração concluída. Aprovando rascunhos pendentes...
Concluído. 86 exercício(s) aprovado(s) na unidade 1.4.

[23/108] === Unidade 1.1 - En Mis Inicios Profesionales — Rutinas y Procesos (b00b8ebe-1370-4760-9581-9145a92800eb) ===
Unidade 1.1 — nível B1
Tipo 1 (medium) — meta 6, existentes 0, faltam 6
  Gerando lote de 6...
  Criados 6 rascunhos.
Tipo 2 (hard) — meta 2, existentes 0, faltam 2
  Gerando lote de 2...
  Criados 2 rascunhos.
Tipo 3 (hard) — meta 2, existentes 0, faltam 2
  Gerando lote de 2...
  Erro: Aguarde alguns segundos antes de gerar novamente. — aguardando e tentando de novo...
  Gerando lote de 2...
  Criados 2 rascunhos.
Tipo 4 (easy) — meta 12, existentes 0, faltam 12
  Gerando lote de 12...
  Criados 12 rascunhos.
Tipo 9 (hard) — meta 2, existentes 0, faltam 2
  Gerando lote de 2...
  Criados 2 rascunhos.
Tipo 10 (hard) — meta 2, existentes 0, faltam 2
  Gerando lote de 2...
  Criados 2 rascunhos.
Tipo 13 (medium) — meta 6, existentes 0, faltam 6
  Gerando lote de 6...
  Criados 6 rascunhos.
Tipo 11 (hard) — meta 2, existentes 0, faltam 2
  Gerando lote de 2...
  Erro: Aguarde alguns segundos antes de gerar novamente. — aguardando e tentando de novo...
  Gerando lote de 2...
  Criados 2 rascunhos.
Tipo 5 (easy) — meta 12, existentes 0, faltam 12
  Gerando lote de 12...
  Criados 12 rascunhos.
Tipo 7 (medium) — meta 6, existentes 0, faltam 6
  Gerando lote de 6...
  Criados 6 rascunhos.
Tipo 12 (medium) — meta 6, existentes 0, faltam 6
  Gerando lote de 6...
  Criados 6 rascunhos.
Tipo 8 (hard) — meta 2, existentes 0, faltam 2
  Gerando lote de 2...
  Criados 2 rascunhos.
Tipo 6 (hard) — meta 2, existentes 0, faltam 2
  Gerando lote de 2...
  Criados 2 rascunhos.
Geração concluída. Aprovando rascunhos pendentes...
Concluído. 116 exercício(s) aprovado(s) na unidade 1.1.

[24/108] === Unidade 1.4 - Comunicación Profesional y Cortesía Corporativa (87d3e23c-eb6a-4c16-aa67-36ada09493cc) ===
Unidade 1.4 — nível A1
Tipo 1 (medium) — meta 6, existentes 0, faltam 6
  Gerando lote de 6...
  Criados 6 rascunhos.
Tipo 2 (hard) — meta 2, existentes 0, faltam 2
  Gerando lote de 2...
  Criados 2 rascunhos.
Tipo 3 (hard) — meta 2, existentes 0, faltam 2
  Gerando lote de 2...
  Criados 2 rascunhos.
Tipo 4 (easy) — meta 12, existentes 0, faltam 12
  Gerando lote de 12...
  Criados 12 rascunhos.
Tipo 9 (hard) — meta 2, existentes 0, faltam 2
  Gerando lote de 2...
  Criados 2 rascunhos.
Tipo 10 (hard) — meta 2, existentes 0, faltam 2
  Gerando lote de 2...
  Criados 2 rascunhos.
Tipo 13 (medium) — meta 6, existentes 0, faltam 6
  Gerando lote de 6...
  Criados 6 rascunhos.
Tipo 11 (hard) — meta 2, existentes 0, faltam 2
  Gerando lote de 2...
  Criados 2 rascunhos.
Tipo 5 (easy) — meta 12, existentes 0, faltam 12
  Gerando lote de 12...
  Criados 12 rascunhos.
Tipo 7 (medium) — meta 6, existentes 0, faltam 6
  Gerando lote de 6...
  Criados 6 rascunhos.
Tipo 12 (medium) — meta 6, existentes 0, faltam 6
  Gerando lote de 6...
  Criados 6 rascunhos.
Tipo 8 (hard) — meta 2, existentes 0, faltam 2
  Gerando lote de 2...
  Criados 2 rascunhos.
Tipo 6 (hard) — meta 2, existentes 0, faltam 2
  Gerando lote de 2...
  Criados 2 rascunhos.
Geração concluída. Aprovando rascunhos pendentes...
Concluído. 114 exercício(s) aprovado(s) na unidade 1.4.

[25/108] === Unidade 1.7 - El Puente de las Palabras II — Patrones de Transformación en el Léxico Profesional (ebbc7f2f-0b73-44b4-b470-c867791d9d4a) ===
Unidade 1.7 — nível A1
Tipo 1 (medium) — meta 6, existentes 0, faltam 6
  Gerando lote de 6...
  Criados 6 rascunhos.
Tipo 2 (hard) — meta 2, existentes 0, faltam 2
  Gerando lote de 2...
  Criados 2 rascunhos.
Tipo 3 (hard) — meta 2, existentes 0, faltam 2
  Gerando lote de 2...
  Criados 2 rascunhos.
Tipo 4 (easy) — meta 12, existentes 0, faltam 12
  Gerando lote de 12...
  Criados 12 rascunhos.
Tipo 9 (hard) — meta 2, existentes 0, faltam 2
  Gerando lote de 2...
  Criados 2 rascunhos.
Tipo 10 (hard) — meta 2, existentes 0, faltam 2
  Gerando lote de 2...
  Criados 2 rascunhos.
Tipo 13 (medium) — meta 6, existentes 0, faltam 6
  Gerando lote de 6...
  Erro: Aguarde alguns segundos antes de gerar novamente. — aguardando e tentando de novo...
  Gerando lote de 6...
  Criados 6 rascunhos.
Tipo 11 (hard) — meta 2, existentes 0, faltam 2
  Gerando lote de 2...
  Criados 2 rascunhos.
Tipo 5 (easy) — meta 12, existentes 0, faltam 12
  Gerando lote de 12...
  Criados 12 rascunhos.
Tipo 7 (medium) — meta 6, existentes 0, faltam 6
  Gerando lote de 6...
  Criados 6 rascunhos.
Tipo 12 (medium) — meta 6, existentes 0, faltam 6
  Gerando lote de 6...
  Criados 6 rascunhos.
Tipo 8 (hard) — meta 2, existentes 0, faltam 2
  Gerando lote de 2...
  Criados 2 rascunhos.
Tipo 6 (hard) — meta 2, existentes 0, faltam 2
  Gerando lote de 2...
  Erro: Aguarde alguns segundos antes de gerar novamente. — aguardando e tentando de novo...
  Gerando lote de 2...
  Criados 2 rascunhos.
Geração concluída. Aprovando rascunhos pendentes...
Concluído. 122 exercício(s) aprovado(s) na unidade 1.7.

[26/108] === Unidade 1.3 - Presentación y Pertenencia: El Laberinto de la R y la J (14536d45-aa9d-47e2-9205-138f0e2e4b99) ===
Unidade 1.3 — nível A1
Tipo 1 (medium) — meta 6, existentes 0, faltam 6
  Gerando lote de 6...
  Criados 6 rascunhos.
Tipo 2 (hard) — meta 2, existentes 0, faltam 2
  Gerando lote de 2...
  Criados 2 rascunhos.
Tipo 3 (hard) — meta 2, existentes 0, faltam 2
  Gerando lote de 2...
  Criados 2 rascunhos.
Tipo 4 (easy) — meta 12, existentes 0, faltam 12
  Gerando lote de 12...
  Criados 12 rascunhos.
Tipo 9 (hard) — meta 2, existentes 0, faltam 2
  Gerando lote de 2...
  Criados 2 rascunhos.
Tipo 10 (hard) — meta 2, existentes 0, faltam 2
  Gerando lote de 2...
  Criados 2 rascunhos.
Tipo 13 (medium) — meta 6, existentes 0, faltam 6
  Gerando lote de 6...
  Criados 6 rascunhos.
Tipo 11 (hard) — meta 2, existentes 0, faltam 2
  Gerando lote de 2...
  Criados 2 rascunhos.
Tipo 5 (easy) — meta 12, existentes 0, faltam 12
  Gerando lote de 12...
  Criados 12 rascunhos.
Tipo 7 (medium) — meta 6, existentes 0, faltam 6
  Gerando lote de 6...
  Criados 6 rascunhos.
Tipo 12 (medium) — meta 6, existentes 0, faltam 6
  Gerando lote de 6...
  Criados 6 rascunhos.
Tipo 8 (hard) — meta 2, existentes 0, faltam 2
  Gerando lote de 2...
  Criados 2 rascunhos.
Tipo 6 (hard) — meta 2, existentes 0, faltam 2
  Gerando lote de 2...
  Criados 2 rascunhos.
Geração concluída. Aprovando rascunhos pendentes...
Concluído. 120 exercício(s) aprovado(s) na unidade 1.3.

[27/108] === Unidade 2.1 - Análise Estratégica e Posicionamento Profissional (4248b0e0-2b85-4fb3-84e6-f3ef07d8cdcb) ===
Unidade 2.1 — nível B2
Tipo 1 (medium) — meta 6, existentes 0, faltam 6
  Gerando lote de 6...
  Criados 6 rascunhos.
Tipo 2 (hard) — meta 2, existentes 0, faltam 2
  Gerando lote de 2...
  Erro: Aguarde alguns segundos antes de gerar novamente. — aguardando e tentando de novo...
  Gerando lote de 2...
  Criados 2 rascunhos.
Tipo 3 (hard) — meta 2, existentes 0, faltam 2
  Gerando lote de 2...
  Erro: Aguarde alguns segundos antes de gerar novamente. — aguardando e tentando de novo...
  Gerando lote de 2...
  Criados 2 rascunhos.
Tipo 4 (easy) — meta 12, existentes 0, faltam 12
  Gerando lote de 12...
  Erro: Aguarde alguns segundos antes de gerar novamente. — aguardando e tentando de novo...
  Gerando lote de 12...
  Criados 12 rascunhos.
Tipo 9 (hard) — meta 2, existentes 0, faltam 2
  Gerando lote de 2...
  Erro: Aguarde alguns segundos antes de gerar novamente. — aguardando e tentando de novo...
  Gerando lote de 2...
  Criados 2 rascunhos.
Tipo 10 (hard) — meta 2, existentes 0, faltam 2
  Gerando lote de 2...
  Erro: Aguarde alguns segundos antes de gerar novamente. — aguardando e tentando de novo...
  Gerando lote de 2...
  Criados 2 rascunhos.
Tipo 13 (medium) — meta 6, existentes 0, faltam 6
  Gerando lote de 6...
  Erro: Aguarde alguns segundos antes de gerar novamente. — aguardando e tentando de novo...
  Gerando lote de 6...
  Criados 6 rascunhos.
Tipo 11 (hard) — meta 2, existentes 0, faltam 2
  Gerando lote de 2...
  Erro: Aguarde alguns segundos antes de gerar novamente. — aguardando e tentando de novo...
  Gerando lote de 2...
  Criados 2 rascunhos.
Tipo 5 (easy) — meta 12, existentes 0, faltam 12
  Gerando lote de 12...
  Erro: Aguarde alguns segundos antes de gerar novamente. — aguardando e tentando de novo...
  Gerando lote de 12...
  Criados 12 rascunhos.
Tipo 7 (medium) — meta 6, existentes 0, faltam 6
  Gerando lote de 6...
  Criados 6 rascunhos.
Tipo 12 (medium) — meta 6, existentes 0, faltam 6
  Gerando lote de 6...
  Erro: Aguarde alguns segundos antes de gerar novamente. — aguardando e tentando de novo...
  Gerando lote de 6...
  Criados 6 rascunhos.
Tipo 8 (hard) — meta 2, existentes 0, faltam 2
  Gerando lote de 2...
  Criados 2 rascunhos.
Tipo 6 (hard) — meta 2, existentes 0, faltam 2
  Gerando lote de 2...
  Criados 2 rascunhos.
Geração concluída. Aprovando rascunhos pendentes...
Concluído. 88 exercício(s) aprovado(s) na unidade 2.1.

[28/108] === Unidade 3.2 - Comunicação Retrospectiva: A Cascata Temporal em Relatos Profissionais (cf2cb73d-c233-41d9-80ac-7aa68da37ae0) ===
Unidade 3.2 — nível B2
Tipo 1 (medium) — meta 6, existentes 0, faltam 6
  Gerando lote de 6...
  Criados 6 rascunhos.
Tipo 2 (hard) — meta 2, existentes 0, faltam 2
  Gerando lote de 2...
  Criados 2 rascunhos.
Tipo 3 (hard) — meta 2, existentes 0, faltam 2
  Gerando lote de 2...
  Criados 2 rascunhos.
Tipo 4 (easy) — meta 12, existentes 0, faltam 12
  Gerando lote de 12...
  Erro: Aguarde alguns segundos antes de gerar novamente. — aguardando e tentando de novo...
  Gerando lote de 12...
  Criados 12 rascunhos.
Tipo 9 (hard) — meta 2, existentes 0, faltam 2
  Gerando lote de 2...
  Criados 2 rascunhos.
Tipo 10 (hard) — meta 2, existentes 0, faltam 2
  Gerando lote de 2...
  Criados 2 rascunhos.
Tipo 13 (medium) — meta 6, existentes 0, faltam 6
  Gerando lote de 6...
  Criados 6 rascunhos.
Tipo 11 (hard) — meta 2, existentes 0, faltam 2
  Gerando lote de 2...
  Criados 2 rascunhos.
Tipo 5 (easy) — meta 12, existentes 0, faltam 12
  Gerando lote de 12...
  Criados 12 rascunhos.
Tipo 7 (medium) — meta 6, existentes 0, faltam 6
  Gerando lote de 6...
  Criados 6 rascunhos.
Tipo 12 (medium) — meta 6, existentes 0, faltam 6
  Gerando lote de 6...
  Criados 6 rascunhos.
Tipo 8 (hard) — meta 2, existentes 0, faltam 2
  Gerando lote de 2...
  Erro: Aguarde alguns segundos antes de gerar novamente. — aguardando e tentando de novo...
  Gerando lote de 2...
  Criados 2 rascunhos.
Tipo 6 (hard) — meta 2, existentes 0, faltam 2
  Gerando lote de 2...
  Criados 2 rascunhos.
Geração concluída. Aprovando rascunhos pendentes...
Concluído. 120 exercício(s) aprovado(s) na unidade 3.2.

[29/108] === Unidade 3.4 - O Registro Formal no Ambiente Corporativo: Voz Passiva Sintética (bc314398-1cf1-443e-9365-cfbd60c8a4dd) ===
Unidade 3.4 — nível B2
Tipo 1 (medium) — meta 6, existentes 0, faltam 6
  Gerando lote de 6...
  Criados 6 rascunhos.
Tipo 2 (hard) — meta 2, existentes 0, faltam 2
  Gerando lote de 2...
  Criados 2 rascunhos.
Tipo 3 (hard) — meta 2, existentes 0, faltam 2
  Gerando lote de 2...
  Criados 2 rascunhos.
Tipo 4 (easy) — meta 12, existentes 0, faltam 12
  Gerando lote de 12...
  Criados 12 rascunhos.
Tipo 9 (hard) — meta 2, existentes 0, faltam 2
  Gerando lote de 2...
  Criados 2 rascunhos.
Tipo 10 (hard) — meta 2, existentes 0, faltam 2
  Gerando lote de 2...
  Erro: Aguarde alguns segundos antes de gerar novamente. — aguardando e tentando de novo...
  Gerando lote de 2...
  Criados 2 rascunhos.
Tipo 13 (medium) — meta 6, existentes 0, faltam 6
  Gerando lote de 6...
  Criados 6 rascunhos.
Tipo 11 (hard) — meta 2, existentes 0, faltam 2
  Gerando lote de 2...
  Criados 2 rascunhos.
Tipo 5 (easy) — meta 12, existentes 0, faltam 12
  Gerando lote de 12...
  Criados 12 rascunhos.
Tipo 7 (medium) — meta 6, existentes 0, faltam 6
  Gerando lote de 6...
  Criados 6 rascunhos.
Tipo 12 (medium) — meta 6, existentes 0, faltam 6
  Gerando lote de 6...
  Criados 6 rascunhos.
Tipo 8 (hard) — meta 2, existentes 0, faltam 2
  Gerando lote de 2...
  Criados 2 rascunhos.
Tipo 6 (hard) — meta 2, existentes 0, faltam 2
  Gerando lote de 2...
  Erro: Aguarde alguns segundos antes de gerar novamente. — aguardando e tentando de novo...
  Gerando lote de 2...
  Criados 2 rascunhos.
Geração concluída. Aprovando rascunhos pendentes...
Concluído. 114 exercício(s) aprovado(s) na unidade 3.4.

[30/108] === Unidade 3.5 - Comunicação Profissional: Relatórios e E-mails Estratégicos (8048d759-d91c-4166-9d40-df97c4cff946) ===
Unidade 3.5 — nível B2
Tipo 1 (medium) — meta 6, existentes 0, faltam 6
  Gerando lote de 6...
  Criados 6 rascunhos.
Tipo 2 (hard) — meta 2, existentes 0, faltam 2
  Gerando lote de 2...
  Criados 2 rascunhos.
Tipo 3 (hard) — meta 2, existentes 0, faltam 2
  Gerando lote de 2...
  Criados 2 rascunhos.
Tipo 4 (easy) — meta 12, existentes 0, faltam 12
  Gerando lote de 12...
  Erro: Aguarde alguns segundos antes de gerar novamente. — aguardando e tentando de novo...
  Gerando lote de 12...
  Criados 12 rascunhos.
Tipo 9 (hard) — meta 2, existentes 0, faltam 2
  Gerando lote de 2...
  Criados 2 rascunhos.
Tipo 10 (hard) — meta 2, existentes 0, faltam 2
  Gerando lote de 2...
  Criados 2 rascunhos.
Tipo 13 (medium) — meta 6, existentes 0, faltam 6
  Gerando lote de 6...
  Criados 6 rascunhos.
Tipo 11 (hard) — meta 2, existentes 0, faltam 2
  Gerando lote de 2...
  Criados 2 rascunhos.
Tipo 5 (easy) — meta 12, existentes 0, faltam 12
  Gerando lote de 12...
  Criados 12 rascunhos.
Tipo 7 (medium) — meta 6, existentes 0, faltam 6
  Gerando lote de 6...
  Criados 6 rascunhos.
Tipo 12 (medium) — meta 6, existentes 0, faltam 6
  Gerando lote de 6...
  Criados 6 rascunhos.
Tipo 8 (hard) — meta 2, existentes 0, faltam 2
  Gerando lote de 2...
  Criados 2 rascunhos.
Tipo 6 (hard) — meta 2, existentes 0, faltam 2
  Gerando lote de 2...
  Criados 2 rascunhos.
Geração concluída. Aprovando rascunhos pendentes...
Concluído. 122 exercício(s) aprovado(s) na unidade 3.5.

[31/108] === Unidade 4.2 - Continuidad y Transformación — Gestión de Procesos y Cambio Estratégico (43540678-b238-402a-a9a5-c42169de1f0f) ===
Unidade 4.2 — nível B2
Tipo 1 (medium) — meta 6, existentes 0, faltam 6
  Gerando lote de 6...
  Criados 6 rascunhos.
Tipo 2 (hard) — meta 2, existentes 0, faltam 2
  Gerando lote de 2...
  Erro: Aguarde alguns segundos antes de gerar novamente. — aguardando e tentando de novo...
  Gerando lote de 2...
  Criados 2 rascunhos.
Tipo 3 (hard) — meta 2, existentes 0, faltam 2
  Gerando lote de 2...
  Criados 2 rascunhos.
Tipo 4 (easy) — meta 12, existentes 0, faltam 12
  Gerando lote de 12...
  Erro: Falha ao gerar exercícios (easy). — aguardando e tentando de novo...
  Gerando lote de 12...
  Erro: Aguarde alguns segundos antes de gerar novamente. — aguardando e tentando de novo...
  Gerando lote de 12...
  Criados 12 rascunhos.
Tipo 9 (hard) — meta 2, existentes 0, faltam 2
  Gerando lote de 2...
  Criados 2 rascunhos.
Tipo 10 (hard) — meta 2, existentes 0, faltam 2
  Gerando lote de 2...
  Erro: Falha ao gerar exercícios (hard). — aguardando e tentando de novo...
  Gerando lote de 2...
  Erro: Falha ao gerar exercícios (hard). — aguardando e tentando de novo...
  Gerando lote de 2...
  Erro: Aguarde alguns segundos antes de gerar novamente. — aguardando e tentando de novo...
  Gerando lote de 2...
  Criados 2 rascunhos.
Tipo 13 (medium) — meta 6, existentes 0, faltam 6
  Gerando lote de 6...
  Criados 6 rascunhos.
Tipo 11 (hard) — meta 2, existentes 0, faltam 2
  Gerando lote de 2...
  Criados 2 rascunhos.
Tipo 5 (easy) — meta 12, existentes 0, faltam 12
  Gerando lote de 12...
  Criados 12 rascunhos.
Tipo 7 (medium) — meta 6, existentes 0, faltam 6
  Gerando lote de 6...
  Criados 6 rascunhos.
Tipo 12 (medium) — meta 6, existentes 0, faltam 6
  Gerando lote de 6...
  Criados 6 rascunhos.
Tipo 8 (hard) — meta 2, existentes 0, faltam 2
  Gerando lote de 2...
  Criados 2 rascunhos.
Tipo 6 (hard) — meta 2, existentes 0, faltam 2
  Gerando lote de 2...
  Criados 2 rascunhos.
Geração concluída. Aprovando rascunhos pendentes...
Concluído. 89 exercício(s) aprovado(s) na unidade 4.2.

[32/108] === Unidade 4.4 - Dinâmicas Profissionais e Cultura Organizacional (b599662d-79a9-4c1c-bdba-83af864d4946) ===
Unidade 4.4 — nível B2
Tipo 1 (medium) — meta 6, existentes 0, faltam 6
  Gerando lote de 6...
  Criados 6 rascunhos.
Tipo 2 (hard) — meta 2, existentes 0, faltam 2
  Gerando lote de 2...
  Criados 2 rascunhos.
Tipo 3 (hard) — meta 2, existentes 0, faltam 2
  Gerando lote de 2...
  Erro: Aguarde alguns segundos antes de gerar novamente. — aguardando e tentando de novo...
  Gerando lote de 2...
  Criados 2 rascunhos.
Tipo 4 (easy) — meta 12, existentes 0, faltam 12
  Gerando lote de 12...
  Erro: Aguarde alguns segundos antes de gerar novamente. — aguardando e tentando de novo...
  Gerando lote de 12...
  Criados 12 rascunhos.
Tipo 9 (hard) — meta 2, existentes 0, faltam 2
  Gerando lote de 2...
  Erro: Aguarde alguns segundos antes de gerar novamente. — aguardando e tentando de novo...
  Gerando lote de 2...
  Criados 2 rascunhos.
Tipo 10 (hard) — meta 2, existentes 0, faltam 2
  Gerando lote de 2...
  Criados 2 rascunhos.
Tipo 13 (medium) — meta 6, existentes 0, faltam 6
  Gerando lote de 6...
  Criados 6 rascunhos.
Tipo 11 (hard) — meta 2, existentes 0, faltam 2
  Gerando lote de 2...
  Erro: Aguarde alguns segundos antes de gerar novamente. — aguardando e tentando de novo...
  Gerando lote de 2...
  Criados 2 rascunhos.
Tipo 5 (easy) — meta 12, existentes 0, faltam 12
  Gerando lote de 12...
  Criados 12 rascunhos.
Tipo 7 (medium) — meta 6, existentes 0, faltam 6
  Gerando lote de 6...
  Criados 6 rascunhos.
Tipo 12 (medium) — meta 6, existentes 0, faltam 6
  Gerando lote de 6...
  Criados 6 rascunhos.
Tipo 8 (hard) — meta 2, existentes 0, faltam 2
  Gerando lote de 2...
  Criados 2 rascunhos.
Tipo 6 (hard) — meta 2, existentes 0, faltam 2
  Gerando lote de 2...
  Criados 2 rascunhos.
Geração concluída. Aprovando rascunhos pendentes...
Concluído. 100 exercício(s) aprovado(s) na unidade 4.4.

[33/108] === Unidade 4.3 - Agenda Corporativa: Estratégia e Inovação (badc6e23-f7a4-4d13-b8be-2df8ae411c9a) ===
Unidade 4.3 — nível B2
Tipo 1 (medium) — meta 6, existentes 0, faltam 6
  Gerando lote de 6...
  Criados 6 rascunhos.
Tipo 2 (hard) — meta 2, existentes 0, faltam 2
  Gerando lote de 2...
  Criados 2 rascunhos.
Tipo 3 (hard) — meta 2, existentes 0, faltam 2
  Gerando lote de 2...
  Erro: Aguarde alguns segundos antes de gerar novamente. — aguardando e tentando de novo...
  Gerando lote de 2...
  Criados 2 rascunhos.
Tipo 4 (easy) — meta 12, existentes 0, faltam 12
  Gerando lote de 12...
  Erro: Falha ao gerar exercícios (easy). — aguardando e tentando de novo...
  Gerando lote de 12...
  Erro: Falha ao gerar exercícios (easy). — aguardando e tentando de novo...
  Gerando lote de 12...
  Criados 12 rascunhos.
Tipo 9 (hard) — meta 2, existentes 0, faltam 2
  Gerando lote de 2...
  Criados 2 rascunhos.
Tipo 10 (hard) — meta 2, existentes 0, faltam 2
  Gerando lote de 2...
  Criados 2 rascunhos.
Tipo 13 (medium) — meta 6, existentes 0, faltam 6
  Gerando lote de 6...
  Erro: Aguarde alguns segundos antes de gerar novamente. — aguardando e tentando de novo...
  Gerando lote de 6...
  Criados 6 rascunhos.
Tipo 11 (hard) — meta 2, existentes 0, faltam 2
  Gerando lote de 2...
  Criados 2 rascunhos.
Tipo 5 (easy) — meta 12, existentes 0, faltam 12
  Gerando lote de 12...
  Criados 12 rascunhos.
Tipo 7 (medium) — meta 6, existentes 0, faltam 6
  Gerando lote de 6...
  Criados 6 rascunhos.
Tipo 12 (medium) — meta 6, existentes 0, faltam 6
  Gerando lote de 6...
  Criados 6 rascunhos.
Tipo 8 (hard) — meta 2, existentes 0, faltam 2
  Gerando lote de 2...
  Criados 2 rascunhos.
Tipo 6 (hard) — meta 2, existentes 0, faltam 2
  Gerando lote de 2...
  Criados 2 rascunhos.
Geração concluída. Aprovando rascunhos pendentes...
Concluído. 114 exercício(s) aprovado(s) na unidade 4.3.

[34/108] === Unidade 1.2 - A Linguagem dos Corredores: Expressões Comuns no Dia a Dia Corporativo (1728530e-c70c-4f31-a34b-850b1f9a1795) ===
Unidade 1.2 — nível B2
Tipo 1 (medium) — meta 6, existentes 0, faltam 6
  Gerando lote de 6...
  Criados 6 rascunhos.
Tipo 2 (hard) — meta 2, existentes 0, faltam 2
  Gerando lote de 2...
  Criados 2 rascunhos.
Tipo 3 (hard) — meta 2, existentes 0, faltam 2
  Gerando lote de 2...
  Criados 2 rascunhos.
Tipo 4 (easy) — meta 12, existentes 0, faltam 12
  Gerando lote de 12...
  Criados 12 rascunhos.
Tipo 9 (hard) — meta 2, existentes 0, faltam 2
  Gerando lote de 2...
  Criados 2 rascunhos.
Tipo 10 (hard) — meta 2, existentes 0, faltam 2
  Gerando lote de 2...
  Erro: Aguarde alguns segundos antes de gerar novamente. — aguardando e tentando de novo...
  Gerando lote de 2...
  Criados 2 rascunhos.
Tipo 13 (medium) — meta 6, existentes 0, faltam 6
  Gerando lote de 6...
  Erro: Falha ao gerar exercícios (medium). — aguardando e tentando de novo...
  Gerando lote de 6...
  Criados 6 rascunhos.
Tipo 11 (hard) — meta 2, existentes 0, faltam 2
  Gerando lote de 2...
  Criados 2 rascunhos.
Tipo 5 (easy) — meta 12, existentes 0, faltam 12
  Gerando lote de 12...
  Criados 12 rascunhos.
Tipo 7 (medium) — meta 6, existentes 0, faltam 6
  Gerando lote de 6...
  Criados 6 rascunhos.
Tipo 12 (medium) — meta 6, existentes 0, faltam 6
  Gerando lote de 6...
  Criados 6 rascunhos.
Tipo 8 (hard) — meta 2, existentes 0, faltam 2
  Gerando lote de 2...
  Criados 2 rascunhos.
Tipo 6 (hard) — meta 2, existentes 0, faltam 2
  Gerando lote de 2...
  Criados 2 rascunhos.
Geração concluída. Aprovando rascunhos pendentes...
Concluído. 122 exercício(s) aprovado(s) na unidade 1.2.

[35/108] === Unidade 4.1 - Ações em Tempo Real: Início e Finalização de Tarefas (60c5908b-155e-4174-8d49-1f48efe393dc) ===
Unidade 4.1 — nível B2
Tipo 1 (medium) — meta 6, existentes 0, faltam 6
  Gerando lote de 6...
  Criados 6 rascunhos.
Tipo 2 (hard) — meta 2, existentes 0, faltam 2
  Gerando lote de 2...
  Criados 2 rascunhos.
Tipo 3 (hard) — meta 2, existentes 0, faltam 2
  Gerando lote de 2...
  Criados 2 rascunhos.
Tipo 4 (easy) — meta 12, existentes 0, faltam 12
  Gerando lote de 12...
  Criados 12 rascunhos.
Tipo 9 (hard) — meta 2, existentes 0, faltam 2
  Gerando lote de 2...
  Criados 2 rascunhos.
Tipo 10 (hard) — meta 2, existentes 0, faltam 2
  Gerando lote de 2...
  Criados 2 rascunhos.
Tipo 13 (medium) — meta 6, existentes 0, faltam 6
  Gerando lote de 6...
  Criados 6 rascunhos.
Tipo 11 (hard) — meta 2, existentes 0, faltam 2
  Gerando lote de 2...
  Criados 2 rascunhos.
Tipo 5 (easy) — meta 12, existentes 0, faltam 12
  Gerando lote de 12...
  Criados 12 rascunhos.
Tipo 7 (medium) — meta 6, existentes 0, faltam 6
  Gerando lote de 6...
  Criados 6 rascunhos.
Tipo 12 (medium) — meta 6, existentes 0, faltam 6
  Gerando lote de 6...
  Criados 6 rascunhos.
Tipo 8 (hard) — meta 2, existentes 0, faltam 2
  Gerando lote de 2...
  Criados 2 rascunhos.
Tipo 6 (hard) — meta 2, existentes 0, faltam 2
  Gerando lote de 2...
  Criados 2 rascunhos.
Geração concluída. Aprovando rascunhos pendentes...
Concluído. 120 exercício(s) aprovado(s) na unidade 4.1.

[36/108] === Unidade 1.4 - Entrelíneas Profesionales: Interpretación del Subtexto en la Comunicación Corporativa (ba38466d-f6e6-467e-a17e-d3775aa40169) ===
Unidade 1.4 — nível B2
Tipo 1 (medium) — meta 6, existentes 0, faltam 6
  Gerando lote de 6...
  Criados 6 rascunhos.
Tipo 2 (hard) — meta 2, existentes 0, faltam 2
  Gerando lote de 2...
  Criados 2 rascunhos.
Tipo 3 (hard) — meta 2, existentes 0, faltam 2
  Gerando lote de 2...
  Criados 2 rascunhos.
Tipo 4 (easy) — meta 12, existentes 0, faltam 12
  Gerando lote de 12...
  Criados 12 rascunhos.
Tipo 9 (hard) — meta 2, existentes 0, faltam 2
  Gerando lote de 2...
  Criados 2 rascunhos.
Tipo 10 (hard) — meta 2, existentes 0, faltam 2
  Gerando lote de 2...
  Criados 2 rascunhos.
Tipo 13 (medium) — meta 6, existentes 0, faltam 6
  Gerando lote de 6...
  Criados 6 rascunhos.
Tipo 11 (hard) — meta 2, existentes 0, faltam 2
  Gerando lote de 2...
  Criados 2 rascunhos.
Tipo 5 (easy) — meta 12, existentes 0, faltam 12
  Gerando lote de 12...
  Criados 12 rascunhos.
Tipo 7 (medium) — meta 6, existentes 0, faltam 6
  Gerando lote de 6...
  Erro: Aguarde alguns segundos antes de gerar novamente. — aguardando e tentando de novo...
  Gerando lote de 6...
  Criados 6 rascunhos.
Tipo 12 (medium) — meta 6, existentes 0, faltam 6
  Gerando lote de 6...
  Erro: Aguarde alguns segundos antes de gerar novamente. — aguardando e tentando de novo...
  Gerando lote de 6...
  Criados 6 rascunhos.
Tipo 8 (hard) — meta 2, existentes 0, faltam 2
  Gerando lote de 2...
  Criados 2 rascunhos.
Tipo 6 (hard) — meta 2, existentes 0, faltam 2
  Gerando lote de 2...
  Erro: Aguarde alguns segundos antes de gerar novamente. — aguardando e tentando de novo...
  Gerando lote de 2...
  Criados 2 rascunhos.
Geração concluída. Aprovando rascunhos pendentes...
Concluído. 116 exercício(s) aprovado(s) na unidade 1.4.

[37/108] === Unidade 1.3 - Navegando as Nuances: Expressões Idiomáticas no Mundo Corporativo (375ca2d3-736f-469c-b485-166426a95603) ===
Unidade 1.3 — nível B2
Tipo 1 (medium) — meta 6, existentes 0, faltam 6
  Gerando lote de 6...
  Erro: Aguarde alguns segundos antes de gerar novamente. — aguardando e tentando de novo...
  Gerando lote de 6...
  Criados 6 rascunhos.
Tipo 2 (hard) — meta 2, existentes 0, faltam 2
  Gerando lote de 2...
  Criados 2 rascunhos.
Tipo 3 (hard) — meta 2, existentes 0, faltam 2
  Gerando lote de 2...
  Criados 2 rascunhos.
Tipo 4 (easy) — meta 12, existentes 0, faltam 12
  Gerando lote de 12...
  Criados 12 rascunhos.
Tipo 9 (hard) — meta 2, existentes 0, faltam 2
  Gerando lote de 2...
  Criados 2 rascunhos.
Tipo 10 (hard) — meta 2, existentes 0, faltam 2
  Gerando lote de 2...
  Criados 2 rascunhos.
Tipo 13 (medium) — meta 6, existentes 0, faltam 6
  Gerando lote de 6...
  Erro: Aguarde alguns segundos antes de gerar novamente. — aguardando e tentando de novo...
  Gerando lote de 6...
  Criados 6 rascunhos.
Tipo 11 (hard) — meta 2, existentes 0, faltam 2
  Gerando lote de 2...
  Criados 2 rascunhos.
Tipo 5 (easy) — meta 12, existentes 0, faltam 12
  Gerando lote de 12...
  Criados 12 rascunhos.
Tipo 7 (medium) — meta 6, existentes 0, faltam 6
  Gerando lote de 6...
  Criados 6 rascunhos.
Tipo 12 (medium) — meta 6, existentes 0, faltam 6
  Gerando lote de 6...
  Criados 6 rascunhos.
Tipo 8 (hard) — meta 2, existentes 0, faltam 2
  Gerando lote de 2...
  Criados 2 rascunhos.
Tipo 6 (hard) — meta 2, existentes 0, faltam 2
  Gerando lote de 2...
  Criados 2 rascunhos.
Geração concluída. Aprovando rascunhos pendentes...
Concluído. 114 exercício(s) aprovado(s) na unidade 1.3.

[38/108] === Unidade 1.2 - A Maestria da Linguagem Corporativa: Enclíse e a Etiqueta Gramatical Profissional (de009a37-b439-4eb4-a9cb-745fb5373f6d) ===
Unidade 1.2 — nível C1
Tipo 1 (medium) — meta 12, existentes 0, faltam 12
  Gerando lote de 12...
  Criados 12 rascunhos.
Tipo 2 (hard) — meta 3, existentes 0, faltam 3
  Gerando lote de 3...
  Criados 3 rascunhos.
Tipo 3 (hard) — meta 3, existentes 0, faltam 3
  Gerando lote de 3...
  Criados 3 rascunhos.
Tipo 4 (easy) — meta 24, existentes 0, faltam 24
  Gerando lote de 20...
  Criados 20 rascunhos.
  Gerando lote de 4...
  Criados 4 rascunhos.
Tipo 9 (hard) — meta 3, existentes 0, faltam 3
  Gerando lote de 3...
  Criados 3 rascunhos.
Tipo 10 (hard) — meta 3, existentes 0, faltam 3
  Gerando lote de 3...
  Criados 3 rascunhos.
Tipo 13 (medium) — meta 12, existentes 0, faltam 12
  Gerando lote de 12...
  Criados 12 rascunhos.
Tipo 11 (hard) — meta 3, existentes 0, faltam 3
  Gerando lote de 3...
  Criados 3 rascunhos.
Tipo 5 (easy) — meta 24, existentes 0, faltam 24
  Gerando lote de 20...
  Erro: Aguarde alguns segundos antes de gerar novamente. — aguardando e tentando de novo...
  Gerando lote de 20...
  Erro: Expected ',' or '}' after property value in JSON at position 4062 — aguardando e tentando de novo...
  Gerando lote de 20...
  Erro: Aguarde alguns segundos antes de gerar novamente. — aguardando e tentando de novo...
  Gerando lote de 20...
  Criados 20 rascunhos.
  Gerando lote de 4...
  Erro: Aguarde alguns segundos antes de gerar novamente. — aguardando e tentando de novo...
  Gerando lote de 4...
  Criados 4 rascunhos.
Tipo 7 (medium) — meta 12, existentes 0, faltam 12
  Gerando lote de 12...
  Criados 12 rascunhos.
Tipo 12 (medium) — meta 12, existentes 0, faltam 12
  Gerando lote de 12...
  Criados 12 rascunhos.
Tipo 8 (hard) — meta 3, existentes 0, faltam 3
  Gerando lote de 3...
  Criados 3 rascunhos.
Tipo 6 (hard) — meta 3, existentes 0, faltam 3
  Gerando lote de 3...
  Criados 3 rascunhos.
Geração concluída. Aprovando rascunhos pendentes...
Concluído. 167 exercício(s) aprovado(s) na unidade 1.2.

[39/108] === Unidade 1.4 - Maestria Sintática: A Colocação Pronominal em Locuções Verbais Profissionais (ff9a8e1b-d7ff-4b5c-8b57-9bb67948e545) ===
Unidade 1.4 — nível C1
Tipo 1 (medium) — meta 12, existentes 0, faltam 12
  Gerando lote de 12...
  Erro: Falha ao gerar exercícios (medium). — aguardando e tentando de novo...
  Gerando lote de 12...
  Erro: Aguarde alguns segundos antes de gerar novamente. — aguardando e tentando de novo...
  Gerando lote de 12...
  Erro: Falha ao gerar exercícios (medium). — aguardando e tentando de novo...
  Gerando lote de 12...
  Criados 12 rascunhos.
Tipo 2 (hard) — meta 3, existentes 0, faltam 3
  Gerando lote de 3...
  Erro: Falha ao gerar exercícios (hard). — aguardando e tentando de novo...
  Gerando lote de 3...
  Criados 3 rascunhos.
Tipo 3 (hard) — meta 3, existentes 0, faltam 3
  Gerando lote de 3...
  Erro: Aguarde alguns segundos antes de gerar novamente. — aguardando e tentando de novo...
  Gerando lote de 3...
  Criados 3 rascunhos.
Tipo 4 (easy) — meta 24, existentes 0, faltam 24
  Gerando lote de 20...
  Erro: Aguarde alguns segundos antes de gerar novamente. — aguardando e tentando de novo...
  Gerando lote de 20...
  Criados 20 rascunhos.
  Gerando lote de 4...
  Criados 4 rascunhos.
Tipo 9 (hard) — meta 3, existentes 0, faltam 3
  Gerando lote de 3...
  Criados 3 rascunhos.
Tipo 10 (hard) — meta 3, existentes 0, faltam 3
  Gerando lote de 3...
  Criados 3 rascunhos.
Tipo 13 (medium) — meta 12, existentes 0, faltam 12
  Gerando lote de 12...
  Erro: Falha ao gerar exercícios (medium). — aguardando e tentando de novo...
  Gerando lote de 12...
  Erro: Aguarde alguns segundos antes de gerar novamente. — aguardando e tentando de novo...
  Gerando lote de 12...
  Erro: Falha ao gerar exercícios (medium). — aguardando e tentando de novo...
  Gerando lote de 12...
  Erro: Falha ao gerar exercícios (medium). — aguardando e tentando de novo...
  Gerando lote de 12...
  Erro: Aguarde alguns segundos antes de gerar novamente. — aguardando e tentando de novo...
  Gerando lote de 12...
  Erro: Falha ao gerar exercícios (medium). — aguardando e tentando de novo...
  Gerando lote de 12...
  Erro: fetch failed — aguardando e tentando de novo...
  Gerando lote de 12...
  Criados 12 rascunhos.
Tipo 11 (hard) — meta 3, existentes 0, faltam 3
  Gerando lote de 3...
  Criados 3 rascunhos.
Tipo 5 (easy) — meta 24, existentes 0, faltam 24
  Gerando lote de 20...
  Criados 20 rascunhos.
  Gerando lote de 4...
  Criados 4 rascunhos.
Tipo 7 (medium) — meta 12, existentes 0, faltam 12
  Gerando lote de 12...
  Criados 12 rascunhos.
Tipo 12 (medium) — meta 12, existentes 0, faltam 12
  Gerando lote de 12...
  Criados 12 rascunhos.
Tipo 8 (hard) — meta 3, existentes 0, faltam 3
  Gerando lote de 3...
  Criados 3 rascunhos.
Tipo 6 (hard) — meta 3, existentes 0, faltam 3
  Gerando lote de 3...
  Criados 3 rascunhos.
Geração concluída. Aprovando rascunhos pendentes...
Concluído. 136 exercício(s) aprovado(s) na unidade 1.4.

[40/108] === Unidade 1.1 - Próclise Profissional: O Ímã Gramatical no Discurso Corporativo (a2e10f43-f9fb-4337-9cc7-56cabb7973e6) ===
Unidade 1.1 — nível C1
Tipo 1 (medium) — meta 12, existentes 0, faltam 12
  Gerando lote de 12...
  Criados 12 rascunhos.
Tipo 2 (hard) — meta 3, existentes 0, faltam 3
  Gerando lote de 3...
  Criados 3 rascunhos.
Tipo 3 (hard) — meta 3, existentes 0, faltam 3
  Gerando lote de 3...
  Criados 3 rascunhos.
Tipo 4 (easy) — meta 24, existentes 0, faltam 24
  Gerando lote de 20...
  Criados 20 rascunhos.
  Gerando lote de 4...
  Erro: Aguarde alguns segundos antes de gerar novamente. — aguardando e tentando de novo...
  Gerando lote de 4...
  Criados 4 rascunhos.
Tipo 9 (hard) — meta 3, existentes 0, faltam 3
  Gerando lote de 3...
  Criados 3 rascunhos.
Tipo 10 (hard) — meta 3, existentes 0, faltam 3
  Gerando lote de 3...
  Erro: Aguarde alguns segundos antes de gerar novamente. — aguardando e tentando de novo...
  Gerando lote de 3...
  Criados 3 rascunhos.
Tipo 13 (medium) — meta 12, existentes 0, faltam 12
  Gerando lote de 12...
  Criados 12 rascunhos.
Tipo 11 (hard) — meta 3, existentes 0, faltam 3
  Gerando lote de 3...
  Criados 3 rascunhos.
Tipo 5 (easy) — meta 24, existentes 0, faltam 24
  Gerando lote de 20...
  Criados 20 rascunhos.
  Gerando lote de 4...
  Criados 4 rascunhos.
Tipo 7 (medium) — meta 12, existentes 0, faltam 12
  Gerando lote de 12...
  Erro: Aguarde alguns segundos antes de gerar novamente. — aguardando e tentando de novo...
  Gerando lote de 12...
  Criados 12 rascunhos.
Tipo 12 (medium) — meta 12, existentes 0, faltam 12
  Gerando lote de 12...
  Criados 12 rascunhos.
Tipo 8 (hard) — meta 3, existentes 0, faltam 3
  Gerando lote de 3...
  Criados 3 rascunhos.
Tipo 6 (hard) — meta 3, existentes 0, faltam 3
  Gerando lote de 3...
  Criados 3 rascunhos.
Geração concluída. Aprovando rascunhos pendentes...
Concluído. 175 exercício(s) aprovado(s) na unidade 1.1.

[41/108] === Unidade 1.3 - A Eloquência Executiva: Mesóclise para Documentos de Alta Performance (859c7f82-4313-4395-8881-2c25e0f12bdc) ===
Unidade 1.3 — nível C1
Tipo 1 (medium) — meta 12, existentes 0, faltam 12
  Gerando lote de 12...
  Criados 12 rascunhos.
Tipo 2 (hard) — meta 3, existentes 0, faltam 3
  Gerando lote de 3...
  Criados 3 rascunhos.
Tipo 3 (hard) — meta 3, existentes 0, faltam 3
  Gerando lote de 3...
  Criados 3 rascunhos.
Tipo 4 (easy) — meta 24, existentes 0, faltam 24
  Gerando lote de 20...
  Criados 20 rascunhos.
  Gerando lote de 4...
  Criados 4 rascunhos.
Tipo 9 (hard) — meta 3, existentes 0, faltam 3
  Gerando lote de 3...
  Criados 3 rascunhos.
Tipo 10 (hard) — meta 3, existentes 0, faltam 3
  Gerando lote de 3...
  Criados 3 rascunhos.
Tipo 13 (medium) — meta 12, existentes 0, faltam 12
  Gerando lote de 12...
  Criados 12 rascunhos.
Tipo 11 (hard) — meta 3, existentes 0, faltam 3
  Gerando lote de 3...
  Criados 3 rascunhos.
Tipo 5 (easy) — meta 24, existentes 0, faltam 24
  Gerando lote de 20...
  Criados 20 rascunhos.
  Gerando lote de 4...
  Criados 4 rascunhos.
Tipo 7 (medium) — meta 12, existentes 0, faltam 12
  Gerando lote de 12...
  Criados 12 rascunhos.
Tipo 12 (medium) — meta 12, existentes 0, faltam 12
  Gerando lote de 12...
  Erro: Aguarde alguns segundos antes de gerar novamente. — aguardando e tentando de novo...
  Gerando lote de 12...
  Criados 12 rascunhos.
Tipo 8 (hard) — meta 3, existentes 0, faltam 3
  Gerando lote de 3...
  Criados 3 rascunhos.
Tipo 6 (hard) — meta 3, existentes 0, faltam 3
  Gerando lote de 3...
  Criados 3 rascunhos.
Geração concluída. Aprovando rascunhos pendentes...
Concluído. 226 exercício(s) aprovado(s) na unidade 1.3.

[42/108] === Unidade 2.1 - A Crase Obrigatória: Polimento e Credibilidade na Escrita Corporativa (09a50baa-f404-40c8-9b7a-098792d7038e) ===
Unidade 2.1 — nível C1
Tipo 1 (medium) — meta 9, existentes 0, faltam 9
  Gerando lote de 9...
  Criados 9 rascunhos.
Tipo 2 (hard) — meta 3, existentes 0, faltam 3
  Gerando lote de 3...
  Erro: Aguarde alguns segundos antes de gerar novamente. — aguardando e tentando de novo...
  Gerando lote de 3...
  Criados 3 rascunhos.
Tipo 3 (hard) — meta 3, existentes 0, faltam 3
  Gerando lote de 3...
  Criados 3 rascunhos.
Tipo 4 (easy) — meta 18, existentes 0, faltam 18
  Gerando lote de 18...
  Criados 18 rascunhos.
Tipo 9 (hard) — meta 3, existentes 0, faltam 3
  Gerando lote de 3...
  Criados 3 rascunhos.
Tipo 10 (hard) — meta 3, existentes 0, faltam 3
  Gerando lote de 3...
  Criados 3 rascunhos.
Tipo 13 (medium) — meta 9, existentes 0, faltam 9
  Gerando lote de 9...
  Criados 9 rascunhos.
Tipo 11 (hard) — meta 3, existentes 0, faltam 3
  Gerando lote de 3...
  Erro: Falha ao gerar exercícios (hard). — aguardando e tentando de novo...
  Gerando lote de 3...
  Criados 3 rascunhos.
Tipo 5 (easy) — meta 18, existentes 0, faltam 18
  Gerando lote de 18...
  Criados 18 rascunhos.
Tipo 7 (medium) — meta 9, existentes 0, faltam 9
  Gerando lote de 9...
  Criados 9 rascunhos.
Tipo 12 (medium) — meta 9, existentes 0, faltam 9
  Gerando lote de 9...
  Erro: Aguarde alguns segundos antes de gerar novamente. — aguardando e tentando de novo...
  Gerando lote de 9...
  Criados 9 rascunhos.
Tipo 8 (hard) — meta 3, existentes 0, faltam 3
  Gerando lote de 3...
  Criados 3 rascunhos.
Tipo 6 (hard) — meta 3, existentes 0, faltam 3
  Gerando lote de 3...
  Criados 3 rascunhos.
Geração concluída. Aprovando rascunhos pendentes...
Concluído. 175 exercício(s) aprovado(s) na unidade 2.1.

[43/108] === Unidade 2.5 - Regência Nominal, Verbal e Crase: Polimento para a Comunicação Corporativa (7cfd40a4-f99b-400a-9226-8b433dd00efa) ===
Unidade 2.5 — nível C1
Tipo 1 (medium) — meta 12, existentes 0, faltam 12
  Gerando lote de 12...
  Criados 12 rascunhos.
Tipo 2 (hard) — meta 3, existentes 0, faltam 3
  Gerando lote de 3...
  Criados 3 rascunhos.
Tipo 3 (hard) — meta 3, existentes 0, faltam 3
  Gerando lote de 3...
  Criados 3 rascunhos.
Tipo 4 (easy) — meta 24, existentes 0, faltam 24
  Gerando lote de 20...
  Criados 20 rascunhos.
  Gerando lote de 4...
  Erro: Aguarde alguns segundos antes de gerar novamente. — aguardando e tentando de novo...
  Gerando lote de 4...
  Criados 4 rascunhos.
Tipo 9 (hard) — meta 3, existentes 0, faltam 3
  Gerando lote de 3...
  Erro: Falha ao gerar exercícios (hard). — aguardando e tentando de novo...
  Gerando lote de 3...
  Erro: Aguarde alguns segundos antes de gerar novamente. — aguardando e tentando de novo...
  Gerando lote de 3...
  Erro: Falha ao gerar exercícios (hard). — aguardando e tentando de novo...
  Gerando lote de 3...
  Erro: Falha ao gerar exercícios (hard). — aguardando e tentando de novo...
  Gerando lote de 3...
  Erro: Falha ao gerar exercícios (hard). — aguardando e tentando de novo...
  Gerando lote de 3...
  Erro: Aguarde alguns segundos antes de gerar novamente. — aguardando e tentando de novo...
  Gerando lote de 3...
  Erro: Falha ao gerar exercícios (hard). — aguardando e tentando de novo...
  Gerando lote de 3...
  Erro: Falha ao gerar exercícios (hard). — aguardando e tentando de novo...
  Gerando lote de 3...
  Erro: Aguarde alguns segundos antes de gerar novamente. — aguardando e tentando de novo...
  Gerando lote de 3...
  Erro: Falha ao gerar exercícios (hard). — aguardando e tentando de novo...
  Gerando lote de 3...
  Erro: Aguarde alguns segundos antes de gerar novamente. — aguardando e tentando de novo...
  Gerando lote de 3...
  Erro: Falha ao gerar exercícios (hard). — aguardando e tentando de novo...
  Gerando lote de 3...
  Erro: Aguarde alguns segundos antes de gerar novamente. — aguardando e tentando de novo...
  Gerando lote de 3...
  Erro: Falha ao gerar exercícios (hard). — aguardando e tentando de novo...
  Gerando lote de 3...
  Erro: Aguarde alguns segundos antes de gerar novamente. — aguardando e tentando de novo...
  Gerando lote de 3...
  Erro: Falha ao gerar exercícios (hard). — aguardando e tentando de novo...
  Gerando lote de 3...
  Erro: Aguarde alguns segundos antes de gerar novamente. — aguardando e tentando de novo...
  Gerando lote de 3...
  Criados 3 rascunhos.
Tipo 10 (hard) — meta 3, existentes 0, faltam 3
  Gerando lote de 3...
  Criados 3 rascunhos.
Tipo 13 (medium) — meta 12, existentes 0, faltam 12
  Gerando lote de 12...
  Criados 12 rascunhos.
Tipo 11 (hard) — meta 3, existentes 0, faltam 3
  Gerando lote de 3...
  Criados 3 rascunhos.
Tipo 5 (easy) — meta 24, existentes 0, faltam 24
  Gerando lote de 20...
  Erro: Aguarde alguns segundos antes de gerar novamente. — aguardando e tentando de novo...
  Gerando lote de 20...
  Criados 20 rascunhos.
  Gerando lote de 4...
  Criados 4 rascunhos.
Tipo 7 (medium) — meta 12, existentes 0, faltam 12
  Gerando lote de 12...
  Criados 12 rascunhos.
Tipo 12 (medium) — meta 12, existentes 0, faltam 12
  Gerando lote de 12...
  Erro: Aguarde alguns segundos antes de gerar novamente. — aguardando e tentando de novo...
  Gerando lote de 12...
  Criados 12 rascunhos.
Tipo 8 (hard) — meta 3, existentes 0, faltam 3
  Gerando lote de 3...
  Criados 3 rascunhos.
Tipo 6 (hard) — meta 3, existentes 0, faltam 3
  Gerando lote de 3...
  Criados 3 rascunhos.
Geração concluída. Aprovando rascunhos pendentes...
Concluído. 191 exercício(s) aprovado(s) na unidade 2.5.

[44/108] === Unidade 2.4 - Regência Verbal Essencial para o Ambiente Corporativo: Clareza e Profissionalismo (fae9f590-842e-410a-a7a3-762785e8d957) ===
Unidade 2.4 — nível C1
Tipo 1 (medium) — meta 9, existentes 0, faltam 9
  Gerando lote de 9...
  Criados 9 rascunhos.
Tipo 2 (hard) — meta 3, existentes 0, faltam 3
  Gerando lote de 3...
  Erro: Aguarde alguns segundos antes de gerar novamente. — aguardando e tentando de novo...
  Gerando lote de 3...
  Criados 3 rascunhos.
Tipo 3 (hard) — meta 3, existentes 0, faltam 3
  Gerando lote de 3...
  Criados 3 rascunhos.
Tipo 4 (easy) — meta 18, existentes 0, faltam 18
  Gerando lote de 18...
  Criados 18 rascunhos.
Tipo 9 (hard) — meta 3, existentes 0, faltam 3
  Gerando lote de 3...
  Criados 3 rascunhos.
Tipo 10 (hard) — meta 3, existentes 0, faltam 3
  Gerando lote de 3...
  Criados 3 rascunhos.
Tipo 13 (medium) — meta 9, existentes 0, faltam 9
  Gerando lote de 9...
  Criados 9 rascunhos.
Tipo 11 (hard) — meta 3, existentes 0, faltam 3
  Gerando lote de 3...
  Criados 3 rascunhos.
Tipo 5 (easy) — meta 18, existentes 0, faltam 18
  Gerando lote de 18...
  Erro: Aguarde alguns segundos antes de gerar novamente. — aguardando e tentando de novo...
  Gerando lote de 18...
  Criados 18 rascunhos.
Tipo 7 (medium) — meta 9, existentes 0, faltam 9
  Gerando lote de 9...
  Criados 9 rascunhos.
Tipo 12 (medium) — meta 9, existentes 0, faltam 9
  Gerando lote de 9...
  Criados 9 rascunhos.
Tipo 8 (hard) — meta 3, existentes 0, faltam 3
  Gerando lote de 3...
  Criados 3 rascunhos.
Tipo 6 (hard) — meta 3, existentes 0, faltam 3
  Gerando lote de 3...
  Erro: Aguarde alguns segundos antes de gerar novamente. — aguardando e tentando de novo...
  Gerando lote de 3...
  Criados 3 rascunhos.
Geração concluída. Aprovando rascunhos pendentes...
Concluído. 183 exercício(s) aprovado(s) na unidade 2.4.

[45/108] === Unidade 3.4 - A Lapidação da Linguagem Profissional: Do Formalismo Oculto ao Polimento Estratégico (cd9eb59d-ee62-44ac-a1ce-401ac336e657) ===
Unidade 3.4 — nível C1
Tipo 1 (medium) — meta 12, existentes 0, faltam 12
  Gerando lote de 12...
  Criados 12 rascunhos.
Tipo 2 (hard) — meta 3, existentes 0, faltam 3
  Gerando lote de 3...
  Criados 3 rascunhos.
Tipo 3 (hard) — meta 3, existentes 0, faltam 3
  Gerando lote de 3...
  Criados 3 rascunhos.
Tipo 4 (easy) — meta 24, existentes 0, faltam 24
  Gerando lote de 20...
  Criados 20 rascunhos.
  Gerando lote de 4...
  Criados 4 rascunhos.
Tipo 9 (hard) — meta 3, existentes 0, faltam 3
  Gerando lote de 3...
  Criados 3 rascunhos.
Tipo 10 (hard) — meta 3, existentes 0, faltam 3
  Gerando lote de 3...
  Criados 3 rascunhos.
Tipo 13 (medium) — meta 12, existentes 0, faltam 12
  Gerando lote de 12...
  Criados 12 rascunhos.
Tipo 11 (hard) — meta 3, existentes 0, faltam 3
  Gerando lote de 3...
  Criados 3 rascunhos.
Tipo 5 (easy) — meta 24, existentes 0, faltam 24
  Gerando lote de 20...
  Criados 20 rascunhos.
  Gerando lote de 4...
  Erro: Aguarde alguns segundos antes de gerar novamente. — aguardando e tentando de novo...
  Gerando lote de 4...
  Criados 4 rascunhos.
Tipo 7 (medium) — meta 12, existentes 0, faltam 12
  Gerando lote de 12...
  Criados 12 rascunhos.
Tipo 12 (medium) — meta 12, existentes 0, faltam 12
  Gerando lote de 12...
  Criados 12 rascunhos.
Tipo 8 (hard) — meta 3, existentes 0, faltam 3
  Gerando lote de 3...
  Criados 3 rascunhos.
Tipo 6 (hard) — meta 3, existentes 0, faltam 3
  Gerando lote de 3...
  Criados 3 rascunhos.
Geração concluída. Aprovando rascunhos pendentes...
Concluído. 171 exercício(s) aprovado(s) na unidade 3.4.

[46/108] === Unidade 3.1 - A Arte da Comunicação Estratégica: Entendendo as Entrelinhas e o Tom no Ambiente Corporativo (047ae979-c354-4578-9e83-499d096b8177) ===
Unidade 3.1 — nível C1
Tipo 1 (medium) — meta 9, existentes 0, faltam 9
  Gerando lote de 9...
  Criados 9 rascunhos.
Tipo 2 (hard) — meta 3, existentes 0, faltam 3
  Gerando lote de 3...
  Criados 3 rascunhos.
Tipo 3 (hard) — meta 3, existentes 0, faltam 3
  Gerando lote de 3...
  Erro: Aguarde alguns segundos antes de gerar novamente. — aguardando e tentando de novo...
  Gerando lote de 3...
  Criados 3 rascunhos.
Tipo 4 (easy) — meta 18, existentes 0, faltam 18
  Gerando lote de 18...
  Criados 18 rascunhos.
Tipo 9 (hard) — meta 3, existentes 0, faltam 3
  Gerando lote de 3...
  Criados 3 rascunhos.
Tipo 10 (hard) — meta 3, existentes 0, faltam 3
  Gerando lote de 3...
  Erro: Aguarde alguns segundos antes de gerar novamente. — aguardando e tentando de novo...
  Gerando lote de 3...
  Criados 3 rascunhos.
Tipo 13 (medium) — meta 9, existentes 0, faltam 9
  Gerando lote de 9...
  Erro: Aguarde alguns segundos antes de gerar novamente. — aguardando e tentando de novo...
  Gerando lote de 9...
  Criados 9 rascunhos.
Tipo 11 (hard) — meta 3, existentes 0, faltam 3
  Gerando lote de 3...
  Criados 3 rascunhos.
Tipo 5 (easy) — meta 18, existentes 0, faltam 18
  Gerando lote de 18...
  Criados 18 rascunhos.
Tipo 7 (medium) — meta 9, existentes 0, faltam 9
  Gerando lote de 9...
  Criados 9 rascunhos.
Tipo 12 (medium) — meta 9, existentes 0, faltam 9
  Gerando lote de 9...
  Criados 9 rascunhos.
Tipo 8 (hard) — meta 3, existentes 0, faltam 3
  Gerando lote de 3...
  Criados 3 rascunhos.
Tipo 6 (hard) — meta 3, existentes 0, faltam 3
  Gerando lote de 3...
  Criados 3 rascunhos.
Geração concluída. Aprovando rascunhos pendentes...
Concluído. 131 exercício(s) aprovado(s) na unidade 3.1.

[47/108] === Unidade 4.2 - Articulação de Alto Nível: Fônica e Ritmo para o Impacto Profissional (f115443d-3fe6-42ef-ba7b-03c79b785e2c) ===
Unidade 4.2 — nível C1
Tipo 1 (medium) — meta 9, existentes 0, faltam 9
  Gerando lote de 9...
  Erro: Aguarde alguns segundos antes de gerar novamente. — aguardando e tentando de novo...
  Gerando lote de 9...
  Criados 9 rascunhos.
Tipo 2 (hard) — meta 3, existentes 0, faltam 3
  Gerando lote de 3...
  Criados 3 rascunhos.
Tipo 3 (hard) — meta 3, existentes 0, faltam 3
  Gerando lote de 3...
  Criados 3 rascunhos.
Tipo 4 (easy) — meta 18, existentes 0, faltam 18
  Gerando lote de 18...
  Criados 18 rascunhos.
Tipo 9 (hard) — meta 3, existentes 0, faltam 3
  Gerando lote de 3...
  Criados 3 rascunhos.
Tipo 10 (hard) — meta 3, existentes 0, faltam 3
  Gerando lote de 3...
  Criados 3 rascunhos.
Tipo 13 (medium) — meta 9, existentes 0, faltam 9
  Gerando lote de 9...
  Erro: Aguarde alguns segundos antes de gerar novamente. — aguardando e tentando de novo...
  Gerando lote de 9...
  Criados 9 rascunhos.
Tipo 11 (hard) — meta 3, existentes 0, faltam 3
  Gerando lote de 3...
  Criados 3 rascunhos.
Tipo 5 (easy) — meta 18, existentes 0, faltam 18
  Gerando lote de 18...
  Criados 18 rascunhos.
Tipo 7 (medium) — meta 9, existentes 0, faltam 9
  Gerando lote de 9...
  Criados 9 rascunhos.
Tipo 12 (medium) — meta 9, existentes 0, faltam 9
  Gerando lote de 9...
  Criados 9 rascunhos.
Tipo 8 (hard) — meta 3, existentes 0, faltam 3
  Gerando lote de 3...
  Criados 3 rascunhos.
Tipo 6 (hard) — meta 3, existentes 0, faltam 3
  Gerando lote de 3...
  Criados 3 rascunhos.
Geração concluída. Aprovando rascunhos pendentes...
Concluído. 146 exercício(s) aprovado(s) na unidade 4.2.

[48/108] === Unidade 2.2 - Conectados no Trabalho: Ferramentas Digitais e Interação (878743d4-3b80-4a2f-9c69-2c457c90fe4a) ===
Unidade 2.2 — nível A2
Tipo 1 (medium) — meta 6, existentes 0, faltam 6
  Gerando lote de 6...
  Criados 6 rascunhos.
Tipo 2 (hard) — meta 2, existentes 0, faltam 2
  Gerando lote de 2...
  Criados 2 rascunhos.
Tipo 3 (hard) — meta 2, existentes 0, faltam 2
  Gerando lote de 2...
  Criados 2 rascunhos.
Tipo 4 (easy) — meta 12, existentes 0, faltam 12
  Gerando lote de 12...
  Criados 12 rascunhos.
Tipo 9 (hard) — meta 2, existentes 0, faltam 2
  Gerando lote de 2...
  Criados 2 rascunhos.
Tipo 10 (hard) — meta 2, existentes 0, faltam 2
  Gerando lote de 2...
  Criados 2 rascunhos.
Tipo 13 (medium) — meta 6, existentes 0, faltam 6
  Gerando lote de 6...
  Erro: Aguarde alguns segundos antes de gerar novamente. — aguardando e tentando de novo...
  Gerando lote de 6...
  Criados 6 rascunhos.
Tipo 11 (hard) — meta 2, existentes 0, faltam 2
  Gerando lote de 2...
  Criados 2 rascunhos.
Tipo 5 (easy) — meta 12, existentes 0, faltam 12
  Gerando lote de 12...
  Criados 12 rascunhos.
Tipo 7 (medium) — meta 6, existentes 0, faltam 6
  Gerando lote de 6...
  Criados 6 rascunhos.
Tipo 12 (medium) — meta 6, existentes 0, faltam 6
  Gerando lote de 6...
  Criados 6 rascunhos.
Tipo 8 (hard) — meta 2, existentes 0, faltam 2
  Gerando lote de 2...
  Erro: Aguarde alguns segundos antes de gerar novamente. — aguardando e tentando de novo...
  Gerando lote de 2...
  Erro: Aguarde alguns segundos antes de gerar novamente. — aguardando e tentando de novo...
  Gerando lote de 2...
  Erro: Falha ao gerar exercícios (hard). — aguardando e tentando de novo...
  Gerando lote de 2...
  Erro: Aguarde alguns segundos antes de gerar novamente. — aguardando e tentando de novo...
  Gerando lote de 2...
  Erro: Falha ao gerar exercícios (hard). — aguardando e tentando de novo...
  Gerando lote de 2...
  Erro: Aguarde alguns segundos antes de gerar novamente. — aguardando e tentando de novo...
  Gerando lote de 2...
  Erro: Falha ao gerar exercícios (hard). — aguardando e tentando de novo...
  Gerando lote de 2...
  Erro: Aguarde alguns segundos antes de gerar novamente. — aguardando e tentando de novo...
  Gerando lote de 2...
  Erro: Falha ao gerar exercícios (hard). — aguardando e tentando de novo...
  Gerando lote de 2...
  Erro: Aguarde alguns segundos antes de gerar novamente. — aguardando e tentando de novo...
  Gerando lote de 2...
  Erro: Falha ao gerar exercícios (hard). — aguardando e tentando de novo...
  Gerando lote de 2...
  Erro: Aguarde alguns segundos antes de gerar novamente. — aguardando e tentando de novo...
  Gerando lote de 2...
  Erro: Falha ao gerar exercícios (hard). — aguardando e tentando de novo...
  Gerando lote de 2...
  Erro: Aguarde alguns segundos antes de gerar novamente. — aguardando e tentando de novo...
  Gerando lote de 2...
  Erro: Falha ao gerar exercícios (hard). — aguardando e tentando de novo...
  Gerando lote de 2...
  Erro: Aguarde alguns segundos antes de gerar novamente. — aguardando e tentando de novo...
  Gerando lote de 2...
  Erro: Falha ao gerar exercícios (hard). — aguardando e tentando de novo...
  Gerando lote de 2...
  Erro: Aguarde alguns segundos antes de gerar novamente. — aguardando e tentando de novo...
  Gerando lote de 2...
  Erro: Falha ao gerar exercícios (hard). — aguardando e tentando de novo...
  Gerando lote de 2...
  Erro: Aguarde alguns segundos antes de gerar novamente. — aguardando e tentando de novo...
  Gerando lote de 2...
  Erro: Falha ao gerar exercícios (hard). — aguardando e tentando de novo...
  Gerando lote de 2...
  Erro: Aguarde alguns segundos antes de gerar novamente. — aguardando e tentando de novo...
  Gerando lote de 2...
  Erro: Falha ao gerar exercícios (hard). — aguardando e tentando de novo...
  Gerando lote de 2...
  Erro: Aguarde alguns segundos antes de gerar novamente. — aguardando e tentando de novo...
  Gerando lote de 2...
  Erro: Falha ao gerar exercícios (hard). — aguardando e tentando de novo...
  Gerando lote de 2...
  Erro: Aguarde alguns segundos antes de gerar novamente. — aguardando e tentando de novo...
  Gerando lote de 2...
  Erro: Falha ao gerar exercícios (hard). — aguardando e tentando de novo...
  Gerando lote de 2...
  Erro: Aguarde alguns segundos antes de gerar novamente. — aguardando e tentando de novo...
  Gerando lote de 2...
  Erro: Falha ao gerar exercícios (hard). — aguardando e tentando de novo...
  Gerando lote de 2...
  Erro: Aguarde alguns segundos antes de gerar novamente. — aguardando e tentando de novo...
  Gerando lote de 2...
  Erro: Falha ao gerar exercícios (hard). — aguardando e tentando de novo...
  Gerando lote de 2...
  Erro: Aguarde alguns segundos antes de gerar novamente. — aguardando e tentando de novo...
  Gerando lote de 2...
  Erro: Aguarde alguns segundos antes de gerar novamente. — aguardando e tentando de novo...
  Gerando lote de 2...
  Erro: Falha ao gerar exercícios (hard). — aguardando e tentando de novo...
  Gerando lote de 2...
  Erro: Aguarde alguns segundos antes de gerar novamente. — aguardando e tentando de novo...
  Gerando lote de 2...
  Erro: Falha ao gerar exercícios (hard). — aguardando e tentando de novo...
  Gerando lote de 2...
  Erro: Aguarde alguns segundos antes de gerar novamente. — aguardando e tentando de novo...
  Gerando lote de 2...
  Erro: Falha ao gerar exercícios (hard). — aguardando e tentando de novo...
  Gerando lote de 2...
  Erro: Falha ao gerar exercícios (hard). — aguardando e tentando de novo...
  Gerando lote de 2...
  Erro: Aguarde alguns segundos antes de gerar novamente. — aguardando e tentando de novo...
  Gerando lote de 2...
  Erro: Falha ao gerar exercícios (hard). — aguardando e tentando de novo...
  Gerando lote de 2...
  Erro: Aguarde alguns segundos antes de gerar novamente. — aguardando e tentando de novo...
  Gerando lote de 2...
  Erro: Aguarde alguns segundos antes de gerar novamente. — aguardando e tentando de novo...
  Gerando lote de 2...
  Erro: Falha ao gerar exercícios (hard). — aguardando e tentando de novo...
  Gerando lote de 2...
  Erro: Aguarde alguns segundos antes de gerar novamente. — aguardando e tentando de novo...
  Gerando lote de 2...
  Erro: Falha ao gerar exercícios (hard). — aguardando e tentando de novo...
  Gerando lote de 2...
  Erro: Aguarde alguns segundos antes de gerar novamente. — aguardando e tentando de novo...
  Gerando lote de 2...
  Erro: Falha ao gerar exercícios (hard). — aguardando e tentando de novo...
  Gerando lote de 2...
  Erro: Falha ao gerar exercícios (hard). — aguardando e tentando de novo...
  Gerando lote de 2...
  Erro: Aguarde alguns segundos antes de gerar novamente. — aguardando e tentando de novo...
  Gerando lote de 2...
  Erro: Falha ao gerar exercícios (hard). — aguardando e tentando de novo...
  Gerando lote de 2...
  Erro: Aguarde alguns segundos antes de gerar novamente. — aguardando e tentando de novo...
  Gerando lote de 2...
  Erro: Falha ao gerar exercícios (hard). — aguardando e tentando de novo...
  Gerando lote de 2...
  Erro: Aguarde alguns segundos antes de gerar novamente. — aguardando e tentando de novo...
  Gerando lote de 2...
  Erro: Falha ao gerar exercícios (hard). — aguardando e tentando de novo...
  Gerando lote de 2...
  Erro: Aguarde alguns segundos antes de gerar novamente. — aguardando e tentando de novo...
  Gerando lote de 2...
  Erro: Falha ao gerar exercícios (hard). — aguardando e tentando de novo...
  Gerando lote de 2...
  Erro: Aguarde alguns segundos antes de gerar novamente. — aguardando e tentando de novo...
  Gerando lote de 2...
  Erro: Falha ao gerar exercícios (hard). — aguardando e tentando de novo...
  Gerando lote de 2...
  Erro: Aguarde alguns segundos antes de gerar novamente. — aguardando e tentando de novo...
  Gerando lote de 2...
  Erro: Falha ao gerar exercícios (hard). — aguardando e tentando de novo...
  Gerando lote de 2...
  Erro: Aguarde alguns segundos antes de gerar novamente. — aguardando e tentando de novo...
  Gerando lote de 2...
  Erro: Falha ao gerar exercícios (hard). — aguardando e tentando de novo...
  Gerando lote de 2...
  Erro: Aguarde alguns segundos antes de gerar novamente. — aguardando e tentando de novo...
  Gerando lote de 2...
  Erro: Falha ao gerar exercícios (hard). — aguardando e tentando de novo...
  Gerando lote de 2...
  Erro: Aguarde alguns segundos antes de gerar novamente. — aguardando e tentando de novo...
  Gerando lote de 2...
  Erro: Falha ao gerar exercícios (hard). — aguardando e tentando de novo...
  Gerando lote de 2...
  Erro: Aguarde alguns segundos antes de gerar novamente. — aguardando e tentando de novo...
  Gerando lote de 2...
  Erro: Falha ao gerar exercícios (hard). — aguardando e tentando de novo...
  Gerando lote de 2...
  Erro: Aguarde alguns segundos antes de gerar novamente. — aguardando e tentando de novo...
  Gerando lote de 2...
  Erro: Falha ao gerar exercícios (hard). — aguardando e tentando de novo...
  Gerando lote de 2...
  Erro: Aguarde alguns segundos antes de gerar novamente. — aguardando e tentando de novo...
  Gerando lote de 2...
  Erro: Falha ao gerar exercícios (hard). — aguardando e tentando de novo...
  Gerando lote de 2...
  Erro: Aguarde alguns segundos antes de gerar novamente. — aguardando e tentando de novo...
  Gerando lote de 2...
  Erro: Falha ao gerar exercícios (hard). — aguardando e tentando de novo...
  Gerando lote de 2...
  Erro: Aguarde alguns segundos antes de gerar novamente. — aguardando e tentando de novo...
  Gerando lote de 2...
  Erro: Falha ao gerar exercícios (hard). — aguardando e tentando de novo...
  Gerando lote de 2...
  Erro: Aguarde alguns segundos antes de gerar novamente. — aguardando e tentando de novo...
  Gerando lote de 2...
  Erro: Falha ao gerar exercícios (hard). — aguardando e tentando de novo...
  Gerando lote de 2...
  Erro: Aguarde alguns segundos antes de gerar novamente. — aguardando e tentando de novo...
  Gerando lote de 2...
  Erro: Falha ao gerar exercícios (hard). — aguardando e tentando de novo...
  Gerando lote de 2...
  Erro: Aguarde alguns segundos antes de gerar novamente. — aguardando e tentando de novo...
  Gerando lote de 2...
  Erro: Falha ao gerar exercícios (hard). — aguardando e tentando de novo...
  Gerando lote de 2...
  Erro: Aguarde alguns segundos antes de gerar novamente. — aguardando e tentando de novo...
  Gerando lote de 2...
  Erro: Falha ao gerar exercícios (hard). — aguardando e tentando de novo...
  Gerando lote de 2...
  Erro: Aguarde alguns segundos antes de gerar novamente. — aguardando e tentando de novo...
  Gerando lote de 2...
  Erro: Falha ao gerar exercícios (hard). — aguardando e tentando de novo...
  Gerando lote de 2...
  Erro: Falha ao gerar exercícios (hard). — aguardando e tentando de novo...
  Gerando lote de 2...
  Erro: Aguarde alguns segundos antes de gerar novamente. — aguardando e tentando de novo...
  Gerando lote de 2...
  Erro: Falha ao gerar exercícios (hard). — aguardando e tentando de novo...
  Gerando lote de 2...
  Erro: Aguarde alguns segundos antes de gerar novamente. — aguardando e tentando de novo...
  Gerando lote de 2...
  Erro: Falha ao gerar exercícios (hard). — aguardando e tentando de novo...
  Gerando lote de 2...
  Erro: Aguarde alguns segundos antes de gerar novamente. — aguardando e tentando de novo...
  Gerando lote de 2...
  Erro: Falha ao gerar exercícios (hard). — aguardando e tentando de novo...
  Gerando lote de 2...
  Erro: Aguarde alguns segundos antes de gerar novamente. — aguardando e tentando de novo...
  Gerando lote de 2...
  Erro: Aguarde alguns segundos antes de gerar novamente. — aguardando e tentando de novo...
  Gerando lote de 2...
  Erro: Falha ao gerar exercícios (hard). — aguardando e tentando de novo...
  Gerando lote de 2...
  Erro: Falha ao gerar exercícios (hard). — aguardando e tentando de novo...
  Gerando lote de 2...
  Erro: Aguarde alguns segundos antes de gerar novamente. — aguardando e tentando de novo...
  Gerando lote de 2...
  Erro: Aguarde alguns segundos antes de gerar novamente. — aguardando e tentando de novo...
  Gerando lote de 2...
  Erro: Falha ao gerar exercícios (hard). — aguardando e tentando de novo...
  Gerando lote de 2...
  Erro: Aguarde alguns segundos antes de gerar novamente. — aguardando e tentando de novo...
  Gerando lote de 2...
  Erro: Falha ao gerar exercícios (hard). — aguardando e tentando de novo...
  Gerando lote de 2...
  Erro: Aguarde alguns segundos antes de gerar novamente. — aguardando e tentando de novo...
  Gerando lote de 2...
  Erro: Falha ao gerar exercícios (hard). — aguardando e tentando de novo...
  Gerando lote de 2...
  Erro: Aguarde alguns segundos antes de gerar novamente. — aguardando e tentando de novo...
  Gerando lote de 2...
  Erro: Falha ao gerar exercícios (hard). — aguardando e tentando de novo...
  Gerando lote de 2...
  Erro: Aguarde alguns segundos antes de gerar novamente. — aguardando e tentando de novo...
  Gerando lote de 2...
  Erro: Falha ao gerar exercícios (hard). — aguardando e tentando de novo...
  Gerando lote de 2...
  Erro: Aguarde alguns segundos antes de gerar novamente. — aguardando e tentando de novo...
  Gerando lote de 2...
  Erro: Falha ao gerar exercícios (hard). — aguardando e tentando de novo...
  Gerando lote de 2...
  Erro: Aguarde alguns segundos antes de gerar novamente. — aguardando e tentando de novo...
  Gerando lote de 2...
  Erro: Falha ao gerar exercícios (hard). — aguardando e tentando de novo...
  Gerando lote de 2...
  Erro: Aguarde alguns segundos antes de gerar novamente. — aguardando e tentando de novo...
  Gerando lote de 2...
  Erro: Falha ao gerar exercícios (hard). — aguardando e tentando de novo...
  Gerando lote de 2...
  Erro: Aguarde alguns segundos antes de gerar novamente. — aguardando e tentando de novo...
  Gerando lote de 2...
  Erro: Falha ao gerar exercícios (hard). — aguardando e tentando de novo...
  Gerando lote de 2...
  Erro: Aguarde alguns segundos antes de gerar novamente. — aguardando e tentando de novo...
  Gerando lote de 2...
  Erro: Falha ao gerar exercícios (hard). — aguardando e tentando de novo...
  Gerando lote de 2...
  Erro: Aguarde alguns segundos antes de gerar novamente. — aguardando e tentando de novo...
  Gerando lote de 2...
  Erro: Falha ao gerar exercícios (hard). — aguardando e tentando de novo...
  Gerando lote de 2...
  Erro: Aguarde alguns segundos antes de gerar novamente. — aguardando e tentando de novo...
  Gerando lote de 2...
  Erro: Falha ao gerar exercícios (hard). — aguardando e tentando de novo...
  Gerando lote de 2...
  Erro: Aguarde alguns segundos antes de gerar novamente. — aguardando e tentando de novo...
  Gerando lote de 2...
  Erro: Falha ao gerar exercícios (hard). — aguardando e tentando de novo...
  Gerando lote de 2...
  Erro: Aguarde alguns segundos antes de gerar novamente. — aguardando e tentando de novo...
  Gerando lote de 2...
  Erro: Falha ao gerar exercícios (hard). — aguardando e tentando de novo...
  Gerando lote de 2...
  Erro: Falha ao gerar exercícios (hard). — aguardando e tentando de novo...
  Gerando lote de 2...
  Erro: Aguarde alguns segundos antes de gerar novamente. — aguardando e tentando de novo...
  Gerando lote de 2...
  Erro: Falha ao gerar exercícios (hard). — aguardando e tentando de novo...
  Gerando lote de 2...
  Erro: Aguarde alguns segundos antes de gerar novamente. — aguardando e tentando de novo...
  Gerando lote de 2...
  Erro: Aguarde alguns segundos antes de gerar novamente. — aguardando e tentando de novo...
  Gerando lote de 2...
  Erro: Falha ao gerar exercícios (hard). — aguardando e tentando de novo...
  Gerando lote de 2...
  Erro: Aguarde alguns segundos antes de gerar novamente. — aguardando e tentando de novo...
  Gerando lote de 2...
  Erro: Falha ao gerar exercícios (hard). — aguardando e tentando de novo...
  Gerando lote de 2...
  Erro: Aguarde alguns segundos antes de gerar novamente. — aguardando e tentando de novo...
  Gerando lote de 2...
  Erro: Falha ao gerar exercícios (hard). — aguardando e tentando de novo...
  Gerando lote de 2...
  Erro: Aguarde alguns segundos antes de gerar novamente. — aguardando e tentando de novo...
  Gerando lote de 2...
  Erro: Falha ao gerar exercícios (hard). — aguardando e tentando de novo...
  Gerando lote de 2...
  Erro: Aguarde alguns segundos antes de gerar novamente. — aguardando e tentando de novo...
  Gerando lote de 2...
  Erro: Falha ao gerar exercícios (hard). — aguardando e tentando de novo...
  Gerando lote de 2...
  Erro: Aguarde alguns segundos antes de gerar novamente. — aguardando e tentando de novo...
  Gerando lote de 2...
  Erro: Falha ao gerar exercícios (hard). — aguardando e tentando de novo...
  Gerando lote de 2...
  Erro: Aguarde alguns segundos antes de gerar novamente. — aguardando e tentando de novo...
  Gerando lote de 2...
  Erro: Falha ao gerar exercícios (hard). — aguardando e tentando de novo...
  Gerando lote de 2...
  Erro: Falha ao gerar exercícios (hard). — aguardando e tentando de novo...
  Gerando lote de 2...
  Erro: Aguarde alguns segundos antes de gerar novamente. — aguardando e tentando de novo...
  Gerando lote de 2...
  Erro: Falha ao gerar exercícios (hard). — aguardando e tentando de novo...
  Gerando lote de 2...
  Erro: Aguarde alguns segundos antes de gerar novamente. — aguardando e tentando de novo...
  Gerando lote de 2...
  Erro: Falha ao gerar exercícios (hard). — aguardando e tentando de novo...
  Gerando lote de 2...
  Erro: Aguarde alguns segundos antes de gerar novamente. — aguardando e tentando de novo...
  Gerando lote de 2...
  Erro: Falha ao gerar exercícios (hard). — aguardando e tentando de novo...
  Gerando lote de 2...
  Erro: Aguarde alguns segundos antes de gerar novamente. — aguardando e tentando de novo...
  Gerando lote de 2...
  Erro: Falha ao gerar exercícios (hard). — aguardando e tentando de novo...
  Gerando lote de 2...
  Erro: Aguarde alguns segundos antes de gerar novamente. — aguardando e tentando de novo...
  Gerando lote de 2...
  Erro: Falha ao gerar exercícios (hard). — aguardando e tentando de novo...
  Gerando lote de 2...
  Erro: Aguarde alguns segundos antes de gerar novamente. — aguardando e tentando de novo...
  Gerando lote de 2...
  Erro: Falha ao gerar exercícios (hard). — aguardando e tentando de novo...
  Gerando lote de 2...
  Erro: Aguarde alguns segundos antes de gerar novamente. — aguardando e tentando de novo...
  Gerando lote de 2...
  Erro: Falha ao gerar exercícios (hard). — aguardando e tentando de novo...
  Gerando lote de 2...
  Erro: Aguarde alguns segundos antes de gerar novamente. — aguardando e tentando de novo...
  Gerando lote de 2...
  Erro: Aguarde alguns segundos antes de gerar novamente. — aguardando e tentando de novo...
  Gerando lote de 2...
  Erro: Falha ao gerar exercícios (hard). — aguardando e tentando de novo...
  Gerando lote de 2...
  Erro: Aguarde alguns segundos antes de gerar novamente. — aguardando e tentando de novo...
  Gerando lote de 2...
  Erro: Falha ao gerar exercícios (hard). — aguardando e tentando de novo...
  Gerando lote de 2...
  Erro: Aguarde alguns segundos antes de gerar novamente. — aguardando e tentando de novo...
  Gerando lote de 2...
  Erro: Falha ao gerar exercícios (hard). — aguardando e tentando de novo...
  Gerando lote de 2...
  Erro: Aguarde alguns segundos antes de gerar novamente. — aguardando e tentando de novo...
  Gerando lote de 2...
  Erro: Falha ao gerar exercícios (hard). — aguardando e tentando de novo...
  Gerando lote de 2...
  Erro: Aguarde alguns segundos antes de gerar novamente. — aguardando e tentando de novo...
  Gerando lote de 2...
  Erro: Falha ao gerar exercícios (hard). — aguardando e tentando de novo...
  Gerando lote de 2...
  Erro: Aguarde alguns segundos antes de gerar novamente. — aguardando e tentando de novo...
  Gerando lote de 2...
  Erro: Falha ao gerar exercícios (hard). — aguardando e tentando de novo...
  Gerando lote de 2...
  Erro: Aguarde alguns segundos antes de gerar novamente. — aguardando e tentando de novo...
  Gerando lote de 2...
  Erro: Falha ao gerar exercícios (hard). — aguardando e tentando de novo...
  Gerando lote de 2...
  Erro: Aguarde alguns segundos antes de gerar novamente. — aguardando e tentando de novo...
  Gerando lote de 2...
  Erro: Falha ao gerar exercícios (hard). — aguardando e tentando de novo...
  Gerando lote de 2...
  Erro: Falha ao gerar exercícios (hard). — aguardando e tentando de novo...
  Gerando lote de 2...
  Erro: Aguarde alguns segundos antes de gerar novamente. — aguardando e tentando de novo...
  Gerando lote de 2...
  Erro: Falha ao gerar exercícios (hard). — aguardando e tentando de novo...
  Gerando lote de 2...
  Erro: Aguarde alguns segundos antes de gerar novamente. — aguardando e tentando de novo...
  Gerando lote de 2...
  Erro: Falha ao gerar exercícios (hard). — aguardando e tentando de novo...
  Gerando lote de 2...
  Erro: Aguarde alguns segundos antes de gerar novamente. — aguardando e tentando de novo...
  Gerando lote de 2...
  Erro: Falha ao gerar exercícios (hard). — aguardando e tentando de novo...
  Gerando lote de 2...
  Erro: Falha ao gerar exercícios (hard). — aguardando e tentando de novo...
  Gerando lote de 2...
  Erro: Aguarde alguns segundos antes de gerar novamente. — aguardando e tentando de novo...
  Gerando lote de 2...
  Erro: Aguarde alguns segundos antes de gerar novamente. — aguardando e tentando de novo...
  Gerando lote de 2...
  Erro: Falha ao gerar exercícios (hard). — aguardando e tentando de novo...
  Gerando lote de 2...
  Erro: Aguarde alguns segundos antes de gerar novamente. — aguardando e tentando de novo...
  Gerando lote de 2...
  Erro: Falha ao gerar exercícios (hard). — aguardando e tentando de novo...
  Gerando lote de 2...
  Erro: Aguarde alguns segundos antes de gerar novamente. — aguardando e tentando de novo...
  Gerando lote de 2...
  Erro: Falha ao gerar exercícios (hard). — aguardando e tentando de novo...
  Gerando lote de 2...
  Erro: Aguarde alguns segundos antes de gerar novamente. — aguardando e tentando de novo...
  Gerando lote de 2...
  Erro: Falha ao gerar exercícios (hard). — aguardando e tentando de novo...
  Gerando lote de 2...
  Erro: Aguarde alguns segundos antes de gerar novamente. — aguardando e tentando de novo...
  Gerando lote de 2...
  Erro: Aguarde alguns segundos antes de gerar novamente. — aguardando e tentando de novo...
  Gerando lote de 2...
  Erro: Falha ao gerar exercícios (hard). — aguardando e tentando de novo...
  Gerando lote de 2...
  Erro: Aguarde alguns segundos antes de gerar novamente. — aguardando e tentando de novo...
  Gerando lote de 2...
  Erro: Falha ao gerar exercícios (hard). — aguardando e tentando de novo...
  Gerando lote de 2...
  Erro: Aguarde alguns segundos antes de gerar novamente. — aguardando e tentando de novo...
  Gerando lote de 2...
  Erro: Falha ao gerar exercícios (hard). — aguardando e tentando de novo...
  Gerando lote de 2...
  Erro: Aguarde alguns segundos antes de gerar novamente. — aguardando e tentando de novo...
  Gerando lote de 2...
  Erro: Aguarde alguns segundos antes de gerar novamente. — aguardando e tentando de novo...
  Gerando lote de 2...
  Erro: Falha ao gerar exercícios (hard). — aguardando e tentando de novo...
  Gerando lote de 2...
  Erro: Aguarde alguns segundos antes de gerar novamente. — aguardando e tentando de novo...
  Gerando lote de 2...
  Erro: Falha ao gerar exercícios (hard). — aguardando e tentando de novo...
  Gerando lote de 2...
  Erro: Falha ao gerar exercícios (hard). — aguardando e tentando de novo...
  Gerando lote de 2...
  Erro: Aguarde alguns segundos antes de gerar novamente. — aguardando e tentando de novo...
  Gerando lote de 2...
  Erro: Falha ao gerar exercícios (hard). — aguardando e tentando de novo...
  Gerando lote de 2...
  Erro: Aguarde alguns segundos antes de gerar novamente. — aguardando e tentando de novo...
  Gerando lote de 2...
  Erro: Falha ao gerar exercícios (hard). — aguardando e tentando de novo...
  Gerando lote de 2...
  Erro: Aguarde alguns segundos antes de gerar novamente. — aguardando e tentando de novo...
  Gerando lote de 2...
  Erro: Falha ao gerar exercícios (hard). — aguardando e tentando de novo...
  Gerando lote de 2...
  Erro: Aguarde alguns segundos antes de gerar novamente. — aguardando e tentando de novo...
  Gerando lote de 2...
  Erro: Falha ao gerar exercícios (hard). — aguardando e tentando de novo...
  Gerando lote de 2...
  Erro: Aguarde alguns segundos antes de gerar novamente. — aguardando e tentando de novo...
  Gerando lote de 2...
  Erro: Aguarde alguns segundos antes de gerar novamente. — aguardando e tentando de novo...
  Gerando lote de 2...
  Erro: Falha ao gerar exercícios (hard). — aguardando e tentando de novo...
  Gerando lote de 2...
  Erro: Falha ao gerar exercícios (hard). — aguardando e tentando de novo...
  Gerando lote de 2...
  Erro: Aguarde alguns segundos antes de gerar novamente. — aguardando e tentando de novo...
  Gerando lote de 2...
  Erro: Falha ao gerar exercícios (hard). — aguardando e tentando de novo...
  Gerando lote de 2...
  Erro: Aguarde alguns segundos antes de gerar novamente. — aguardando e tentando de novo...
  Gerando lote de 2...
  Erro: Falha ao gerar exercícios (hard). — aguardando e tentando de novo...
  Gerando lote de 2...
  Erro: Aguarde alguns segundos antes de gerar novamente. — aguardando e tentando de novo...
  Gerando lote de 2...
  Erro: Falha ao gerar exercícios (hard). — aguardando e tentando de novo...
  Gerando lote de 2...
  Erro: Aguarde alguns segundos antes de gerar novamente. — aguardando e tentando de novo...
  Gerando lote de 2...
  Erro: Aguarde alguns segundos antes de gerar novamente. — aguardando e tentando de novo...
  Gerando lote de 2...
  Erro: Falha ao gerar exercícios (hard). — aguardando e tentando de novo...
  Gerando lote de 2...
  Erro: Aguarde alguns segundos antes de gerar novamente. — aguardando e tentando de novo...
  Gerando lote de 2...
  Erro: Falha ao gerar exercícios (hard). — aguardando e tentando de novo...
  Gerando lote de 2...
  Erro: Aguarde alguns segundos antes de gerar novamente. — aguardando e tentando de novo...
  Gerando lote de 2...
  Erro: Falha ao gerar exercícios (hard). — aguardando e tentando de novo...
  Gerando lote de 2...
  Erro: Falha ao gerar exercícios (hard). — aguardando e tentando de novo...
  Gerando lote de 2...
  Erro: Aguarde alguns segundos antes de gerar novamente. — aguardando e tentando de novo...
  Gerando lote de 2...
  Erro: Aguarde alguns segundos antes de gerar novamente. — aguardando e tentando de novo...
  Gerando lote de 2...
  Erro: Falha ao gerar exercícios (hard). — aguardando e tentando de novo...
  Gerando lote de 2...
  Erro: Aguarde alguns segundos antes de gerar novamente. — aguardando e tentando de novo...
  Gerando lote de 2...
  Erro: Falha ao gerar exercícios (hard). — aguardando e tentando de novo...
  Gerando lote de 2...
  Erro: Aguarde alguns segundos antes de gerar novamente. — aguardando e tentando de novo...
  Gerando lote de 2...
  Erro: Aguarde alguns segundos antes de gerar novamente. — aguardando e tentando de novo...
  Gerando lote de 2...
  Erro: Falha ao gerar exercícios (hard). — aguardando e tentando de novo...
  Gerando lote de 2...
  Erro: Aguarde alguns segundos antes de gerar novamente. — aguardando e tentando de novo...
  Gerando lote de 2...
  Erro: Falha ao gerar exercícios (hard). — aguardando e tentando de novo...
  Gerando lote de 2...
  Erro: Aguarde alguns segundos antes de gerar novamente. — aguardando e tentando de novo...
  Gerando lote de 2...
  Erro: Falha ao gerar exercícios (hard). — aguardando e tentando de novo...
  Gerando lote de 2...
  Erro: Aguarde alguns segundos antes de gerar novamente. — aguardando e tentando de novo...
  Gerando lote de 2...
  Erro: Falha ao gerar exercícios (hard). — aguardando e tentando de novo...
  Gerando lote de 2...
  Erro: Falha ao gerar exercícios (hard). — aguardando e tentando de novo...
  Gerando lote de 2...
  Erro: Aguarde alguns segundos antes de gerar novamente. — aguardando e tentando de novo...
  Gerando lote de 2...
  Erro: Falha ao gerar exercícios (hard). — aguardando e tentando de novo...
  Gerando lote de 2...
  Erro: Aguarde alguns segundos antes de gerar novamente. — aguardando e tentando de novo...
  Gerando lote de 2...
  Erro: Falha ao gerar exercícios (hard). — aguardando e tentando de novo...
  Gerando lote de 2...
  Erro: Aguarde alguns segundos antes de gerar novamente. — aguardando e tentando de novo...
  Gerando lote de 2...
  Erro: Falha ao gerar exercícios (hard). — aguardando e tentando de novo...
  Gerando lote de 2...
  Erro: Aguarde alguns segundos antes de gerar novamente. — aguardando e tentando de novo...
  Gerando lote de 2...
  Erro: Aguarde alguns segundos antes de gerar novamente. — aguardando e tentando de novo...
  Gerando lote de 2...
  Erro: Falha ao gerar exercícios (hard). — aguardando e tentando de novo...
  Gerando lote de 2...
  Erro: Aguarde alguns segundos antes de gerar novamente. — aguardando e tentando de novo...
  Gerando lote de 2...
  Erro: Falha ao gerar exercícios (hard). — aguardando e tentando de novo...
  Gerando lote de 2...
  Erro: Aguarde alguns segundos antes de gerar novamente. — aguardando e tentando de novo...
  Gerando lote de 2...
  Erro: Falha ao gerar exercícios (hard). — aguardando e tentando de novo...
  Gerando lote de 2...
  Erro: Aguarde alguns segundos antes de gerar novamente. — aguardando e tentando de novo...
  Gerando lote de 2...
  Erro: Falha ao gerar exercícios (hard). — aguardando e tentando de novo...
  Gerando lote de 2...
  Erro: Aguarde alguns segundos antes de gerar novamente. — aguardando e tentando de novo...
  Gerando lote de 2...
  Erro: Falha ao gerar exercícios (hard). — aguardando e tentando de novo...
  Gerando lote de 2...
  Erro: Falha ao gerar exercícios (hard). — aguardando e tentando de novo...
  Gerando lote de 2...
  Erro: Aguarde alguns segundos antes de gerar novamente. — aguardando e tentando de novo...
  Gerando lote de 2...
  Erro: Falha ao gerar exercícios (hard). — aguardando e tentando de novo...
  Gerando lote de 2...
  Erro: Aguarde alguns segundos antes de gerar novamente. — aguardando e tentando de novo...
  Gerando lote de 2...
  Erro: Aguarde alguns segundos antes de gerar novamente. — aguardando e tentando de novo...
  Gerando lote de 2...
  Erro: Falha ao gerar exercícios (hard). — aguardando e tentando de novo...
  Gerando lote de 2...
  Erro: Falha ao gerar exercícios (hard). — aguardando e tentando de novo...
  Gerando lote de 2...
  Erro: Aguarde alguns segundos antes de gerar novamente. — aguardando e tentando de novo...
  Gerando lote de 2...
  Erro: Falha ao gerar exercícios (hard). — aguardando e tentando de novo...
  Gerando lote de 2...
  Erro: Aguarde alguns segundos antes de gerar novamente. — aguardando e tentando de novo...
  Gerando lote de 2...
  Erro: Falha ao gerar exercícios (hard). — aguardando e tentando de novo...
  Gerando lote de 2...
  Erro: Falha ao gerar exercícios (hard). — aguardando e tentando de novo...
  Gerando lote de 2...
  Erro: Aguarde alguns segundos antes de gerar novamente. — aguardando e tentando de novo...
  Gerando lote de 2...
  Erro: Aguarde alguns segundos antes de gerar novamente. — aguardando e tentando de novo...
  Gerando lote de 2...
  Erro: Falha ao gerar exercícios (hard). — aguardando e tentando de novo...
  Gerando lote de 2...
  Erro: Aguarde alguns segundos antes de gerar novamente. — aguardando e tentando de novo...
  Gerando lote de 2...
  Erro: Falha ao gerar exercícios (hard). — aguardando e tentando de novo...
  Gerando lote de 2...
  Erro: Aguarde alguns segundos antes de gerar novamente. — aguardando e tentando de novo...
  Gerando lote de 2...
  Erro: Falha ao gerar exercícios (hard). — aguardando e tentando de novo...
  Gerando lote de 2...
  Erro: Falha ao gerar exercícios (hard). — aguardando e tentando de novo...
  Gerando lote de 2...
  Erro: Aguarde alguns segundos antes de gerar novamente. — aguardando e tentando de novo...
  Gerando lote de 2...
  Erro: Aguarde alguns segundos antes de gerar novamente. — aguardando e tentando de novo...
  Gerando lote de 2...
  Criados 2 rascunhos.
Tipo 6 (hard) — meta 2, existentes 0, faltam 2
  Gerando lote de 2...
  Erro: Falha ao gerar exercícios (hard). — aguardando e tentando de novo...
  Gerando lote de 2...
  Criados 2 rascunhos.
Geração concluída. Aprovando rascunhos pendentes...
Concluído. 122 exercício(s) aprovado(s) na unidade 2.2.

[49/108] === Unidade 3.4 - No Escritório — Solicitações e Atribuições (9b5f9faa-d637-4c32-8780-4f2eafe33480) ===
Unidade 3.4 — nível A2
Tipo 1 (medium) — meta 6, existentes 0, faltam 6
  Gerando lote de 6...
  Criados 6 rascunhos.
Tipo 2 (hard) — meta 2, existentes 0, faltam 2
  Gerando lote de 2...
  Erro: Aguarde alguns segundos antes de gerar novamente. — aguardando e tentando de novo...
  Gerando lote de 2...
  Criados 2 rascunhos.
Tipo 3 (hard) — meta 2, existentes 0, faltam 2
  Gerando lote de 2...
  Criados 2 rascunhos.
Tipo 4 (easy) — meta 12, existentes 0, faltam 12
  Gerando lote de 12...
  Criados 12 rascunhos.
Tipo 9 (hard) — meta 2, existentes 0, faltam 2
  Gerando lote de 2...
  Erro: Aguarde alguns segundos antes de gerar novamente. — aguardando e tentando de novo...
  Gerando lote de 2...
  Erro: Falha ao gerar exercícios (hard). — aguardando e tentando de novo...
  Gerando lote de 2...
  Erro: Aguarde alguns segundos antes de gerar novamente. — aguardando e tentando de novo...
  Gerando lote de 2...
  Criados 2 rascunhos.
Tipo 10 (hard) — meta 2, existentes 0, faltam 2
  Gerando lote de 2...
  Criados 2 rascunhos.
Tipo 13 (medium) — meta 6, existentes 0, faltam 6
  Gerando lote de 6...
  Criados 6 rascunhos.
Tipo 11 (hard) — meta 2, existentes 0, faltam 2
  Gerando lote de 2...
  Criados 2 rascunhos.
Tipo 5 (easy) — meta 12, existentes 0, faltam 12
  Gerando lote de 12...
  Criados 12 rascunhos.
Tipo 7 (medium) — meta 6, existentes 0, faltam 6
  Gerando lote de 6...
  Criados 6 rascunhos.
Tipo 12 (medium) — meta 6, existentes 0, faltam 6
  Gerando lote de 6...
  Criados 6 rascunhos.
Tipo 8 (hard) — meta 2, existentes 0, faltam 2
  Gerando lote de 2...
  Criados 2 rascunhos.
Tipo 6 (hard) — meta 2, existentes 0, faltam 2
  Gerando lote de 2...
  Erro: Aguarde alguns segundos antes de gerar novamente. — aguardando e tentando de novo...
  Gerando lote de 2...
  Criados 2 rascunhos.
Geração concluída. Aprovando rascunhos pendentes...
Concluído. 104 exercício(s) aprovado(s) na unidade 3.4.

[50/108] === Unidade 3.3 - O Subtexto Corporativo: Desvendando a Ambiguidade e o Duplo Sentido (214c7e1b-0c29-4d04-8aac-a3d529ef06fa) ===
Unidade 3.3 — nível C1
Tipo 1 (medium) — meta 9, existentes 0, faltam 9
  Gerando lote de 9...
  Erro: Aguarde alguns segundos antes de gerar novamente. — aguardando e tentando de novo...
  Gerando lote de 9...
  Erro: Falha ao gerar exercícios (medium). — aguardando e tentando de novo...
  Gerando lote de 9...
  Criados 9 rascunhos.
Tipo 2 (hard) — meta 3, existentes 0, faltam 3
  Gerando lote de 3...
  Criados 3 rascunhos.
Tipo 3 (hard) — meta 3, existentes 0, faltam 3
  Gerando lote de 3...
  Erro: Falha ao gerar exercícios (hard). — aguardando e tentando de novo...
  Gerando lote de 3...
  Criados 3 rascunhos.
Tipo 4 (easy) — meta 18, existentes 0, faltam 18
  Gerando lote de 18...
  Criados 18 rascunhos.
Tipo 9 (hard) — meta 3, existentes 0, faltam 3
  Gerando lote de 3...
  Criados 3 rascunhos.
Tipo 10 (hard) — meta 3, existentes 0, faltam 3
  Gerando lote de 3...
  Criados 3 rascunhos.
Tipo 13 (medium) — meta 9, existentes 0, faltam 9
  Gerando lote de 9...
  Criados 9 rascunhos.
Tipo 11 (hard) — meta 3, existentes 0, faltam 3
  Gerando lote de 3...
  Criados 3 rascunhos.
Tipo 5 (easy) — meta 18, existentes 0, faltam 18
  Gerando lote de 18...
  Criados 18 rascunhos.
Tipo 7 (medium) — meta 9, existentes 0, faltam 9
  Gerando lote de 9...
  Criados 9 rascunhos.
Tipo 12 (medium) — meta 9, existentes 0, faltam 9
  Gerando lote de 9...
  Erro: Aguarde alguns segundos antes de gerar novamente. — aguardando e tentando de novo...
  Gerando lote de 9...
  Criados 9 rascunhos.
Tipo 8 (hard) — meta 3, existentes 0, faltam 3
  Gerando lote de 3...
  Criados 3 rascunhos.
Tipo 6 (hard) — meta 3, existentes 0, faltam 3
  Gerando lote de 3...
  Criados 3 rascunhos.
Geração concluída. Aprovando rascunhos pendentes...
Concluído. 180 exercício(s) aprovado(s) na unidade 3.3.

[51/108] === Unidade 4.4 - Coletivos e Partitivos: A Nuance na Comunicação Corporativa (4b2c047d-b711-4941-b814-62f53774b40b) ===
Unidade 4.4 — nível C1
Tipo 1 (medium) — meta 12, existentes 0, faltam 12
  Gerando lote de 12...
  Criados 12 rascunhos.
Tipo 2 (hard) — meta 3, existentes 0, faltam 3
  Gerando lote de 3...
  Erro: Falha ao gerar exercícios (hard). — aguardando e tentando de novo...
  Gerando lote de 3...
  Erro: Falha ao gerar exercícios (hard). — aguardando e tentando de novo...
  Gerando lote de 3...
  Erro: Falha ao gerar exercícios (hard). — aguardando e tentando de novo...
  Gerando lote de 3...
  Erro: Falha ao gerar exercícios (hard). — aguardando e tentando de novo...
  Gerando lote de 3...
  Erro: Aguarde alguns segundos antes de gerar novamente. — aguardando e tentando de novo...
  Gerando lote de 3...
  Criados 3 rascunhos.
Tipo 3 (hard) — meta 3, existentes 0, faltam 3
  Gerando lote de 3...
  Erro: Aguarde alguns segundos antes de gerar novamente. — aguardando e tentando de novo...
  Gerando lote de 3...
  Erro: Falha ao gerar exercícios (hard). — aguardando e tentando de novo...
  Gerando lote de 3...
  Criados 3 rascunhos.
Tipo 4 (easy) — meta 24, existentes 0, faltam 24
  Gerando lote de 20...
  Criados 20 rascunhos.
  Gerando lote de 4...
  Erro: Aguarde alguns segundos antes de gerar novamente. — aguardando e tentando de novo...
  Gerando lote de 4...
  Criados 4 rascunhos.
Tipo 9 (hard) — meta 3, existentes 0, faltam 3
  Gerando lote de 3...
  Erro: Aguarde alguns segundos antes de gerar novamente. — aguardando e tentando de novo...
  Gerando lote de 3...
  Criados 3 rascunhos.
Tipo 10 (hard) — meta 3, existentes 0, faltam 3
  Gerando lote de 3...
  Criados 3 rascunhos.
Tipo 13 (medium) — meta 12, existentes 0, faltam 12
  Gerando lote de 12...
  Criados 12 rascunhos.
Tipo 11 (hard) — meta 3, existentes 0, faltam 3
  Gerando lote de 3...
  Criados 3 rascunhos.
Tipo 5 (easy) — meta 24, existentes 0, faltam 24
  Gerando lote de 20...
  Criados 20 rascunhos.
  Gerando lote de 4...
  Erro: Aguarde alguns segundos antes de gerar novamente. — aguardando e tentando de novo...
  Gerando lote de 4...
  Criados 4 rascunhos.
Tipo 7 (medium) — meta 12, existentes 0, faltam 12
  Gerando lote de 12...
  Criados 12 rascunhos.
Tipo 12 (medium) — meta 12, existentes 0, faltam 12
  Gerando lote de 12...
  Criados 12 rascunhos.
Tipo 8 (hard) — meta 3, existentes 0, faltam 3
  Gerando lote de 3...
  Criados 3 rascunhos.
Tipo 6 (hard) — meta 3, existentes 0, faltam 3
  Gerando lote de 3...
  Criados 3 rascunhos.
Geração concluída. Aprovando rascunhos pendentes...
Concluído. 91 exercício(s) aprovado(s) na unidade 4.4.

[52/108] === Unidade 4.1 - Decodificación de Mensajes Estratégicos Corporativos — Análisis de Impacto e Intención (9576a1f2-1fe9-4745-9f29-03be56680ee3) ===
Unidade 4.1 — nível C1
Tipo 1 (medium) — meta 12, existentes 0, faltam 12
  Gerando lote de 12...
  Criados 12 rascunhos.
Tipo 2 (hard) — meta 3, existentes 0, faltam 3
  Gerando lote de 3...
  Criados 3 rascunhos.
Tipo 3 (hard) — meta 3, existentes 0, faltam 3
  Gerando lote de 3...
  Criados 3 rascunhos.
Tipo 4 (easy) — meta 24, existentes 0, faltam 24
  Gerando lote de 20...
  Criados 20 rascunhos.
  Gerando lote de 4...
  Criados 4 rascunhos.
Tipo 9 (hard) — meta 3, existentes 0, faltam 3
  Gerando lote de 3...
  Erro: Aguarde alguns segundos antes de gerar novamente. — aguardando e tentando de novo...
  Gerando lote de 3...
  Criados 3 rascunhos.
Tipo 10 (hard) — meta 3, existentes 0, faltam 3
  Gerando lote de 3...
  Criados 3 rascunhos.
Tipo 13 (medium) — meta 12, existentes 0, faltam 12
  Gerando lote de 12...
  Criados 12 rascunhos.
Tipo 11 (hard) — meta 3, existentes 0, faltam 3
  Gerando lote de 3...
  Criados 3 rascunhos.
Tipo 5 (easy) — meta 24, existentes 0, faltam 24
  Gerando lote de 20...
  Criados 20 rascunhos.
  Gerando lote de 4...
  Criados 4 rascunhos.
Tipo 7 (medium) — meta 12, existentes 0, faltam 12
  Gerando lote de 12...
  Erro: Aguarde alguns segundos antes de gerar novamente. — aguardando e tentando de novo...
  Gerando lote de 12...
  Criados 12 rascunhos.
Tipo 12 (medium) — meta 12, existentes 0, faltam 12
  Gerando lote de 12...
  Criados 12 rascunhos.
Tipo 8 (hard) — meta 3, existentes 0, faltam 3
  Gerando lote de 3...
  Criados 3 rascunhos.
Tipo 6 (hard) — meta 3, existentes 0, faltam 3
  Gerando lote de 3...
  Criados 3 rascunhos.
Geração concluída. Aprovando rascunhos pendentes...
mente. — aguardando e tentando de novo...
  Gerando lote de 6...
  Erro: Falha ao gerar exercícios (medium). — aguardando e tentando de novo...
  Gerando lote de 6...
  Erro: Falha ao gerar exercícios (medium). — aguardando e tentando de novo...
  Gerando lote de 6...
  Erro: Aguarde alguns segundos antes de gerar novamente. — aguardando e tentando de novo...
  Gerando lote de 6...
  Erro: Falha ao gerar exercícios (medium). — aguardando e tentando de novo...
  Gerando lote de 6...
  Erro: Aguarde alguns segundos antes de gerar novamente. — aguardando e tentando de novo...
  Gerando lote de 6...
  Erro: Falha ao gerar exercícios (medium). — aguardando e tentando de novo...
  Gerando lote de 6...
  Erro: Aguarde alguns segundos antes de gerar novamente. — aguardando e tentando de novo...
  Gerando lote de 6...
  Erro: Aguarde alguns segundos antes de gerar novamente. — aguardando e tentando de novo...
  Gerando lote de 6...
  Erro: Falha ao gerar exercícios (medium). — aguardando e tentando de novo...
  Gerando lote de 6...
  Erro: Falha ao gerar exercícios (medium). — aguardando e tentando de novo...
  Gerando lote de 6...
  Erro: Aguarde alguns segundos antes de gerar novamente. — aguardando e tentando de novo...
  Gerando lote de 6...
  Criados 6 rascunhos.
Tipo 8 (hard) — meta 2, existentes 0, faltam 2
  Gerando lote de 2...
  Criados 2 rascunhos.
Tipo 6 (hard) — meta 2, existentes 0, faltam 2
  Gerando lote de 2...
  Criados 2 rascunhos.
Geração concluída. Aprovando rascunhos pendentes...
Concluído. 97 exercício(s) aprovado(s) na unidade 2.2.

[49/108] === Unidade 3.4 - No Escritório — Solicitações e Atribuições (9b5f9faa-d637-4c32-8780-4f2eafe33480) ===
Unidade 3.4 — nível A2
Tipo 1 (medium) — meta 6, existentes 0, faltam 6
  Gerando lote de 6...
  Erro: Aguarde alguns segundos antes de gerar novamente. — aguardando e tentando de novo...
  Gerando lote de 6...
  Criados 6 rascunhos.
Tipo 2 (hard) — meta 2, existentes 0, faltam 2
  Gerando lote de 2...
  Criados 2 rascunhos.
Tipo 3 (hard) — meta 2, existentes 0, faltam 2
  Gerando lote de 2...
  Criados 2 rascunhos.
Tipo 4 (easy) — meta 12, existentes 0, faltam 12
  Gerando lote de 12...
  Erro: Aguarde alguns segundos antes de gerar novamente. — aguardando e tentando de novo...
  Gerando lote de 12...
  Criados 12 rascunhos.
Tipo 9 (hard) — meta 2, existentes 0, faltam 2
  Gerando lote de 2...
  Criados 2 rascunhos.
Tipo 10 (hard) — meta 2, existentes 0, faltam 2
  Gerando lote de 2...
  Erro: Falha ao gerar exercícios (hard). — aguardando e tentando de novo...
  Gerando lote de 2...
  Erro: Aguarde alguns segundos antes de gerar novamente. — aguardando e tentando de novo...
  Gerando lote de 2...
  Criados 2 rascunhos.
Tipo 13 (medium) — meta 6, existentes 0, faltam 6
  Gerando lote de 6...
  Criados 6 rascunhos.
Tipo 11 (hard) — meta 2, existentes 0, faltam 2
  Gerando lote de 2...
  Erro: Aguarde alguns segundos antes de gerar novamente. — aguardando e tentando de novo...
  Gerando lote de 2...
  Criados 2 rascunhos.
Tipo 5 (easy) — meta 12, existentes 0, faltam 12
  Gerando lote de 12...
  Criados 12 rascunhos.
Tipo 7 (medium) — meta 6, existentes 0, faltam 6
  Gerando lote de 6...
  Criados 6 rascunhos.
Tipo 12 (medium) — meta 6, existentes 0, faltam 6
  Gerando lote de 6...
  Criados 6 rascunhos.
Tipo 8 (hard) — meta 2, existentes 0, faltam 2
  Gerando lote de 2...
  Criados 2 rascunhos.
Tipo 6 (hard) — meta 2, existentes 0, faltam 2
  Gerando lote de 2...
  Criados 2 rascunhos.
Geração concluída. Aprovando rascunhos pendentes...
Concluído. 122 exercício(s) aprovado(s) na unidade 3.4.

[50/108] === Unidade 3.3 - O Subtexto Corporativo: Desvendando a Ambiguidade e o Duplo Sentido (214c7e1b-0c29-4d04-8aac-a3d529ef06fa) ===
Unidade 3.3 — nível C1
Tipo 1 (medium) — meta 9, existentes 0, faltam 9
  Gerando lote de 9...
  Criados 9 rascunhos.
Tipo 2 (hard) — meta 3, existentes 0, faltam 3
  Gerando lote de 3...
  Criados 3 rascunhos.
Tipo 3 (hard) — meta 3, existentes 0, faltam 3
  Gerando lote de 3...
  Erro: Aguarde alguns segundos antes de gerar novamente. — aguardando e tentando de novo...
  Gerando lote de 3...
  Criados 3 rascunhos.
Tipo 4 (easy) — meta 18, existentes 0, faltam 18
  Gerando lote de 18...
  Criados 18 rascunhos.
Tipo 9 (hard) — meta 3, existentes 0, faltam 3
  Gerando lote de 3...
  Erro: Aguarde alguns segundos antes de gerar novamente. — aguardando e tentando de novo...
  Gerando lote de 3...
  Criados 3 rascunhos.
Tipo 10 (hard) — meta 3, existentes 0, faltam 3
  Gerando lote de 3...
  Erro: Aguarde alguns segundos antes de gerar novamente. — aguardando e tentando de novo...
  Gerando lote de 3...
  Criados 3 rascunhos.
Tipo 13 (medium) — meta 9, existentes 0, faltam 9
  Gerando lote de 9...
  Criados 9 rascunhos.
Tipo 11 (hard) — meta 3, existentes 0, faltam 3
  Gerando lote de 3...
  Erro: Aguarde alguns segundos antes de gerar novamente. — aguardando e tentando de novo...
  Gerando lote de 3...
  Criados 3 rascunhos.
Tipo 5 (easy) — meta 18, existentes 0, faltam 18
  Gerando lote de 18...
  Criados 18 rascunhos.
Tipo 7 (medium) — meta 9, existentes 0, faltam 9
  Gerando lote de 9...
  Erro: Falha ao gerar exercícios (medium). — aguardando e tentando de novo...
  Gerando lote de 9...
  Criados 9 rascunhos.
Tipo 12 (medium) — meta 9, existentes 0, faltam 9
  Gerando lote de 9...
  Criados 9 rascunhos.
Tipo 8 (hard) — meta 3, existentes 0, faltam 3
  Gerando lote de 3...
  Criados 3 rascunhos.
Tipo 6 (hard) — meta 3, existentes 0, faltam 3
  Gerando lote de 3...
  Criados 3 rascunhos.
Geração concluída. Aprovando rascunhos pendentes...
Concluído. 115 exercício(s) aprovado(s) na unidade 3.3.

[51/108] === Unidade 4.4 - Coletivos e Partitivos: A Nuance na Comunicação Corporativa (4b2c047d-b711-4941-b814-62f53774b40b) ===
Unidade 4.4 — nível C1
Tipo 1 (medium) — meta 12, existentes 0, faltam 12
  Gerando lote de 12...
  Erro: Aguarde alguns segundos antes de gerar novamente. — aguardando e tentando de novo...
  Gerando lote de 12...
  Criados 12 rascunhos.
Tipo 2 (hard) — meta 3, existentes 0, faltam 3
  Gerando lote de 3...
  Erro: Falha ao gerar exercícios (hard). — aguardando e tentando de novo...
  Gerando lote de 3...
  Erro: Falha ao gerar exercícios (hard). — aguardando e tentando de novo...
  Gerando lote de 3...
  Erro: Falha ao gerar exercícios (hard). — aguardando e tentando de novo...
  Gerando lote de 3...
  Erro: Aguarde alguns segundos antes de gerar novamente. — aguardando e tentando de novo...
  Gerando lote de 3...
  Criados 3 rascunhos.
Tipo 3 (hard) — meta 3, existentes 0, faltam 3
  Gerando lote de 3...
  Criados 3 rascunhos.
Tipo 4 (easy) — meta 24, existentes 0, faltam 24
  Gerando lote de 20...
  Criados 20 rascunhos.
  Gerando lote de 4...
  Criados 4 rascunhos.
Tipo 9 (hard) — meta 3, existentes 0, faltam 3
  Gerando lote de 3...
  Criados 3 rascunhos.
Tipo 10 (hard) — meta 3, existentes 0, faltam 3
  Gerando lote de 3...
  Criados 3 rascunhos.
Tipo 13 (medium) — meta 12, existentes 0, faltam 12
  Gerando lote de 12...
  Criados 12 rascunhos.
Tipo 11 (hard) — meta 3, existentes 0, faltam 3
  Gerando lote de 3...
  Criados 3 rascunhos.
Tipo 5 (easy) — meta 24, existentes 0, faltam 24
  Gerando lote de 20...
  Erro: Aguarde alguns segundos antes de gerar novamente. — aguardando e tentando de novo...
  Gerando lote de 20...
  Criados 20 rascunhos.
  Gerando lote de 4...
  Criados 4 rascunhos.
Tipo 7 (medium) — meta 12, existentes 0, faltam 12
  Gerando lote de 12...
  Criados 12 rascunhos.
Tipo 12 (medium) — meta 12, existentes 0, faltam 12
  Gerando lote de 12...
  Erro: Aguarde alguns segundos antes de gerar novamente. — aguardando e tentando de novo...
  Gerando lote de 12...
  Criados 12 rascunhos.
Tipo 8 (hard) — meta 3, existentes 0, faltam 3
  Gerando lote de 3...
  Criados 3 rascunhos.
Tipo 6 (hard) — meta 3, existentes 0, faltam 3
  Gerando lote de 3...
  Criados 3 rascunhos.
Geração concluída. Aprovando rascunhos pendentes...
Concluído. 216 exercício(s) aprovado(s) na unidade 4.4.

[52/108] === Unidade 4.1 - Decodificación de Mensajes Estratégicos Corporativos — Análisis de Impacto e Intención (9576a1f2-1fe9-4745-9f29-03be56680ee3) ===
Unidade 4.1 — nível C1
Tipo 1 (medium) — meta 12, existentes 0, faltam 12
  Gerando lote de 12...
  Criados 12 rascunhos.
Tipo 2 (hard) — meta 3, existentes 0, faltam 3
  Gerando lote de 3...
  Criados 3 rascunhos.
Tipo 3 (hard) — meta 3, existentes 0, faltam 3
  Gerando lote de 3...
  Criados 3 rascunhos.
Tipo 4 (easy) — meta 24, existentes 0, faltam 24
  Gerando lote de 20...
  Criados 20 rascunhos.
  Gerando lote de 4...
  Criados 4 rascunhos.
Tipo 9 (hard) — meta 3, existentes 0, faltam 3
  Gerando lote de 3...
  Criados 3 rascunhos.
Tipo 10 (hard) — meta 3, existentes 0, faltam 3
  Gerando lote de 3...
  Criados 3 rascunhos.
Tipo 13 (medium) — meta 12, existentes 0, faltam 12
  Gerando lote de 12...
  Criados 12 rascunhos.
Tipo 11 (hard) — meta 3, existentes 0, faltam 3
  Gerando lote de 3...
  Criados 3 rascunhos.
Tipo 5 (easy) — meta 24, existentes 0, faltam 24
  Gerando lote de 20...
  Criados 20 rascunhos.
  Gerando lote de 4...
  Criados 4 rascunhos.
Tipo 7 (medium) — meta 12, existentes 0, faltam 12
  Gerando lote de 12...
  Criados 12 rascunhos.
Tipo 12 (medium) — meta 12, existentes 0, faltam 12
  Gerando lote de 12...
  Criados 12 rascunhos.
Tipo 8 (hard) — meta 3, existentes 0, faltam 3
  Gerando lote de 3...
  Criados 3 rascunhos.
Tipo 6 (hard) — meta 3, existentes 0, faltam 3
  Gerando lote de 3...
  Criados 3 rascunhos.
Geração concluída. Aprovando rascunhos pendentes...
Concluído. 228 exercício(s) aprovado(s) na unidade 4.1.

[53/108] === Unidade 4.3 - A Precisão na Sintaxe Corporativa: Concordância em Estruturas Complexas (1c538b2d-506e-4b4f-83f4-397130aa05f4) ===
Unidade 4.3 — nível C1
Tipo 1 (medium) — meta 12, existentes 0, faltam 12
  Gerando lote de 12...
  Criados 12 rascunhos.
Tipo 2 (hard) — meta 3, existentes 0, faltam 3
  Gerando lote de 3...
  Erro: Falha ao gerar exercícios (hard). — aguardando e tentando de novo...
  Gerando lote de 3...
  Erro: Falha ao gerar exercícios (hard). — aguardando e tentando de novo...
  Gerando lote de 3...
  Erro: Falha ao gerar exercícios (hard). — aguardando e tentando de novo...
  Gerando lote de 3...
  Erro: Falha ao gerar exercícios (hard). — aguardando e tentando de novo...
  Gerando lote de 3...
  Erro: Falha ao gerar exercícios (hard). — aguardando e tentando de novo...
  Gerando lote de 3...
  Erro: Falha ao gerar exercícios (hard). — aguardando e tentando de novo...
  Gerando lote de 3...
  Erro: Falha ao gerar exercícios (hard). — aguardando e tentando de novo...
  Gerando lote de 3...
  Erro: Falha ao gerar exercícios (hard). — aguardando e tentando de novo...
  Gerando lote de 3...
  Erro: Falha ao gerar exercícios (hard). — aguardando e tentando de novo...
  Gerando lote de 3...
  Erro: Falha ao gerar exercícios (hard). — aguardando e tentando de novo...
  Gerando lote de 3...
  Erro: Falha ao gerar exercícios (hard). — aguardando e tentando de novo...
  Gerando lote de 3...
  Erro: Falha ao gerar exercícios (hard). — aguardando e tentando de novo...
  Gerando lote de 3...
  Erro: Falha ao gerar exercícios (hard). — aguardando e tentando de novo...
  Gerando lote de 3...
  Erro: Falha ao gerar exercícios (hard). — aguardando e tentando de novo...
  Gerando lote de 3...
  Erro: Falha ao gerar exercícios (hard). — aguardando e tentando de novo...
  Gerando lote de 3...
  Erro: Falha ao gerar exercícios (hard). — aguardando e tentando de novo...
  Gerando lote de 3...
  Erro: Falha ao gerar exercícios (hard). — aguardando e tentando de novo...
  Gerando lote de 3...
  Erro: Falha ao gerar exercícios (hard). — aguardando e tentando de novo...
  Gerando lote de 3...
  Erro: Falha ao gerar exercícios (hard). — aguardando e tentando de novo...
  Gerando lote de 3...
  Erro: Falha ao gerar exercícios (hard). — aguardando e tentando de novo...
  Gerando lote de 3...
  Erro: Falha ao gerar exercícios (hard). — aguardando e tentando de novo...
  Gerando lote de 3...
  Erro: Falha ao gerar exercícios (hard). — aguardando e tentando de novo...
  Gerando lote de 3...
  Erro: Falha ao gerar exercícios (hard). — aguardando e tentando de novo...
  Gerando lote de 3...
  Erro: Falha ao gerar exercícios (hard). — aguardando e tentando de novo...
  Gerando lote de 3...
  Erro: Falha ao gerar exercícios (hard). — aguardando e tentando de novo...
  Gerando lote de 3...
  Erro: Falha ao gerar exercícios (hard). — aguardando e tentando de novo...
  Gerando lote de 3...
  Erro: Falha ao gerar exercícios (hard). — aguardando e tentando de novo...
  Gerando lote de 3...
  Erro: Falha ao gerar exercícios (hard). — aguardando e tentando de novo...
  Gerando lote de 3...
  Erro: Falha ao gerar exercícios (hard). — aguardando e tentando de novo...
  Gerando lote de 3...
  Erro: Falha ao gerar exercícios (hard). — aguardando e tentando de novo...
  Gerando lote de 3...
  Erro: Falha ao gerar exercícios (hard). — aguardando e tentando de novo...
  Gerando lote de 3...
  Erro: Falha ao gerar exercícios (hard). — aguardando e tentando de novo...
  Gerando lote de 3...
  Erro: Falha ao gerar exercícios (hard). — aguardando e tentando de novo...
  Gerando lote de 3...
  Erro: Falha ao gerar exercícios (hard). — aguardando e tentando de novo...
  Gerando lote de 3...
  Erro: Falha ao gerar exercícios (hard). — aguardando e tentando de novo...
  Gerando lote de 3...
  Erro: Falha ao gerar exercícios (hard). — aguardando e tentando de novo...
  Gerando lote de 3...
  Erro: Falha ao gerar exercícios (hard). — aguardando e tentando de novo...
  Gerando lote de 3...
  Erro: Falha ao gerar exercícios (hard). — aguardando e tentando de novo...
  Gerando lote de 3...
  Erro: Falha ao gerar exercícios (hard). — aguardando e tentando de novo...
  Gerando lote de 3...
  Erro: Falha ao gerar exercícios (hard). — aguardando e tentando de novo...
  Gerando lote de 3...
  Erro: Falha ao gerar exercícios (hard). — aguardando e tentando de novo...
  Gerando lote de 3...
  Erro: Falha ao gerar exercícios (hard). — aguardando e tentando de novo...
  Gerando lote de 3...
  Erro: Falha ao gerar exercícios (hard). — aguardando e tentando de novo...
  Gerando lote de 3...
  Erro: Falha ao gerar exercícios (hard). — aguardando e tentando de novo...
  Gerando lote de 3...
  Erro: Falha ao gerar exercícios (hard). — aguardando e tentando de novo...
  Gerando lote de 3...
  Erro: Falha ao gerar exercícios (hard). — aguardando e tentando de novo...
  Gerando lote de 3...
  Erro: Falha ao gerar exercícios (hard). — aguardando e tentando de novo...
  Gerando lote de 3...
  Erro: Falha ao gerar exercícios (hard). — aguardando e tentando de novo...
  Gerando lote de 3...
  Erro: Falha ao gerar exercícios (hard). — aguardando e tentando de novo...
  Gerando lote de 3...
  Erro: Falha ao gerar exercícios (hard). — aguardando e tentando de novo...
  Gerando lote de 3...
  Erro: Falha ao gerar exercícios (hard). — aguardando e tentando de novo...
  Gerando lote de 3...
  Erro: Falha ao gerar exercícios (hard). — aguardando e tentando de novo...
  Gerando lote de 3...
  Erro: Falha ao gerar exercícios (hard). — aguardando e tentando de novo...
  Gerando lote de 3...
  Erro: Falha ao gerar exercícios (hard). — aguardando e tentando de novo...
  Gerando lote de 3...
  Erro: Falha ao gerar exercícios (hard). — aguardando e tentando de novo...
  Gerando lote de 3...
  Erro: Falha ao gerar exercícios (hard). — aguardando e tentando de novo...
  Gerando lote de 3...
  Erro: Falha ao gerar exercícios (hard). — aguardando e tentando de novo...
  Gerando lote de 3...
  Erro: Falha ao gerar exercícios (hard). — aguardando e tentando de novo...
  Gerando lote de 3...
  Erro: Falha ao gerar exercícios (hard). — aguardando e tentando de novo...
  Gerando lote de 3...
  Erro: Falha ao gerar exercícios (hard). — aguardando e tentando de novo...
  Gerando lote de 3...
  Erro: Falha ao gerar exercícios (hard). — aguardando e tentando de novo...
  Gerando lote de 3...
  Erro: Falha ao gerar exercícios (hard). — aguardando e tentando de novo...
  Gerando lote de 3...
  Erro: Falha ao gerar exercícios (hard). — aguardando e tentando de novo...
  Gerando lote de 3...
  Erro: Falha ao gerar exercícios (hard). — aguardando e tentando de novo...
  Gerando lote de 3...
  Erro: Falha ao gerar exercícios (hard). — aguardando e tentando de novo...
  Gerando lote de 3...
  Erro: Falha ao gerar exercícios (hard). — aguardando e tentando de novo...
  Gerando lote de 3...
  Erro: Falha ao gerar exercícios (hard). — aguardando e tentando de novo...
  Gerando lote de 3...
  Erro: Falha ao gerar exercícios (hard). — aguardando e tentando de novo...
  Gerando lote de 3...
  Erro: Falha ao gerar exercícios (hard). — aguardando e tentando de novo...
  Gerando lote de 3...
  Erro: Falha ao gerar exercícios (hard). — aguardando e tentando de novo...
  Gerando lote de 3...
  Erro: Falha ao gerar exercícios (hard). — aguardando e tentando de novo...
  Gerando lote de 3...
  Erro: Falha ao gerar exercícios (hard). — aguardando e tentando de novo...
  Gerando lote de 3...
  Erro: Falha ao gerar exercícios (hard). — aguardando e tentando de novo...
  Gerando lote de 3...
  Erro: Aguarde alguns segundos antes de gerar novamente. — aguardando e tentando de novo...
  Gerando lote de 3...
  Criados 3 rascunhos.
Tipo 3 (hard) — meta 3, existentes 0, faltam 3
  Gerando lote de 3...
  Erro: Expected ',' or '}' after property value in JSON at position 738 — aguardando e tentando de novo...
  Gerando lote de 3...
  Criados 3 rascunhos.
Tipo 4 (easy) — meta 24, existentes 0, faltam 24
  Gerando lote de 20...
  Criados 20 rascunhos.
  Gerando lote de 4...
  Criados 4 rascunhos.
Tipo 9 (hard) — meta 3, existentes 0, faltam 3
  Gerando lote de 3...
  Criados 3 rascunhos.
Tipo 10 (hard) — meta 3, existentes 0, faltam 3
  Gerando lote de 3...
  Criados 3 rascunhos.
Tipo 13 (medium) — meta 12, existentes 0, faltam 12
  Gerando lote de 12...
  Criados 12 rascunhos.
Tipo 11 (hard) — meta 3, existentes 0, faltam 3
  Gerando lote de 3...
  Criados 3 rascunhos.
Tipo 5 (easy) — meta 24, existentes 0, faltam 24
  Gerando lote de 20...
  Criados 20 rascunhos.
  Gerando lote de 4...
  Criados 4 rascunhos.
Tipo 7 (medium) — meta 12, existentes 0, faltam 12
  Gerando lote de 12...
  Criados 12 rascunhos.
Tipo 12 (medium) — meta 12, existentes 0, faltam 12
  Gerando lote de 12...
  Erro: Expected double-quoted property name in JSON at position 7367 — aguardando e tentando de novo...
  Gerando lote de 12...
  Criados 12 rascunhos.
Tipo 8 (hard) — meta 3, existentes 0, faltam 3
  Gerando lote de 3...
  Criados 3 rascunhos.
Tipo 6 (hard) — meta 3, existentes 0, faltam 3
  Gerando lote de 3...
  Criados 3 rascunhos.
Geração concluída. Aprovando rascunhos pendentes...
Concluído. 118 exercício(s) aprovado(s) na unidade 4.3.

[54/108] === Unidade 3.5 - Análise Retrospectiva e Propostas de Melhoria (30dd2fa0-3379-433f-a592-579f87a015ba) ===
Unidade 3.5 — nível B1
Tipo 1 (medium) — meta 6, existentes 0, faltam 6
  Gerando lote de 6...
  Criados 6 rascunhos.
Tipo 2 (hard) — meta 2, existentes 0, faltam 2
  Gerando lote de 2...
  Criados 2 rascunhos.
Tipo 3 (hard) — meta 2, existentes 0, faltam 2
  Gerando lote de 2...
  Criados 2 rascunhos.
Tipo 4 (easy) — meta 12, existentes 0, faltam 12
  Gerando lote de 12...
  Criados 12 rascunhos.
Tipo 9 (hard) — meta 2, existentes 0, faltam 2
  Gerando lote de 2...
  Criados 2 rascunhos.
Tipo 10 (hard) — meta 2, existentes 0, faltam 2
  Gerando lote de 2...
  Criados 2 rascunhos.
Tipo 13 (medium) — meta 6, existentes 0, faltam 6
  Gerando lote de 6...
  Criados 6 rascunhos.
Tipo 11 (hard) — meta 2, existentes 0, faltam 2
  Gerando lote de 2...
  Criados 2 rascunhos.
Tipo 5 (easy) — meta 12, existentes 0, faltam 12
  Gerando lote de 12...
  Criados 12 rascunhos.
Tipo 7 (medium) — meta 6, existentes 0, faltam 6
  Gerando lote de 6...
  Criados 6 rascunhos.
Tipo 12 (medium) — meta 6, existentes 0, faltam 6
  Gerando lote de 6...
  Criados 6 rascunhos.
Tipo 8 (hard) — meta 2, existentes 0, faltam 2
  Gerando lote de 2...
  Criados 2 rascunhos.
Tipo 6 (hard) — meta 2, existentes 0, faltam 2
  Gerando lote de 2...
  Criados 2 rascunhos.
Geração concluída. Aprovando rascunhos pendentes...
Concluído. 62 exercício(s) aprovado(s) na unidade 3.5.

[55/108] === Unidade 2.7 - Gestionando el Tiempo: Horarios Profesionales (aa0c071f-fa56-4b56-95f3-934387b67953) ===
Unidade 2.7 — nível A1
Tipo 1 (medium) — meta 6, existentes 0, faltam 6
  Gerando lote de 6...
  Criados 6 rascunhos.
Tipo 2 (hard) — meta 2, existentes 0, faltam 2
  Gerando lote de 2...
  Criados 2 rascunhos.
Tipo 3 (hard) — meta 2, existentes 0, faltam 2
  Gerando lote de 2...
  Criados 2 rascunhos.
Tipo 4 (easy) — meta 12, existentes 0, faltam 12
  Gerando lote de 12...
  Criados 12 rascunhos.
Tipo 9 (hard) — meta 2, existentes 0, faltam 2
  Gerando lote de 2...
  Criados 1 rascunhos.
Tipo 10 (hard) — meta 2, existentes 0, faltam 2
  Gerando lote de 2...
  Criados 2 rascunhos.
Tipo 13 (medium) — meta 6, existentes 0, faltam 6
  Gerando lote de 6...
  Criados 6 rascunhos.
Tipo 11 (hard) — meta 2, existentes 0, faltam 2
  Gerando lote de 2...
  Criados 2 rascunhos.
Tipo 5 (easy) — meta 12, existentes 0, faltam 12
  Gerando lote de 12...
  Criados 12 rascunhos.
Tipo 7 (medium) — meta 6, existentes 0, faltam 6
  Gerando lote de 6...
  Criados 6 rascunhos.
Tipo 12 (medium) — meta 6, existentes 0, faltam 6
  Gerando lote de 6...
  Criados 6 rascunhos.
Tipo 8 (hard) — meta 2, existentes 0, faltam 2
  Gerando lote de 2...
  Criados 2 rascunhos.
Tipo 6 (hard) — meta 2, existentes 0, faltam 2
  Gerando lote de 2...
  Criados 2 rascunhos.
Geração concluída. Aprovando rascunhos pendentes...
Concluído. 61 exercício(s) aprovado(s) na unidade 2.7.

[56/108] === Unidade 2.3 - De Quem É Este Material? Organização e Atribuição de Recursos (0d62a760-33c2-4d99-9748-93a947754301) ===
Unidade 2.3 — nível A1
Tipo 1 (medium) — meta 6, existentes 0, faltam 6
  Gerando lote de 6...
  Criados 6 rascunhos.
Tipo 2 (hard) — meta 2, existentes 0, faltam 2
  Gerando lote de 2...
  Criados 2 rascunhos.
Tipo 3 (hard) — meta 2, existentes 0, faltam 2
  Gerando lote de 2...
  Criados 2 rascunhos.
Tipo 4 (easy) — meta 12, existentes 0, faltam 12
  Gerando lote de 12...
  Criados 12 rascunhos.
Tipo 9 (hard) — meta 2, existentes 0, faltam 2
  Gerando lote de 2...
  Criados 2 rascunhos.
Tipo 10 (hard) — meta 2, existentes 0, faltam 2
  Gerando lote de 2...
  Criados 1 rascunhos.
Tipo 13 (medium) — meta 6, existentes 0, faltam 6
  Gerando lote de 6...
  Criados 6 rascunhos.
Tipo 11 (hard) — meta 2, existentes 0, faltam 2
  Gerando lote de 2...
  Criados 2 rascunhos.
Tipo 5 (easy) — meta 12, existentes 0, faltam 12
  Gerando lote de 12...
  Criados 12 rascunhos.
Tipo 7 (medium) — meta 6, existentes 0, faltam 6
  Gerando lote de 6...
  Criados 6 rascunhos.
Tipo 12 (medium) — meta 6, existentes 0, faltam 6
  Gerando lote de 6...
  Criados 6 rascunhos.
Tipo 8 (hard) — meta 2, existentes 0, faltam 2
  Gerando lote de 2...
  Criados 2 rascunhos.
Tipo 6 (hard) — meta 2, existentes 0, faltam 2
  Gerando lote de 2...
  Criados 2 rascunhos.
Geração concluída. Aprovando rascunhos pendentes...
Concluído. 61 exercício(s) aprovado(s) na unidade 2.3.

[57/108] === Unidade 3.2 - Expressando Preferências Profissionais (bf981126-6615-4a75-b343-1f3e2d2f988d) ===
Unidade 3.2 — nível A1
Tipo 1 (medium) — meta 6, existentes 0, faltam 6
  Gerando lote de 6...
  Criados 6 rascunhos.
Tipo 2 (hard) — meta 2, existentes 0, faltam 2
  Gerando lote de 2...
  Criados 1 rascunhos.
Tipo 3 (hard) — meta 2, existentes 0, faltam 2
  Gerando lote de 2...
  Criados 2 rascunhos.
Tipo 4 (easy) — meta 12, existentes 0, faltam 12
  Gerando lote de 12...
  Criados 12 rascunhos.
Tipo 9 (hard) — meta 2, existentes 0, faltam 2
  Gerando lote de 2...
  Criados 2 rascunhos.
Tipo 10 (hard) — meta 2, existentes 0, faltam 2
  Gerando lote de 2...
  Criados 2 rascunhos.
Tipo 13 (medium) — meta 6, existentes 0, faltam 6
  Gerando lote de 6...
  Criados 6 rascunhos.
Tipo 11 (hard) — meta 2, existentes 0, faltam 2
  Gerando lote de 2...
  Criados 2 rascunhos.
Tipo 5 (easy) — meta 12, existentes 0, faltam 12
  Gerando lote de 12...
  Criados 12 rascunhos.
Tipo 7 (medium) — meta 6, existentes 0, faltam 6
  Gerando lote de 6...
  Criados 6 rascunhos.
Tipo 12 (medium) — meta 6, existentes 0, faltam 6
  Gerando lote de 6...
  Criados 6 rascunhos.
Tipo 8 (hard) — meta 2, existentes 0, faltam 2
  Gerando lote de 2...
  Criados 2 rascunhos.
Tipo 6 (hard) — meta 2, existentes 0, faltam 2
  Gerando lote de 2...
  Criados 2 rascunhos.
Geração concluída. Aprovando rascunhos pendentes...
Concluído. 61 exercício(s) aprovado(s) na unidade 3.2.

[58/108] === Unidade 3.3 - Fluxo de Trabalho e Deslocamentos Profissionais (fe048e0e-d758-4a40-82e8-7022d5fad3af) ===
Unidade 3.3 — nível A1
Tipo 1 (medium) — meta 6, existentes 0, faltam 6
  Gerando lote de 6...
  Criados 6 rascunhos.
Tipo 2 (hard) — meta 2, existentes 0, faltam 2
  Gerando lote de 2...
  Criados 1 rascunhos.
Tipo 3 (hard) — meta 2, existentes 0, faltam 2
  Gerando lote de 2...
  Criados 2 rascunhos.
Tipo 4 (easy) — meta 12, existentes 0, faltam 12
  Gerando lote de 12...
  Criados 12 rascunhos.
Tipo 9 (hard) — meta 2, existentes 0, faltam 2
  Gerando lote de 2...
  Criados 2 rascunhos.
Tipo 10 (hard) — meta 2, existentes 0, faltam 2
  Gerando lote de 2...
  Criados 2 rascunhos.
Tipo 13 (medium) — meta 6, existentes 0, faltam 6
  Gerando lote de 6...
  Criados 6 rascunhos.
Tipo 11 (hard) — meta 2, existentes 0, faltam 2
  Gerando lote de 2...
  Criados 2 rascunhos.
Tipo 5 (easy) — meta 12, existentes 0, faltam 12
  Gerando lote de 12...
  Criados 12 rascunhos.
Tipo 7 (medium) — meta 6, existentes 0, faltam 6
  Gerando lote de 6...
  Criados 6 rascunhos.
Tipo 12 (medium) — meta 6, existentes 0, faltam 6
  Gerando lote de 6...
  Criados 6 rascunhos.
Tipo 8 (hard) — meta 2, existentes 0, faltam 2
  Gerando lote de 2...
  Criados 2 rascunhos.
Tipo 6 (hard) — meta 2, existentes 0, faltam 2
  Gerando lote de 2...
  Criados 2 rascunhos.
Geração concluída. Aprovando rascunhos pendentes...
Concluído. 61 exercício(s) aprovado(s) na unidade 3.3.

[59/108] === Unidade 4.1 - Minha Rotina Profissional — Verbos Regulares (b15630a9-a0fb-4fe9-af5a-1fe7995bdea2) ===
Unidade 4.1 — nível A1
Tipo 1 (medium) — meta 6, existentes 0, faltam 6
  Gerando lote de 6...
  Criados 6 rascunhos.
Tipo 2 (hard) — meta 2, existentes 0, faltam 2
  Gerando lote de 2...
  Criados 1 rascunhos.
Tipo 3 (hard) — meta 2, existentes 0, faltam 2
  Gerando lote de 2...
  Criados 2 rascunhos.
Tipo 4 (easy) — meta 12, existentes 0, faltam 12
  Gerando lote de 12...
  Criados 12 rascunhos.
Tipo 9 (hard) — meta 2, existentes 0, faltam 2
  Gerando lote de 2...
  Criados 2 rascunhos.
Tipo 10 (hard) — meta 2, existentes 0, faltam 2
  Gerando lote de 2...
  Criados 2 rascunhos.
Tipo 13 (medium) — meta 6, existentes 0, faltam 6
  Gerando lote de 6...
  Criados 6 rascunhos.
Tipo 11 (hard) — meta 2, existentes 0, faltam 2
  Gerando lote de 2...
  Criados 1 rascunhos.
Tipo 5 (easy) — meta 12, existentes 0, faltam 12
  Gerando lote de 12...
  Criados 12 rascunhos.
Tipo 7 (medium) — meta 6, existentes 0, faltam 6
  Gerando lote de 6...
  Criados 6 rascunhos.
Tipo 12 (medium) — meta 6, existentes 0, faltam 6
  Gerando lote de 6...
  Criados 6 rascunhos.
Tipo 8 (hard) — meta 2, existentes 0, faltam 2
  Gerando lote de 2...
  Criados 2 rascunhos.
Tipo 6 (hard) — meta 2, existentes 0, faltam 2
  Gerando lote de 2...
  Criados 2 rascunhos.
Geração concluída. Aprovando rascunhos pendentes...
Concluído. 60 exercício(s) aprovado(s) na unidade 4.1.

[60/108] === Unidade 2.4 - Argumentação Profissional e a Linha de Fechamento Estratégico (6e84ff62-ab2d-4b2c-a210-3702c2738d10) ===
Unidade 2.4 — nível B2
Tipo 1 (medium) — meta 6, existentes 0, faltam 6
  Gerando lote de 6...
  Criados 6 rascunhos.
Tipo 2 (hard) — meta 2, existentes 0, faltam 2
  Gerando lote de 2...
  Criados 2 rascunhos.
Tipo 3 (hard) — meta 2, existentes 0, faltam 2
  Gerando lote de 2...
  Criados 2 rascunhos.
Tipo 4 (easy) — meta 12, existentes 0, faltam 12
  Gerando lote de 12...
  Criados 12 rascunhos.
Tipo 9 (hard) — meta 2, existentes 0, faltam 2
  Gerando lote de 2...
  Criados 2 rascunhos.
Tipo 10 (hard) — meta 2, existentes 0, faltam 2
  Gerando lote de 2...
  Criados 2 rascunhos.
Tipo 13 (medium) — meta 6, existentes 0, faltam 6
  Gerando lote de 6...
  Criados 6 rascunhos.
Tipo 11 (hard) — meta 2, existentes 0, faltam 2
  Gerando lote de 2...
  Criados 2 rascunhos.
Tipo 5 (easy) — meta 12, existentes 0, faltam 12
  Gerando lote de 12...
  Erro: Expected double-quoted property name in JSON at position 1176 — aguardando e tentando de novo...
  Gerando lote de 12...
  Criados 12 rascunhos.
Tipo 7 (medium) — meta 6, existentes 0, faltam 6
  Gerando lote de 6...
  Criados 6 rascunhos.
Tipo 12 (medium) — meta 6, existentes 0, faltam 6
  Gerando lote de 6...
  Criados 6 rascunhos.
Tipo 8 (hard) — meta 2, existentes 0, faltam 2
  Gerando lote de 2...
  Criados 2 rascunhos.
Tipo 6 (hard) — meta 2, existentes 0, faltam 2
  Gerando lote de 2...
  Criados 2 rascunhos.
Geração concluída. Aprovando rascunhos pendentes...
Concluído. 62 exercício(s) aprovado(s) na unidade 2.4.

[61/108] === Unidade 2.2 - El Contraste Estratégico en la Comunicación Corporativa (99883f98-28bc-4aff-b3e5-0a5e3855f08a) ===
Unidade 2.2 — nível B2
Tipo 1 (medium) — meta 6, existentes 0, faltam 6
  Gerando lote de 6...
  Criados 6 rascunhos.
Tipo 2 (hard) — meta 2, existentes 0, faltam 2
  Gerando lote de 2...
  Criados 2 rascunhos.
Tipo 3 (hard) — meta 2, existentes 0, faltam 2
  Gerando lote de 2...
  Criados 2 rascunhos.
Tipo 4 (easy) — meta 12, existentes 0, faltam 12
  Gerando lote de 12...
  Criados 12 rascunhos.
Tipo 9 (hard) — meta 2, existentes 0, faltam 2
  Gerando lote de 2...
  Criados 2 rascunhos.
Tipo 10 (hard) — meta 2, existentes 0, faltam 2
  Gerando lote de 2...
  Criados 2 rascunhos.
Tipo 13 (medium) — meta 6, existentes 0, faltam 6
  Gerando lote de 6...
  Criados 6 rascunhos.
Tipo 11 (hard) — meta 2, existentes 0, faltam 2
  Gerando lote de 2...
  Criados 2 rascunhos.
Tipo 5 (easy) — meta 12, existentes 0, faltam 12
  Gerando lote de 12...
  Criados 12 rascunhos.
Tipo 7 (medium) — meta 6, existentes 0, faltam 6
  Gerando lote de 6...
  Criados 6 rascunhos.
Tipo 12 (medium) — meta 6, existentes 0, faltam 6
  Gerando lote de 6...
  Criados 6 rascunhos.
Tipo 8 (hard) — meta 2, existentes 0, faltam 2
  Gerando lote de 2...
  Criados 2 rascunhos.
Tipo 6 (hard) — meta 2, existentes 0, faltam 2
  Gerando lote de 2...
  Criados 2 rascunhos.
Geração concluída. Aprovando rascunhos pendentes...
Concluído. 62 exercício(s) aprovado(s) na unidade 2.2.

[62/108] === Unidade 3.4 - Navegación Precisa: Dominando las Contracciones de Lugar (No, Na) en el Ambiente Corporativo (5a9d41c3-6854-4d80-99c5-215565a204b2) ===
Unidade 3.4 — nível A1
Tipo 1 (medium) — meta 6, existentes 0, faltam 6
  Gerando lote de 6...
  Criados 6 rascunhos.
Tipo 2 (hard) — meta 2, existentes 0, faltam 2
  Gerando lote de 2...
  Criados 2 rascunhos.
Tipo 3 (hard) — meta 2, existentes 0, faltam 2
  Gerando lote de 2...
  Criados 2 rascunhos.
Tipo 4 (easy) — meta 12, existentes 0, faltam 12
  Gerando lote de 12...
  Criados 12 rascunhos.
Tipo 9 (hard) — meta 2, existentes 0, faltam 2
  Gerando lote de 2...
  Criados 2 rascunhos.
Tipo 10 (hard) — meta 2, existentes 0, faltam 2
  Gerando lote de 2...
  Criados 2 rascunhos.
Tipo 13 (medium) — meta 6, existentes 0, faltam 6
  Gerando lote de 6...
  Criados 6 rascunhos.
Tipo 11 (hard) — meta 2, existentes 0, faltam 2
  Gerando lote de 2...
  Criados 2 rascunhos.
Tipo 5 (easy) — meta 12, existentes 0, faltam 12
  Gerando lote de 12...
  Criados 12 rascunhos.
Tipo 7 (medium) — meta 6, existentes 0, faltam 6
  Gerando lote de 6...
  Criados 6 rascunhos.
Tipo 12 (medium) — meta 6, existentes 0, faltam 6
  Gerando lote de 6...
  Criados 6 rascunhos.
Tipo 8 (hard) — meta 2, existentes 0, faltam 2
  Gerando lote de 2...
  Criados 2 rascunhos.
Tipo 6 (hard) — meta 2, existentes 0, faltam 2
  Gerando lote de 2...
  Criados 2 rascunhos.
Geração concluída. Aprovando rascunhos pendentes...
Concluído. 62 exercício(s) aprovado(s) na unidade 3.4.

[63/108] === Unidade 3.5 - De Onde Venho e Para Onde Vou: Fluxos e Origens no Ambiente de Trabalho (7a19c7ad-7d59-4d70-86df-ae534f7bfe7d) ===
Unidade 3.5 — nível A1
Tipo 1 (medium) — meta 6, existentes 0, faltam 6
  Gerando lote de 6...
  Criados 6 rascunhos.
Tipo 2 (hard) — meta 2, existentes 0, faltam 2
  Gerando lote de 2...
  Criados 1 rascunhos.
Tipo 3 (hard) — meta 2, existentes 0, faltam 2
  Gerando lote de 2...
  Criados 2 rascunhos.
Tipo 4 (easy) — meta 12, existentes 0, faltam 12
  Gerando lote de 12...
  Criados 12 rascunhos.
Tipo 9 (hard) — meta 2, existentes 0, faltam 2
  Gerando lote de 2...
  Criados 2 rascunhos.
Tipo 10 (hard) — meta 2, existentes 0, faltam 2
  Gerando lote de 2...
  Criados 2 rascunhos.
Tipo 13 (medium) — meta 6, existentes 0, faltam 6
  Gerando lote de 6...
  Criados 6 rascunhos.
Tipo 11 (hard) — meta 2, existentes 0, faltam 2
  Gerando lote de 2...
  Criados 2 rascunhos.
Tipo 5 (easy) — meta 12, existentes 0, faltam 12
  Gerando lote de 12...
  Criados 12 rascunhos.
Tipo 7 (medium) — meta 6, existentes 0, faltam 6
  Gerando lote de 6...
  Criados 6 rascunhos.
Tipo 12 (medium) — meta 6, existentes 0, faltam 6
  Gerando lote de 6...
  Criados 6 rascunhos.
Tipo 8 (hard) — meta 2, existentes 0, faltam 2
  Gerando lote de 2...
  Criados 2 rascunhos.
Tipo 6 (hard) — meta 2, existentes 0, faltam 2
  Gerando lote de 2...
  Criados 2 rascunhos.
Geração concluída. Aprovando rascunhos pendentes...
Concluído. 61 exercício(s) aprovado(s) na unidade 3.5.

[64/108] === Unidade 4.2 - Verbos Pronominais na Rotina Profissional: Organização e Desenvolvimento (aa622f9d-0b2e-4ce9-945b-9f993bb05702) ===
Unidade 4.2 — nível A1
Tipo 1 (medium) — meta 6, existentes 0, faltam 6
  Gerando lote de 6...
  Criados 6 rascunhos.
Tipo 2 (hard) — meta 2, existentes 0, faltam 2
  Gerando lote de 2...
  Criados 2 rascunhos.
Tipo 3 (hard) — meta 2, existentes 0, faltam 2
  Gerando lote de 2...
  Criados 2 rascunhos.
Tipo 4 (easy) — meta 12, existentes 0, faltam 12
  Gerando lote de 12...
  Criados 12 rascunhos.
Tipo 9 (hard) — meta 2, existentes 0, faltam 2
  Gerando lote de 2...
  Criados 2 rascunhos.
Tipo 10 (hard) — meta 2, existentes 0, faltam 2
  Gerando lote de 2...
  Criados 1 rascunhos.
Tipo 13 (medium) — meta 6, existentes 0, faltam 6
  Gerando lote de 6...
  Criados 6 rascunhos.
Tipo 11 (hard) — meta 2, existentes 0, faltam 2
  Gerando lote de 2...
  Criados 2 rascunhos.
Tipo 5 (easy) — meta 12, existentes 0, faltam 12
  Gerando lote de 12...
  Criados 12 rascunhos.
Tipo 7 (medium) — meta 6, existentes 0, faltam 6
  Gerando lote de 6...
  Criados 6 rascunhos.
Tipo 12 (medium) — meta 6, existentes 0, faltam 6
  Gerando lote de 6...
  Criados 6 rascunhos.
Tipo 8 (hard) — meta 2, existentes 0, faltam 2
  Gerando lote de 2...
  Criados 2 rascunhos.
Tipo 6 (hard) — meta 2, existentes 0, faltam 2
  Gerando lote de 2...
  Criados 2 rascunhos.
Geração concluída. Aprovando rascunhos pendentes...
Concluído. 61 exercício(s) aprovado(s) na unidade 4.2.

[65/108] === Unidade 4.5 - Precisão Linguística no Ambiente Corporativo (1962cb86-c6f2-433f-aa7a-50e70a2c9fd4) ===
Unidade 4.5 — nível A1
Tipo 1 (medium) — meta 6, existentes 0, faltam 6
  Gerando lote de 6...
  Criados 6 rascunhos.
Tipo 2 (hard) — meta 2, existentes 0, faltam 2
  Gerando lote de 2...
  Criados 2 rascunhos.
Tipo 3 (hard) — meta 2, existentes 0, faltam 2
  Gerando lote de 2...
  Criados 2 rascunhos.
Tipo 4 (easy) — meta 12, existentes 0, faltam 12
  Gerando lote de 12...
  Criados 12 rascunhos.
Tipo 9 (hard) — meta 2, existentes 0, faltam 2
  Gerando lote de 2...
  Criados 2 rascunhos.
Tipo 10 (hard) — meta 2, existentes 0, faltam 2
  Gerando lote de 2...
  Criados 2 rascunhos.
Tipo 13 (medium) — meta 6, existentes 0, faltam 6
  Gerando lote de 6...
  Criados 6 rascunhos.
Tipo 11 (hard) — meta 2, existentes 0, faltam 2
  Gerando lote de 2...
  Criados 2 rascunhos.
Tipo 5 (easy) — meta 12, existentes 0, faltam 12
  Gerando lote de 12...
  Criados 12 rascunhos.
Tipo 7 (medium) — meta 6, existentes 0, faltam 6
  Gerando lote de 6...
  Criados 1 rascunhos.
Tipo 12 (medium) — meta 6, existentes 0, faltam 6
  Gerando lote de 6...
  Criados 6 rascunhos.
Tipo 8 (hard) — meta 2, existentes 0, faltam 2
  Gerando lote de 2...
  Criados 2 rascunhos.
Tipo 6 (hard) — meta 2, existentes 0, faltam 2
  Gerando lote de 2...
  Criados 2 rascunhos.
Geração concluída. Aprovando rascunhos pendentes...
Concluído. 57 exercício(s) aprovado(s) na unidade 4.5.

[66/108] === Unidade 2.5 - Comunicación Profesional: Estructuración y Defensa de Argumentos (2612cf05-f796-4e5d-9845-c9bbce05260b) ===
Unidade 2.5 — nível B2
Tipo 1 (medium) — meta 6, existentes 0, faltam 6
  Gerando lote de 6...
  Criados 6 rascunhos.
Tipo 2 (hard) — meta 2, existentes 0, faltam 2
  Gerando lote de 2...
  Criados 2 rascunhos.
Tipo 3 (hard) — meta 2, existentes 0, faltam 2
  Gerando lote de 2...
  Criados 2 rascunhos.
Tipo 4 (easy) — meta 12, existentes 0, faltam 12
  Gerando lote de 12...
  Criados 12 rascunhos.
Tipo 9 (hard) — meta 2, existentes 0, faltam 2
  Gerando lote de 2...
  Criados 2 rascunhos.
Tipo 10 (hard) — meta 2, existentes 0, faltam 2
  Gerando lote de 2...
  Criados 2 rascunhos.
Tipo 13 (medium) — meta 6, existentes 0, faltam 6
  Gerando lote de 6...
  Criados 6 rascunhos.
Tipo 11 (hard) — meta 2, existentes 0, faltam 2
  Gerando lote de 2...
  Criados 2 rascunhos.
Tipo 5 (easy) — meta 12, existentes 0, faltam 12
  Gerando lote de 12...
  Criados 12 rascunhos.
Tipo 7 (medium) — meta 6, existentes 0, faltam 6
  Gerando lote de 6...
  Criados 6 rascunhos.
Tipo 12 (medium) — meta 6, existentes 0, faltam 6
  Gerando lote de 6...
  Criados 6 rascunhos.
Tipo 8 (hard) — meta 2, existentes 0, faltam 2
  Gerando lote de 2...
  Criados 2 rascunhos.
Tipo 6 (hard) — meta 2, existentes 0, faltam 2
  Gerando lote de 2...
  Criados 2 rascunhos.
Geração concluída. Aprovando rascunhos pendentes...
Concluído. 62 exercício(s) aprovado(s) na unidade 2.5.

[67/108] === Unidade 4.4 - O Gênero na Comunicação Profissional — Regras Gerais (8d39fe48-0616-4649-b8b0-13258ef9c316) ===
Unidade 4.4 — nível A1
Tipo 1 (medium) — meta 6, existentes 0, faltam 6
  Gerando lote de 6...
  Criados 6 rascunhos.
Tipo 2 (hard) — meta 2, existentes 0, faltam 2
  Gerando lote de 2...
  Criados 1 rascunhos.
Tipo 3 (hard) — meta 2, existentes 0, faltam 2
  Gerando lote de 2...
  Criados 2 rascunhos.
Tipo 4 (easy) — meta 12, existentes 0, faltam 12
  Gerando lote de 12...
  Criados 12 rascunhos.
Tipo 9 (hard) — meta 2, existentes 0, faltam 2
  Gerando lote de 2...
  Criados 2 rascunhos.
Tipo 10 (hard) — meta 2, existentes 0, faltam 2
  Gerando lote de 2...
  Criados 2 rascunhos.
Tipo 13 (medium) — meta 6, existentes 0, faltam 6
  Gerando lote de 6...
  Criados 6 rascunhos.
Tipo 11 (hard) — meta 2, existentes 0, faltam 2
  Gerando lote de 2...
  Criados 2 rascunhos.
Tipo 5 (easy) — meta 12, existentes 0, faltam 12
  Gerando lote de 12...
  Criados 12 rascunhos.
Tipo 7 (medium) — meta 6, existentes 0, faltam 6
  Gerando lote de 6...
  Criados 6 rascunhos.
Tipo 12 (medium) — meta 6, existentes 0, faltam 6
  Gerando lote de 6...
  Criados 6 rascunhos.
Tipo 8 (hard) — meta 2, existentes 0, faltam 2
  Gerando lote de 2...
  Criados 2 rascunhos.
Tipo 6 (hard) — meta 2, existentes 0, faltam 2
  Gerando lote de 2...
  Criados 2 rascunhos.
Geração concluída. Aprovando rascunhos pendentes...
Concluído. 61 exercício(s) aprovado(s) na unidade 4.4.

[68/108] === Unidade 4.3 - ¿Qué Podemos Hacer y Qué Queremos Lograr? Verbos Irregulares (98c289db-dac9-4b0f-9cfd-e6ba9cae0be4) ===
Unidade 4.3 — nível A1
Tipo 1 (medium) — meta 6, existentes 0, faltam 6
  Gerando lote de 6...
  Criados 6 rascunhos.
Tipo 2 (hard) — meta 2, existentes 0, faltam 2
  Gerando lote de 2...
  Criados 2 rascunhos.
Tipo 3 (hard) — meta 2, existentes 0, faltam 2
  Gerando lote de 2...
  Criados 2 rascunhos.
Tipo 4 (easy) — meta 12, existentes 0, faltam 12
  Gerando lote de 12...
  Criados 12 rascunhos.
Tipo 9 (hard) — meta 2, existentes 0, faltam 2
  Gerando lote de 2...
  Criados 2 rascunhos.
Tipo 10 (hard) — meta 2, existentes 0, faltam 2
  Gerando lote de 2...
  Criados 2 rascunhos.
Tipo 13 (medium) — meta 6, existentes 0, faltam 6
  Gerando lote de 6...
  Criados 6 rascunhos.
Tipo 11 (hard) — meta 2, existentes 0, faltam 2
  Gerando lote de 2...
  Criados 2 rascunhos.
Tipo 5 (easy) — meta 12, existentes 0, faltam 12
  Gerando lote de 12...
  Criados 12 rascunhos.
Tipo 7 (medium) — meta 6, existentes 0, faltam 6
  Gerando lote de 6...
  Criados 6 rascunhos.
Tipo 12 (medium) — meta 6, existentes 0, faltam 6
  Gerando lote de 6...
  Criados 6 rascunhos.
Tipo 8 (hard) — meta 2, existentes 0, faltam 2
  Gerando lote de 2...
  Criados 1 rascunhos.
Tipo 6 (hard) — meta 2, existentes 0, faltam 2
  Gerando lote de 2...
  Criados 2 rascunhos.
Geração concluída. Aprovando rascunhos pendentes...
Concluído. 61 exercício(s) aprovado(s) na unidade 4.3.

[69/108] === Unidade 4.6 - Falsos Cognatos no Mundo Corporativo: Evite Armadilhas de Comunicação (662723bf-a34f-482b-87a0-c6def6128858) ===
Unidade 4.6 — nível A1
Tipo 1 (medium) — meta 6, existentes 0, faltam 6
  Gerando lote de 6...
  Criados 6 rascunhos.
Tipo 2 (hard) — meta 2, existentes 0, faltam 2
  Gerando lote de 2...
  Criados 2 rascunhos.
Tipo 3 (hard) — meta 2, existentes 0, faltam 2
  Gerando lote de 2...
  Criados 2 rascunhos.
Tipo 4 (easy) — meta 12, existentes 0, faltam 12
  Gerando lote de 12...
  Criados 12 rascunhos.
Tipo 9 (hard) — meta 2, existentes 0, faltam 2
  Gerando lote de 2...
  Criados 2 rascunhos.
Tipo 10 (hard) — meta 2, existentes 0, faltam 2
  Gerando lote de 2...
  Criados 2 rascunhos.
Tipo 13 (medium) — meta 6, existentes 0, faltam 6
  Gerando lote de 6...
  Criados 6 rascunhos.
Tipo 11 (hard) — meta 2, existentes 0, faltam 2
  Gerando lote de 2...
  Criados 2 rascunhos.
Tipo 5 (easy) — meta 12, existentes 0, faltam 12
  Gerando lote de 12...
  Criados 12 rascunhos.
Tipo 7 (medium) — meta 6, existentes 0, faltam 6
  Gerando lote de 6...
  Criados 6 rascunhos.
Tipo 12 (medium) — meta 6, existentes 0, faltam 6
  Gerando lote de 6...
  Criados 6 rascunhos.
Tipo 8 (hard) — meta 2, existentes 0, faltam 2
  Gerando lote de 2...
  Criados 2 rascunhos.
Tipo 6 (hard) — meta 2, existentes 0, faltam 2
  Gerando lote de 2...
  Criados 2 rascunhos.
Geração concluída. Aprovando rascunhos pendentes...
Concluído. 62 exercício(s) aprovado(s) na unidade 4.6.

[70/108] === Unidade 2.3 - Concessão Estratégica: Negociando Soluções no Ambiente Profissional (656074f1-d440-48d3-958d-ddaa6a23cf26) ===
Unidade 2.3 — nível B2
Tipo 1 (medium) — meta 6, existentes 0, faltam 6
  Gerando lote de 6...
  Criados 6 rascunhos.
Tipo 2 (hard) — meta 2, existentes 0, faltam 2
  Gerando lote de 2...
  Criados 2 rascunhos.
Tipo 3 (hard) — meta 2, existentes 0, faltam 2
  Gerando lote de 2...
  Criados 2 rascunhos.
Tipo 4 (easy) — meta 12, existentes 0, faltam 12
  Gerando lote de 12...
  Erro: Expected double-quoted property name in JSON at position 1290 — aguardando e tentando de novo...
  Gerando lote de 12...
  Criados 12 rascunhos.
Tipo 9 (hard) — meta 2, existentes 0, faltam 2
  Gerando lote de 2...
  Criados 2 rascunhos.
Tipo 10 (hard) — meta 2, existentes 0, faltam 2
  Gerando lote de 2...
  Criados 2 rascunhos.
Tipo 13 (medium) — meta 6, existentes 0, faltam 6
  Gerando lote de 6...
  Criados 6 rascunhos.
Tipo 11 (hard) — meta 2, existentes 0, faltam 2
  Gerando lote de 2...
  Criados 2 rascunhos.
Tipo 5 (easy) — meta 12, existentes 0, faltam 12
  Gerando lote de 12...
  Criados 12 rascunhos.
Tipo 7 (medium) — meta 6, existentes 0, faltam 6
  Gerando lote de 6...
  Criados 6 rascunhos.
Tipo 12 (medium) — meta 6, existentes 0, faltam 6
  Gerando lote de 6...
  Criados 6 rascunhos.
Tipo 8 (hard) — meta 2, existentes 0, faltam 2
  Gerando lote de 2...
  Criados 2 rascunhos.
Tipo 6 (hard) — meta 2, existentes 0, faltam 2
  Gerando lote de 2...
  Criados 2 rascunhos.
Geração concluída. Aprovando rascunhos pendentes...
Concluído. 62 exercício(s) aprovado(s) na unidade 2.3.

[71/108] === Unidade 3.1 - Reportando Indicaciones: El Discurso Indirecto en el Ámbito Profesional (735c07d8-89fa-4995-a55f-fe752806d98f) ===
Unidade 3.1 — nível B2
Tipo 1 (medium) — meta 6, existentes 0, faltam 6
  Gerando lote de 6...
  Criados 6 rascunhos.
Tipo 2 (hard) — meta 2, existentes 0, faltam 2
  Gerando lote de 2...
  Criados 2 rascunhos.
Tipo 3 (hard) — meta 2, existentes 0, faltam 2
  Gerando lote de 2...
  Criados 2 rascunhos.
Tipo 4 (easy) — meta 12, existentes 0, faltam 12
  Gerando lote de 12...
  Criados 12 rascunhos.
Tipo 9 (hard) — meta 2, existentes 0, faltam 2
  Gerando lote de 2...
  Criados 2 rascunhos.
Tipo 10 (hard) — meta 2, existentes 0, faltam 2
  Gerando lote de 2...
  Criados 2 rascunhos.
Tipo 13 (medium) — meta 6, existentes 0, faltam 6
  Gerando lote de 6...
  Criados 6 rascunhos.
Tipo 11 (hard) — meta 2, existentes 0, faltam 2
  Gerando lote de 2...
  Criados 2 rascunhos.
Tipo 5 (easy) — meta 12, existentes 0, faltam 12
  Gerando lote de 12...
  Criados 12 rascunhos.
Tipo 7 (medium) — meta 6, existentes 0, faltam 6
  Gerando lote de 6...
  Criados 6 rascunhos.
Tipo 12 (medium) — meta 6, existentes 0, faltam 6
  Gerando lote de 6...
  Criados 6 rascunhos.
Tipo 8 (hard) — meta 2, existentes 0, faltam 2
  Gerando lote de 2...
  Criados 2 rascunhos.
Tipo 6 (hard) — meta 2, existentes 0, faltam 2
  Gerando lote de 2...
  Criados 2 rascunhos.
Geração concluída. Aprovando rascunhos pendentes...
Concluído. 62 exercício(s) aprovado(s) na unidade 3.1.

[72/108] === Unidade 3.3 - Foco nos Resultados e Processos: A Voz Passiva Analítica no Ambiente Corporativo (63de1fed-33c4-44bf-a922-c8193c9f4541) ===
Unidade 3.3 — nível B2
Tipo 1 (medium) — meta 6, existentes 0, faltam 6
  Gerando lote de 6...
  Criados 6 rascunhos.
Tipo 2 (hard) — meta 2, existentes 0, faltam 2
  Gerando lote de 2...
  Criados 1 rascunhos.
Tipo 3 (hard) — meta 2, existentes 0, faltam 2
  Gerando lote de 2...
  Criados 2 rascunhos.
Tipo 4 (easy) — meta 12, existentes 0, faltam 12
  Gerando lote de 12...
  Criados 12 rascunhos.
Tipo 9 (hard) — meta 2, existentes 0, faltam 2
  Gerando lote de 2...
  Criados 2 rascunhos.
Tipo 10 (hard) — meta 2, existentes 0, faltam 2
  Gerando lote de 2...
  Criados 1 rascunhos.
Tipo 13 (medium) — meta 6, existentes 0, faltam 6
  Gerando lote de 6...
  Criados 6 rascunhos.
Tipo 11 (hard) — meta 2, existentes 0, faltam 2
  Gerando lote de 2...
  Criados 2 rascunhos.
Tipo 5 (easy) — meta 12, existentes 0, faltam 12
  Gerando lote de 12...
  Criados 12 rascunhos.
Tipo 7 (medium) — meta 6, existentes 0, faltam 6
  Gerando lote de 6...
  Criados 6 rascunhos.
Tipo 12 (medium) — meta 6, existentes 0, faltam 6
  Gerando lote de 6...
  Criados 6 rascunhos.
Tipo 8 (hard) — meta 2, existentes 0, faltam 2
  Gerando lote de 2...
  Criados 2 rascunhos.
Tipo 6 (hard) — meta 2, existentes 0, faltam 2
  Gerando lote de 2...
  Criados 2 rascunhos.
Geração concluída. Aprovando rascunhos pendentes...
Concluído. 60 exercício(s) aprovado(s) na unidade 3.3.

[73/108] === Unidade 4.5 - O Selo da Maestria Profissional B2 — Comunicação Estratégica (a23400de-f81a-4a72-a018-69040b36d257) ===
Unidade 4.5 — nível B2
Tipo 1 (medium) — meta 6, existentes 0, faltam 6
  Gerando lote de 6...
  Criados 6 rascunhos.
Tipo 2 (hard) — meta 2, existentes 0, faltam 2
  Gerando lote de 2...
  Criados 1 rascunhos.
Tipo 3 (hard) — meta 2, existentes 0, faltam 2
  Gerando lote de 2...
  Criados 2 rascunhos.
Tipo 4 (easy) — meta 12, existentes 0, faltam 12
  Gerando lote de 12...
  Criados 12 rascunhos.
Tipo 9 (hard) — meta 2, existentes 0, faltam 2
  Gerando lote de 2...
  Criados 2 rascunhos.
Tipo 10 (hard) — meta 2, existentes 0, faltam 2
  Gerando lote de 2...
  Criados 2 rascunhos.
Tipo 13 (medium) — meta 6, existentes 0, faltam 6
  Gerando lote de 6...
  Criados 6 rascunhos.
Tipo 11 (hard) — meta 2, existentes 0, faltam 2
  Gerando lote de 2...
  Criados 2 rascunhos.
Tipo 5 (easy) — meta 12, existentes 0, faltam 12
  Gerando lote de 12...
  Erro: Expected double-quoted property name in JSON at position 3945 — aguardando e tentando de novo...
  Gerando lote de 12...
  Criados 12 rascunhos.
Tipo 7 (medium) — meta 6, existentes 0, faltam 6
  Gerando lote de 6...
  Criados 6 rascunhos.
Tipo 12 (medium) — meta 6, existentes 0, faltam 6
  Gerando lote de 6...
  Criados 6 rascunhos.
Tipo 8 (hard) — meta 2, existentes 0, faltam 2
  Gerando lote de 2...
  Criados 2 rascunhos.
Tipo 6 (hard) — meta 2, existentes 0, faltam 2
  Gerando lote de 2...
  Criados 2 rascunhos.
Geração concluída. Aprovando rascunhos pendentes...
Concluído. 61 exercício(s) aprovado(s) na unidade 4.5.

[74/108] === Unidade 1.5 - A Cortesia do Diminutivo no Ambiente Corporativo (13b22fe4-5a04-4b91-ab25-97f696aeeb86) ===
Unidade 1.5 — nível B2
Tipo 1 (medium) — meta 6, existentes 0, faltam 6
  Gerando lote de 6...
  Criados 6 rascunhos.
Tipo 2 (hard) — meta 2, existentes 0, faltam 2
  Gerando lote de 2...
  Criados 2 rascunhos.
Tipo 3 (hard) — meta 2, existentes 0, faltam 2
  Gerando lote de 2...
  Criados 2 rascunhos.
Tipo 4 (easy) — meta 12, existentes 0, faltam 12
  Gerando lote de 12...
  Criados 12 rascunhos.
Tipo 9 (hard) — meta 2, existentes 0, faltam 2
  Gerando lote de 2...
  Criados 2 rascunhos.
Tipo 10 (hard) — meta 2, existentes 0, faltam 2
  Gerando lote de 2...
  Criados 2 rascunhos.
Tipo 13 (medium) — meta 6, existentes 0, faltam 6
  Gerando lote de 6...
  Criados 6 rascunhos.
Tipo 11 (hard) — meta 2, existentes 0, faltam 2
  Gerando lote de 2...
  Criados 2 rascunhos.
Tipo 5 (easy) — meta 12, existentes 0, faltam 12
  Gerando lote de 12...
  Criados 12 rascunhos.
Tipo 7 (medium) — meta 6, existentes 0, faltam 6
  Gerando lote de 6...
  Criados 6 rascunhos.
Tipo 12 (medium) — meta 6, existentes 0, faltam 6
  Gerando lote de 6...
  Criados 6 rascunhos.
Tipo 8 (hard) — meta 2, existentes 0, faltam 2
  Gerando lote de 2...
  Criados 1 rascunhos.
Tipo 6 (hard) — meta 2, existentes 0, faltam 2
  Gerando lote de 2...
  Criados 2 rascunhos.
Geração concluída. Aprovando rascunhos pendentes...
Concluído. 61 exercício(s) aprovado(s) na unidade 1.5.

[75/108] === Unidade 1.6 - La Vocal Fantasma en el Entorno Corporativo: Reconociendo la Epéntesis en la Comunicación Oral Profesional (48e28680-372b-44af-a29d-698bc62e9128) ===
Unidade 1.6 — nível B2
Tipo 1 (medium) — meta 6, existentes 0, faltam 6
  Gerando lote de 6...
  Criados 6 rascunhos.
Tipo 2 (hard) — meta 2, existentes 0, faltam 2
  Gerando lote de 2...
  Criados 2 rascunhos.
Tipo 3 (hard) — meta 2, existentes 0, faltam 2
  Gerando lote de 2...
  Criados 1 rascunhos.
Tipo 4 (easy) — meta 12, existentes 0, faltam 12
  Gerando lote de 12...
  Criados 12 rascunhos.
Tipo 9 (hard) — meta 2, existentes 0, faltam 2
  Gerando lote de 2...
  Criados 2 rascunhos.
Tipo 10 (hard) — meta 2, existentes 0, faltam 2
  Gerando lote de 2...
  Criados 2 rascunhos.
Tipo 13 (medium) — meta 6, existentes 0, faltam 6
  Gerando lote de 6...
  Criados 6 rascunhos.
Tipo 11 (hard) — meta 2, existentes 0, faltam 2
  Gerando lote de 2...
  Criados 1 rascunhos.
Tipo 5 (easy) — meta 12, existentes 0, faltam 12
  Gerando lote de 12...
  Criados 12 rascunhos.
Tipo 7 (medium) — meta 6, existentes 0, faltam 6
  Gerando lote de 6...
  Criados 6 rascunhos.
Tipo 12 (medium) — meta 6, existentes 0, faltam 6
  Gerando lote de 6...
  Criados 6 rascunhos.
Tipo 8 (hard) — meta 2, existentes 0, faltam 2
  Gerando lote de 2...
  Criados 2 rascunhos.
Tipo 6 (hard) — meta 2, existentes 0, faltam 2
  Gerando lote de 2...
  Criados 2 rascunhos.
Geração concluída. Aprovando rascunhos pendentes...
Concluído. 60 exercício(s) aprovado(s) na unidade 1.6.

[76/108] === Unidade 1.1 - Variaciones en la Comunicación Corporativa: Entendiendo los Códigos del Trabajo (df041ca4-25d7-4b57-87ed-c3dfb449ac00) ===
Unidade 1.1 — nível B2
Tipo 1 (medium) — meta 6, existentes 0, faltam 6
  Gerando lote de 6...
  Criados 6 rascunhos.
Tipo 2 (hard) — meta 2, existentes 0, faltam 2
  Gerando lote de 2...
  Criados 2 rascunhos.
Tipo 3 (hard) — meta 2, existentes 0, faltam 2
  Gerando lote de 2...
  Criados 2 rascunhos.
Tipo 4 (easy) — meta 12, existentes 0, faltam 12
  Gerando lote de 12...
  Criados 12 rascunhos.
Tipo 9 (hard) — meta 2, existentes 0, faltam 2
  Gerando lote de 2...
  Criados 2 rascunhos.
Tipo 10 (hard) — meta 2, existentes 0, faltam 2
  Gerando lote de 2...
  Criados 2 rascunhos.
Tipo 13 (medium) — meta 6, existentes 0, faltam 6
  Gerando lote de 6...
  Criados 6 rascunhos.
Tipo 11 (hard) — meta 2, existentes 0, faltam 2
  Gerando lote de 2...
  Criados 2 rascunhos.
Tipo 5 (easy) — meta 12, existentes 0, faltam 12
  Gerando lote de 12...
  Criados 12 rascunhos.
Tipo 7 (medium) — meta 6, existentes 0, faltam 6
  Gerando lote de 6...
  Criados 6 rascunhos.
Tipo 12 (medium) — meta 6, existentes 0, faltam 6
  Gerando lote de 6...
  Criados 6 rascunhos.
Tipo 8 (hard) — meta 2, existentes 0, faltam 2
  Gerando lote de 2...
  Criados 2 rascunhos.
Tipo 6 (hard) — meta 2, existentes 0, faltam 2
  Gerando lote de 2...
  Criados 2 rascunhos.
Geração concluída. Aprovando rascunhos pendentes...
Concluído. 62 exercício(s) aprovado(s) na unidade 1.1.

[77/108] === Unidade 1.5 - El Desafío de la Comunicación Efectiva: Consolidación Pronominal Estratégica (c3e9cd33-515a-4e38-bfb2-5063d127f827) ===
Unidade 1.5 — nível C1
Tipo 1 (medium) — meta 12, existentes 0, faltam 12
  Gerando lote de 12...
  Criados 12 rascunhos.
Tipo 2 (hard) — meta 3, existentes 0, faltam 3
  Gerando lote de 3...
  Criados 3 rascunhos.
Tipo 3 (hard) — meta 3, existentes 0, faltam 3
  Gerando lote de 3...
  Criados 3 rascunhos.
Tipo 4 (easy) — meta 24, existentes 0, faltam 24
  Gerando lote de 20...
  Criados 20 rascunhos.
  Gerando lote de 4...
  Criados 4 rascunhos.
Tipo 9 (hard) — meta 3, existentes 0, faltam 3
  Gerando lote de 3...
  Criados 3 rascunhos.
Tipo 10 (hard) — meta 3, existentes 0, faltam 3
  Gerando lote de 3...
  Criados 3 rascunhos.
Tipo 13 (medium) — meta 12, existentes 0, faltam 12
  Gerando lote de 12...
  Criados 12 rascunhos.
Tipo 11 (hard) — meta 3, existentes 0, faltam 3
  Gerando lote de 3...
  Criados 3 rascunhos.
Tipo 5 (easy) — meta 24, existentes 0, faltam 24
  Gerando lote de 20...
  Criados 20 rascunhos.
  Gerando lote de 4...
  Criados 4 rascunhos.
Tipo 7 (medium) — meta 12, existentes 0, faltam 12
  Gerando lote de 12...
  Criados 12 rascunhos.
Tipo 12 (medium) — meta 12, existentes 0, faltam 12
  Gerando lote de 12...
  Criados 13 rascunhos.
Tipo 8 (hard) — meta 3, existentes 0, faltam 3
  Gerando lote de 3...
  Criados 3 rascunhos.
Tipo 6 (hard) — meta 3, existentes 0, faltam 3
  Gerando lote de 3...
  Criados 3 rascunhos.
Geração concluída. Aprovando rascunhos pendentes...
Concluído. 118 exercício(s) aprovado(s) na unidade 1.5.

[78/108] === Unidade 2.2 - Crase Proibida: O Protocolo da Escrita Profissional (9a2a3437-ea9e-4574-aaba-add2a614a3e3) ===
Unidade 2.2 — nível C1
Tipo 1 (medium) — meta 12, existentes 0, faltam 12
  Gerando lote de 12...
  Criados 12 rascunhos.
Tipo 2 (hard) — meta 3, existentes 0, faltam 3
  Gerando lote de 3...
  Erro: Expected ',' or '}' after property value in JSON at position 10342 — aguardando e tentando de novo...
  Gerando lote de 3...
  Criados 3 rascunhos.
Tipo 3 (hard) — meta 3, existentes 0, faltam 3
  Gerando lote de 3...
  Criados 3 rascunhos.
Tipo 4 (easy) — meta 24, existentes 0, faltam 24
  Gerando lote de 20...
  Criados 21 rascunhos.
  Gerando lote de 4...
  Criados 4 rascunhos.
Tipo 9 (hard) — meta 3, existentes 0, faltam 3
  Gerando lote de 3...
  Criados 3 rascunhos.
Tipo 10 (hard) — meta 3, existentes 0, faltam 3
  Gerando lote de 3...
  Criados 3 rascunhos.
Tipo 13 (medium) — meta 12, existentes 0, faltam 12
  Gerando lote de 12...
  Criados 12 rascunhos.
Tipo 11 (hard) — meta 3, existentes 0, faltam 3
  Gerando lote de 3...
  Criados 3 rascunhos.
Tipo 5 (easy) — meta 24, existentes 0, faltam 24
  Gerando lote de 20...
  Criados 20 rascunhos.
  Gerando lote de 4...
  Criados 4 rascunhos.
Tipo 7 (medium) — meta 12, existentes 0, faltam 12
  Gerando lote de 12...
  Criados 12 rascunhos.
Tipo 12 (medium) — meta 12, existentes 0, faltam 12
  Gerando lote de 12...
  Criados 12 rascunhos.
Tipo 8 (hard) — meta 3, existentes 0, faltam 3
  Gerando lote de 3...
  Criados 3 rascunhos.
Tipo 6 (hard) — meta 3, existentes 0, faltam 3
  Gerando lote de 3...
  Criados 3 rascunhos.
Geração concluída. Aprovando rascunhos pendentes...
Concluído. 118 exercício(s) aprovado(s) na unidade 2.2.

[79/108] === Unidade 2.3 - Crase Facultativa: Nuances de Estilo na Escrita Corporativa (d5e96570-ae56-4c58-a787-b16082ea4ef5) ===
Unidade 2.3 — nível C1
Tipo 1 (medium) — meta 12, existentes 0, faltam 12
  Gerando lote de 12...
  Criados 12 rascunhos.
Tipo 2 (hard) — meta 3, existentes 0, faltam 3
  Gerando lote de 3...
  Criados 3 rascunhos.
Tipo 3 (hard) — meta 3, existentes 0, faltam 3
  Gerando lote de 3...
  Criados 3 rascunhos.
Tipo 4 (easy) — meta 24, existentes 0, faltam 24
  Gerando lote de 20...
  Criados 20 rascunhos.
  Gerando lote de 4...
  Criados 4 rascunhos.
Tipo 9 (hard) — meta 3, existentes 0, faltam 3
  Gerando lote de 3...
  Criados 3 rascunhos.
Tipo 10 (hard) — meta 3, existentes 0, faltam 3
  Gerando lote de 3...
  Criados 3 rascunhos.
Tipo 13 (medium) — meta 12, existentes 0, faltam 12
  Gerando lote de 12...
  Criados 12 rascunhos.
Tipo 11 (hard) — meta 3, existentes 0, faltam 3
  Gerando lote de 3...
  Criados 3 rascunhos.
Tipo 5 (easy) — meta 24, existentes 0, faltam 24
  Gerando lote de 20...
  Criados 20 rascunhos.
  Gerando lote de 4...
  Criados 4 rascunhos.
Tipo 7 (medium) — meta 12, existentes 0, faltam 12
  Gerando lote de 12...
  Criados 12 rascunhos.
Tipo 12 (medium) — meta 12, existentes 0, faltam 12
  Gerando lote de 12...
  Criados 12 rascunhos.
Tipo 8 (hard) — meta 3, existentes 0, faltam 3
  Gerando lote de 3...
  Criados 3 rascunhos.
Tipo 6 (hard) — meta 3, existentes 0, faltam 3
  Gerando lote de 3...
  Criados 3 rascunhos.
Geração concluída. Aprovando rascunhos pendentes...
Concluído. 117 exercício(s) aprovado(s) na unidade 2.3.

[80/108] === Unidade 3.2 - Decodificando a Prosa Corporativa: Entre o Formal e o Implícito (4ba42a24-42fb-4c3c-8dd5-9896069c6597) ===
Unidade 3.2 — nível C1
Tipo 1 (medium) — meta 12, existentes 0, faltam 12
  Gerando lote de 12...
  Criados 12 rascunhos.
Tipo 2 (hard) — meta 3, existentes 0, faltam 3
  Gerando lote de 3...
  Criados 3 rascunhos.
Tipo 3 (hard) — meta 3, existentes 0, faltam 3
  Gerando lote de 3...
  Criados 3 rascunhos.
Tipo 4 (easy) — meta 24, existentes 0, faltam 24
  Gerando lote de 20...
  Criados 20 rascunhos.
  Gerando lote de 4...
  Criados 4 rascunhos.
Tipo 9 (hard) — meta 3, existentes 0, faltam 3
  Gerando lote de 3...
  Criados 3 rascunhos.
Tipo 10 (hard) — meta 3, existentes 0, faltam 3
  Gerando lote de 3...
  Criados 3 rascunhos.
Tipo 13 (medium) — meta 12, existentes 0, faltam 12
  Gerando lote de 12...
  Criados 12 rascunhos.
Tipo 11 (hard) — meta 3, existentes 0, faltam 3
  Gerando lote de 3...
  Criados 3 rascunhos.
Tipo 5 (easy) — meta 24, existentes 0, faltam 24
  Gerando lote de 20...
  Criados 20 rascunhos.
  Gerando lote de 4...
  Criados 4 rascunhos.
Tipo 7 (medium) — meta 12, existentes 0, faltam 12
  Gerando lote de 12...
  Criados 12 rascunhos.
Tipo 12 (medium) — meta 12, existentes 0, faltam 12
  Gerando lote de 12...
  Criados 12 rascunhos.
Tipo 8 (hard) — meta 3, existentes 0, faltam 3
  Gerando lote de 3...
  Criados 3 rascunhos.
Tipo 6 (hard) — meta 3, existentes 0, faltam 3
  Gerando lote de 3...
  Criados 3 rascunhos.
Geração concluída. Aprovando rascunhos pendentes...
Concluído. 117 exercício(s) aprovado(s) na unidade 3.2.

[81/108] === Unidade 3.5 - Comunicação Corporativa Estratégica: Dominando Registros e Polimento Semântico (f6cdee7e-f307-47ec-8dfc-29bf48e72385) ===
Unidade 3.5 — nível C1
Tipo 1 (medium) — meta 12, existentes 0, faltam 12
  Gerando lote de 12...
  Criados 12 rascunhos.
Tipo 2 (hard) — meta 3, existentes 0, faltam 3
  Gerando lote de 3...
  Criados 3 rascunhos.
Tipo 3 (hard) — meta 3, existentes 0, faltam 3
  Gerando lote de 3...
  Criados 3 rascunhos.
Tipo 4 (easy) — meta 24, existentes 0, faltam 24
  Gerando lote de 20...
  Criados 20 rascunhos.
  Gerando lote de 4...
  Criados 4 rascunhos.
Tipo 9 (hard) — meta 3, existentes 0, faltam 3
  Gerando lote de 3...
  Criados 3 rascunhos.
Tipo 10 (hard) — meta 3, existentes 0, faltam 3
  Gerando lote de 3...
  Criados 3 rascunhos.
Tipo 13 (medium) — meta 12, existentes 0, faltam 12
  Gerando lote de 12...
  Erro: Unexpected token '¡', ..."centive: "¡Excelente"... is not valid JSON — aguardando e tentando de novo...
  Gerando lote de 12...
  Criados 12 rascunhos.
Tipo 11 (hard) — meta 3, existentes 0, faltam 3
  Gerando lote de 3...
  Criados 3 rascunhos.
Tipo 5 (easy) — meta 24, existentes 0, faltam 24
  Gerando lote de 20...
  Criados 20 rascunhos.
  Gerando lote de 4...
  Criados 4 rascunhos.
Tipo 7 (medium) — meta 12, existentes 0, faltam 12
  Gerando lote de 12...
  Criados 13 rascunhos.
Tipo 12 (medium) — meta 12, existentes 0, faltam 12
  Gerando lote de 12...
  Criados 12 rascunhos.
Tipo 8 (hard) — meta 3, existentes 0, faltam 3
  Gerando lote de 3...
  Criados 3 rascunhos.
Tipo 6 (hard) — meta 3, existentes 0, faltam 3
  Gerando lote de 3...
  Criados 3 rascunhos.
Geração concluída. Aprovando rascunhos pendentes...
Concluído. 118 exercício(s) aprovado(s) na unidade 3.5.

[82/108] === Unidade 4.5 - A Arquitetura da Mensagem Profissional — Argumentação Persuasiva e Redação Estratégica (e20ac48c-ae97-498b-b2f9-24f43f019edd) ===
Unidade 4.5 — nível C1
Tipo 1 (medium) — meta 9, existentes 0, faltam 9
  Gerando lote de 9...
  Criados 9 rascunhos.
Tipo 2 (hard) — meta 3, existentes 0, faltam 3
  Gerando lote de 3...
  Criados 3 rascunhos.
Tipo 3 (hard) — meta 3, existentes 0, faltam 3
  Gerando lote de 3...
  Criados 3 rascunhos.
Tipo 4 (easy) — meta 18, existentes 0, faltam 18
  Gerando lote de 18...
  Criados 18 rascunhos.
Tipo 9 (hard) — meta 3, existentes 0, faltam 3
  Gerando lote de 3...
  Criados 3 rascunhos.
Tipo 10 (hard) — meta 3, existentes 0, faltam 3
  Gerando lote de 3...
  Criados 3 rascunhos.
Tipo 13 (medium) — meta 9, existentes 0, faltam 9
  Gerando lote de 9...
  Criados 9 rascunhos.
Tipo 11 (hard) — meta 3, existentes 0, faltam 3
  Gerando lote de 3...
  Criados 3 rascunhos.
Tipo 5 (easy) — meta 18, existentes 0, faltam 18
  Gerando lote de 18...
  Criados 18 rascunhos.
Tipo 7 (medium) — meta 9, existentes 0, faltam 9
  Gerando lote de 9...
  Criados 9 rascunhos.
Tipo 12 (medium) — meta 9, existentes 0, faltam 9
  Gerando lote de 9...
  Criados 9 rascunhos.
Tipo 8 (hard) — meta 3, existentes 0, faltam 3
  Gerando lote de 3...
  Criados 3 rascunhos.
Tipo 6 (hard) — meta 3, existentes 0, faltam 3
  Gerando lote de 3...
  Criados 3 rascunhos.
Geração concluída. Aprovando rascunhos pendentes...
Concluído. 93 exercício(s) aprovado(s) na unidade 4.5.

[83/108] === Unidade 2.4 - Descrevendo Ambientes e Ações Profissionais (03299a87-117c-4e06-9e8a-5b6e777a2e8e) ===
Unidade 2.4 — nível A2
Tipo 1 (medium) — meta 6, existentes 0, faltam 6
  Gerando lote de 6...
  Criados 6 rascunhos.
Tipo 2 (hard) — meta 2, existentes 0, faltam 2
  Gerando lote de 2...
  Criados 2 rascunhos.
Tipo 3 (hard) — meta 2, existentes 0, faltam 2
  Gerando lote de 2...
  Criados 2 rascunhos.
Tipo 4 (easy) — meta 12, existentes 0, faltam 12
  Gerando lote de 12...
  Criados 12 rascunhos.
Tipo 9 (hard) — meta 2, existentes 0, faltam 2
  Gerando lote de 2...
  Criados 2 rascunhos.
Tipo 10 (hard) — meta 2, existentes 0, faltam 2
  Gerando lote de 2...
  Criados 2 rascunhos.
Tipo 13 (medium) — meta 6, existentes 0, faltam 6
  Gerando lote de 6...
  Criados 6 rascunhos.
Tipo 11 (hard) — meta 2, existentes 0, faltam 2
  Gerando lote de 2...
  Criados 2 rascunhos.
Tipo 5 (easy) — meta 12, existentes 0, faltam 12
  Gerando lote de 12...
  Criados 12 rascunhos.
Tipo 7 (medium) — meta 6, existentes 0, faltam 6
  Gerando lote de 6...
  Criados 6 rascunhos.
Tipo 12 (medium) — meta 6, existentes 0, faltam 6
  Gerando lote de 6...
  Criados 6 rascunhos.
Tipo 8 (hard) — meta 2, existentes 0, faltam 2
  Gerando lote de 2...
  Criados 2 rascunhos.
Tipo 6 (hard) — meta 2, existentes 0, faltam 2
  Gerando lote de 2...
  Criados 2 rascunhos.
Geração concluída. Aprovando rascunhos pendentes...
Concluído. 62 exercício(s) aprovado(s) na unidade 2.4.

[84/108] === Unidade 2.5 - Comunicação Profissional Instantânea (0536db48-2747-4aa0-a87a-b31114df69cd) ===
Unidade 2.5 — nível A2
Tipo 1 (medium) — meta 6, existentes 0, faltam 6
  Gerando lote de 6...
  Criados 6 rascunhos.
Tipo 2 (hard) — meta 2, existentes 0, faltam 2
  Gerando lote de 2...
  Criados 2 rascunhos.
Tipo 3 (hard) — meta 2, existentes 0, faltam 2
  Gerando lote de 2...
  Criados 2 rascunhos.
Tipo 4 (easy) — meta 12, existentes 0, faltam 12
  Gerando lote de 12...
  Criados 12 rascunhos.
Tipo 9 (hard) — meta 2, existentes 0, faltam 2
  Gerando lote de 2...
  Criados 2 rascunhos.
Tipo 10 (hard) — meta 2, existentes 0, faltam 2
  Gerando lote de 2...
  Criados 2 rascunhos.
Tipo 13 (medium) — meta 6, existentes 0, faltam 6
  Gerando lote de 6...
  Criados 6 rascunhos.
Tipo 11 (hard) — meta 2, existentes 0, faltam 2
  Gerando lote de 2...
  Criados 2 rascunhos.
Tipo 5 (easy) — meta 12, existentes 0, faltam 12
  Gerando lote de 12...
  Criados 12 rascunhos.
Tipo 7 (medium) — meta 6, existentes 0, faltam 6
  Gerando lote de 6...
  Criados 6 rascunhos.
Tipo 12 (medium) — meta 6, existentes 0, faltam 6
  Gerando lote de 6...
  Criados 6 rascunhos.
Tipo 8 (hard) — meta 2, existentes 0, faltam 2
  Gerando lote de 2...
  Erro: Expected double-quoted property name in JSON at position 2233 — aguardando e tentando de novo...
  Gerando lote de 2...
  Criados 2 rascunhos.
Tipo 6 (hard) — meta 2, existentes 0, faltam 2
  Gerando lote de 2...
  Criados 2 rascunhos.
Geração concluída. Aprovando rascunhos pendentes...
Concluído. 62 exercício(s) aprovado(s) na unidade 2.5.

[85/108] === Unidade 3.3 - Como você se sente na equipe e no projeto? (8515f564-8c74-460c-99b5-579759da973a) ===
Unidade 3.3 — nível A2
Tipo 1 (medium) — meta 6, existentes 0, faltam 6
  Gerando lote de 6...
  Criados 6 rascunhos.
Tipo 2 (hard) — meta 2, existentes 0, faltam 2
  Gerando lote de 2...
  Criados 2 rascunhos.
Tipo 3 (hard) — meta 2, existentes 0, faltam 2
  Gerando lote de 2...
  Criados 2 rascunhos.
Tipo 4 (easy) — meta 12, existentes 0, faltam 12
  Gerando lote de 12...
  Criados 12 rascunhos.
Tipo 9 (hard) — meta 2, existentes 0, faltam 2
  Gerando lote de 2...
  Criados 2 rascunhos.
Tipo 10 (hard) — meta 2, existentes 0, faltam 2
  Gerando lote de 2...
  Criados 2 rascunhos.
Tipo 13 (medium) — meta 6, existentes 0, faltam 6
  Gerando lote de 6...
  Criados 6 rascunhos.
Tipo 11 (hard) — meta 2, existentes 0, faltam 2
  Gerando lote de 2...
  Criados 2 rascunhos.
Tipo 5 (easy) — meta 12, existentes 0, faltam 12
  Gerando lote de 12...
  Criados 12 rascunhos.
Tipo 7 (medium) — meta 6, existentes 0, faltam 6
  Gerando lote de 6...
  Criados 6 rascunhos.
Tipo 12 (medium) — meta 6, existentes 0, faltam 6
  Gerando lote de 6...
  Criados 6 rascunhos.
Tipo 8 (hard) — meta 2, existentes 0, faltam 2
  Gerando lote de 2...
  Criados 2 rascunhos.
Tipo 6 (hard) — meta 2, existentes 0, faltam 2
  Gerando lote de 2...
  Criados 2 rascunhos.
Geração concluída. Aprovando rascunhos pendentes...
Concluído. 62 exercício(s) aprovado(s) na unidade 3.3.

[86/108] === Unidade 3.2 - ¿Qué situación tenemos? — Desafíos y Estados de Proyectos (7600eefe-1f17-468b-ac86-4e0a90bdd928) ===
Unidade 3.2 — nível A2
Tipo 1 (medium) — meta 6, existentes 0, faltam 6
  Gerando lote de 6...
  Criados 6 rascunhos.
Tipo 2 (hard) — meta 2, existentes 0, faltam 2
  Gerando lote de 2...
  Criados 2 rascunhos.
Tipo 3 (hard) — meta 2, existentes 0, faltam 2
  Gerando lote de 2...
  Criados 2 rascunhos.
Tipo 4 (easy) — meta 12, existentes 0, faltam 12
  Gerando lote de 12...
  Criados 12 rascunhos.
Tipo 9 (hard) — meta 2, existentes 0, faltam 2
  Gerando lote de 2...
  Criados 2 rascunhos.
Tipo 10 (hard) — meta 2, existentes 0, faltam 2
  Gerando lote de 2...
  Criados 2 rascunhos.
Tipo 13 (medium) — meta 6, existentes 0, faltam 6
  Gerando lote de 6...
  Criados 6 rascunhos.
Tipo 11 (hard) — meta 2, existentes 0, faltam 2
  Gerando lote de 2...
  Criados 2 rascunhos.
Tipo 5 (easy) — meta 12, existentes 0, faltam 12
  Gerando lote de 12...
  Criados 12 rascunhos.
Tipo 7 (medium) — meta 6, existentes 0, faltam 6
  Gerando lote de 6...
  Criados 6 rascunhos.
Tipo 12 (medium) — meta 6, existentes 0, faltam 6
  Gerando lote de 6...
  Criados 6 rascunhos.
Tipo 8 (hard) — meta 2, existentes 0, faltam 2
  Gerando lote de 2...
  Criados 2 rascunhos.
Tipo 6 (hard) — meta 2, existentes 0, faltam 2
  Gerando lote de 2...
  Criados 2 rascunhos.
Geração concluída. Aprovando rascunhos pendentes...
Concluído. 62 exercício(s) aprovado(s) na unidade 3.2.

[87/108] === Unidade 4.5 - El Plan Estratégico: Projeções de Carreira e Negócio (fd470d58-1329-462b-804b-ba95bc00bea6) ===
Unidade 4.5 — nível A2
Tipo 1 (medium) — meta 6, existentes 0, faltam 6
  Gerando lote de 6...
  Criados 6 rascunhos.
Tipo 2 (hard) — meta 2, existentes 0, faltam 2
  Gerando lote de 2...
  Criados 2 rascunhos.
Tipo 3 (hard) — meta 2, existentes 0, faltam 2
  Gerando lote de 2...
  Criados 2 rascunhos.
Tipo 4 (easy) — meta 12, existentes 0, faltam 12
  Gerando lote de 12...
  Erro: Expected double-quoted property name in JSON at position 1187 — aguardando e tentando de novo...
  Gerando lote de 12...
  Criados 12 rascunhos.
Tipo 9 (hard) — meta 2, existentes 0, faltam 2
  Gerando lote de 2...
  Criados 2 rascunhos.
Tipo 10 (hard) — meta 2, existentes 0, faltam 2
  Gerando lote de 2...
  Criados 2 rascunhos.
Tipo 13 (medium) — meta 6, existentes 0, faltam 6
  Gerando lote de 6...
  Criados 6 rascunhos.
Tipo 11 (hard) — meta 2, existentes 0, faltam 2
  Gerando lote de 2...
  Criados 2 rascunhos.
Tipo 5 (easy) — meta 12, existentes 0, faltam 12
  Gerando lote de 12...
  Criados 12 rascunhos.
Tipo 7 (medium) — meta 6, existentes 0, faltam 6
  Gerando lote de 6...
  Criados 6 rascunhos.
Tipo 12 (medium) — meta 6, existentes 0, faltam 6
  Gerando lote de 6...
  Criados 6 rascunhos.
Tipo 8 (hard) — meta 2, existentes 0, faltam 2
  Gerando lote de 2...
  Criados 2 rascunhos.
Tipo 6 (hard) — meta 2, existentes 0, faltam 2
  Gerando lote de 2...
  Criados 2 rascunhos.
Geração concluída. Aprovando rascunhos pendentes...
Concluído. 62 exercício(s) aprovado(s) na unidade 4.5.

[88/108] === Unidade 4.3 - Projetos e Prazos: O Futuro Próximo no Trabalho (3f4efc0b-e7b1-425e-956d-039048936ba4) ===
Unidade 4.3 — nível A2
Tipo 1 (medium) — meta 6, existentes 0, faltam 6
  Gerando lote de 6...
  Criados 6 rascunhos.
Tipo 2 (hard) — meta 2, existentes 0, faltam 2
  Gerando lote de 2...
  Criados 2 rascunhos.
Tipo 3 (hard) — meta 2, existentes 0, faltam 2
  Gerando lote de 2...
  Criados 2 rascunhos.
Tipo 4 (easy) — meta 12, existentes 0, faltam 12
  Gerando lote de 12...
  Criados 12 rascunhos.
Tipo 9 (hard) — meta 2, existentes 0, faltam 2
  Gerando lote de 2...
  Criados 2 rascunhos.
Tipo 10 (hard) — meta 2, existentes 0, faltam 2
  Gerando lote de 2...
  Criados 2 rascunhos.
Tipo 13 (medium) — meta 6, existentes 0, faltam 6
  Gerando lote de 6...
  Criados 6 rascunhos.
Tipo 11 (hard) — meta 2, existentes 0, faltam 2
  Gerando lote de 2...
  Criados 2 rascunhos.
Tipo 5 (easy) — meta 12, existentes 0, faltam 12
  Gerando lote de 12...
  Criados 12 rascunhos.
Tipo 7 (medium) — meta 6, existentes 0, faltam 6
  Gerando lote de 6...
  Erro: Expected double-quoted property name in JSON at position 3313 — aguardando e tentando de novo...
  Gerando lote de 6...
  Criados 6 rascunhos.
Tipo 12 (medium) — meta 6, existentes 0, faltam 6
  Gerando lote de 6...
  Criados 6 rascunhos.
Tipo 8 (hard) — meta 2, existentes 0, faltam 2
  Gerando lote de 2...
  Criados 2 rascunhos.
Tipo 6 (hard) — meta 2, existentes 0, faltam 2
  Gerando lote de 2...
  Criados 2 rascunhos.
Geração concluída. Aprovando rascunhos pendentes...
Concluído. 62 exercício(s) aprovado(s) na unidade 4.3.

[89/108] === Unidade 4.2 - Mi Próxima Jornada Laboral — Tarefas e Marcadores de Tempo (00b0836e-3f2d-4efa-ae1b-cf4ab4fee8ea) ===
Unidade 4.2 — nível A2
Tipo 1 (medium) — meta 6, existentes 0, faltam 6
  Gerando lote de 6...
  Criados 6 rascunhos.
Tipo 2 (hard) — meta 2, existentes 0, faltam 2
  Gerando lote de 2...
  Criados 2 rascunhos.
Tipo 3 (hard) — meta 2, existentes 0, faltam 2
  Gerando lote de 2...
  Criados 2 rascunhos.
Tipo 4 (easy) — meta 12, existentes 0, faltam 12
  Gerando lote de 12...
  Criados 12 rascunhos.
Tipo 9 (hard) — meta 2, existentes 0, faltam 2
  Gerando lote de 2...
  Criados 2 rascunhos.
Tipo 10 (hard) — meta 2, existentes 0, faltam 2
  Gerando lote de 2...
  Criados 2 rascunhos.
Tipo 13 (medium) — meta 6, existentes 0, faltam 6
  Gerando lote de 6...
  Erro: Unexpected token ']', ..."visarei",
],
    "co"... is not valid JSON — aguardando e tentando de novo...
  Gerando lote de 6...
  Criados 6 rascunhos.
Tipo 11 (hard) — meta 2, existentes 0, faltam 2
  Gerando lote de 2...
  Criados 2 rascunhos.
Tipo 5 (easy) — meta 12, existentes 0, faltam 12
  Gerando lote de 12...
  Criados 12 rascunhos.
Tipo 7 (medium) — meta 6, existentes 0, faltam 6
  Gerando lote de 6...
  Erro: Expected double-quoted property name in JSON at position 1614 — aguardando e tentando de novo...
  Gerando lote de 6...
  Criados 6 rascunhos.
Tipo 12 (medium) — meta 6, existentes 0, faltam 6
  Gerando lote de 6...
  Criados 6 rascunhos.
Tipo 8 (hard) — meta 2, existentes 0, faltam 2
  Gerando lote de 2...
  Criados 2 rascunhos.
Tipo 6 (hard) — meta 2, existentes 0, faltam 2
  Gerando lote de 2...
  Criados 2 rascunhos.
Geração concluída. Aprovando rascunhos pendentes...
Concluído. 62 exercício(s) aprovado(s) na unidade 4.2.

[90/108] === Unidade 1.1 - ¿Qué Tareas Concluiste Ayer? — Verbos Regulares en -AR (a5dd6534-bab7-43d3-a4a0-fb724ca578e9) ===
Unidade 1.1 — nível A2
Tipo 1 (medium) — meta 6, existentes 0, faltam 6
  Gerando lote de 6...
  Criados 6 rascunhos.
Tipo 2 (hard) — meta 2, existentes 0, faltam 2
  Gerando lote de 2...
  Criados 2 rascunhos.
Tipo 3 (hard) — meta 2, existentes 0, faltam 2
  Gerando lote de 2...
  Criados 2 rascunhos.
Tipo 4 (easy) — meta 12, existentes 0, faltam 12
  Gerando lote de 12...
  Criados 12 rascunhos.
Tipo 9 (hard) — meta 2, existentes 0, faltam 2
  Gerando lote de 2...
  Criados 2 rascunhos.
Tipo 10 (hard) — meta 2, existentes 0, faltam 2
  Gerando lote de 2...
  Criados 2 rascunhos.
Tipo 13 (medium) — meta 6, existentes 0, faltam 6
  Gerando lote de 6...
  Criados 6 rascunhos.
Tipo 11 (hard) — meta 2, existentes 0, faltam 2
  Gerando lote de 2...
  Criados 2 rascunhos.
Tipo 5 (easy) — meta 12, existentes 0, faltam 12
  Gerando lote de 12...
  Criados 12 rascunhos.
Tipo 7 (medium) — meta 6, existentes 0, faltam 6
  Gerando lote de 6...
  Erro: Expected ',' or '}' after property value in JSON at position 390 — aguardando e tentando de novo...
  Gerando lote de 6...
  Criados 6 rascunhos.
Tipo 12 (medium) — meta 6, existentes 0, faltam 6
  Gerando lote de 6...
  Criados 6 rascunhos.
Tipo 8 (hard) — meta 2, existentes 0, faltam 2
  Gerando lote de 2...
  Criados 2 rascunhos.
Tipo 6 (hard) — meta 2, existentes 0, faltam 2
  Gerando lote de 2...
  Criados 2 rascunhos.
Geração concluída. Aprovando rascunhos pendentes...
Concluído. 62 exercício(s) aprovado(s) na unidade 1.1.

[91/108] === Unidade 4.1 - Minhas Responsabilidades Profissionais: Rotina e Entregas (74ed94e9-7de6-4d33-a88b-908448a715c5) ===
Unidade 4.1 — nível B1
Tipo 1 (medium) — meta 6, existentes 0, faltam 6
  Gerando lote de 6...
  Criados 6 rascunhos.
Tipo 2 (hard) — meta 2, existentes 0, faltam 2
  Gerando lote de 2...
  Criados 2 rascunhos.
Tipo 3 (hard) — meta 2, existentes 0, faltam 2
  Gerando lote de 2...
  Criados 2 rascunhos.
Tipo 4 (easy) — meta 12, existentes 0, faltam 12
  Gerando lote de 12...
  Criados 12 rascunhos.
Tipo 9 (hard) — meta 2, existentes 0, faltam 2
  Gerando lote de 2...
  Criados 2 rascunhos.
Tipo 10 (hard) — meta 2, existentes 0, faltam 2
  Gerando lote de 2...
  Criados 1 rascunhos.
Tipo 13 (medium) — meta 6, existentes 0, faltam 6
  Gerando lote de 6...
  Criados 6 rascunhos.
Tipo 11 (hard) — meta 2, existentes 0, faltam 2
  Gerando lote de 2...
  Criados 2 rascunhos.
Tipo 5 (easy) — meta 12, existentes 0, faltam 12
  Gerando lote de 12...
  Criados 12 rascunhos.
Tipo 7 (medium) — meta 6, existentes 0, faltam 6
  Gerando lote de 6...
  Criados 6 rascunhos.
Tipo 12 (medium) — meta 6, existentes 0, faltam 6
  Gerando lote de 6...
  Criados 6 rascunhos.
Tipo 8 (hard) — meta 2, existentes 0, faltam 2
  Gerando lote de 2...
  Criados 2 rascunhos.
Tipo 6 (hard) — meta 2, existentes 0, faltam 2
  Gerando lote de 2...
  Criados 2 rascunhos.
Geração concluída. Aprovando rascunhos pendentes...
Concluído. 61 exercício(s) aprovado(s) na unidade 4.1.

[92/108] === Unidade 4.3 - Causas e Finalidades no Ambiente Profissional: 'Já que' e 'Para que' (9b90a668-87cd-4316-9e38-0c26dfb74a04) ===
Unidade 4.3 — nível B1
Tipo 1 (medium) — meta 6, existentes 0, faltam 6
  Gerando lote de 6...
  Criados 6 rascunhos.
Tipo 2 (hard) — meta 2, existentes 0, faltam 2
  Gerando lote de 2...
  Criados 2 rascunhos.
Tipo 3 (hard) — meta 2, existentes 0, faltam 2
  Gerando lote de 2...
  Criados 2 rascunhos.
Tipo 4 (easy) — meta 12, existentes 0, faltam 12
  Gerando lote de 12...
  Criados 12 rascunhos.
Tipo 9 (hard) — meta 2, existentes 0, faltam 2
  Gerando lote de 2...
  Criados 2 rascunhos.
Tipo 10 (hard) — meta 2, existentes 0, faltam 2
  Gerando lote de 2...
  Criados 1 rascunhos.
Tipo 13 (medium) — meta 6, existentes 0, faltam 6
  Gerando lote de 6...
  Criados 6 rascunhos.
Tipo 11 (hard) — meta 2, existentes 0, faltam 2
  Gerando lote de 2...
  Criados 2 rascunhos.
Tipo 5 (easy) — meta 12, existentes 0, faltam 12
  Gerando lote de 12...
  Criados 12 rascunhos.
Tipo 7 (medium) — meta 6, existentes 0, faltam 6
  Gerando lote de 6...
  Criados 6 rascunhos.
Tipo 12 (medium) — meta 6, existentes 0, faltam 6
  Gerando lote de 6...
  Criados 6 rascunhos.
Tipo 8 (hard) — meta 2, existentes 0, faltam 2
  Gerando lote de 2...
  Criados 1 rascunhos.
Tipo 6 (hard) — meta 2, existentes 0, faltam 2
  Gerando lote de 2...
  Criados 2 rascunhos.
Geração concluída. Aprovando rascunhos pendentes...
Concluído. 60 exercício(s) aprovado(s) na unidade 4.3.

[93/108] === Unidade 1.2 - Retrospectiva Profissional: ¿O que Realizamos? (b737373f-860a-4da8-a37c-3b46755e3b45) ===
Unidade 1.2 — nível A2
Tipo 1 (medium) — meta 6, existentes 0, faltam 6
  Gerando lote de 6...
  Criados 6 rascunhos.
Tipo 2 (hard) — meta 2, existentes 0, faltam 2
  Gerando lote de 2...
  Criados 1 rascunhos.
Tipo 3 (hard) — meta 2, existentes 0, faltam 2
  Gerando lote de 2...
  Criados 2 rascunhos.
Tipo 4 (easy) — meta 12, existentes 0, faltam 12
  Gerando lote de 12...
  Criados 12 rascunhos.
Tipo 9 (hard) — meta 2, existentes 0, faltam 2
  Gerando lote de 2...
  Criados 2 rascunhos.
Tipo 10 (hard) — meta 2, existentes 0, faltam 2
  Gerando lote de 2...
  Criados 2 rascunhos.
Tipo 13 (medium) — meta 6, existentes 0, faltam 6
  Gerando lote de 6...
  Criados 6 rascunhos.
Tipo 11 (hard) — meta 2, existentes 0, faltam 2
  Gerando lote de 2...
  Criados 2 rascunhos.
Tipo 5 (easy) — meta 12, existentes 0, faltam 12
  Gerando lote de 12...
  Criados 12 rascunhos.
Tipo 7 (medium) — meta 6, existentes 0, faltam 6
  Gerando lote de 6...
  Criados 6 rascunhos.
Tipo 12 (medium) — meta 6, existentes 0, faltam 6
  Gerando lote de 6...
  Criados 6 rascunhos.
Tipo 8 (hard) — meta 2, existentes 0, faltam 2
  Gerando lote de 2...
  Criados 2 rascunhos.
Tipo 6 (hard) — meta 2, existentes 0, faltam 2
  Gerando lote de 2...
  Criados 2 rascunhos.
Geração concluída. Aprovando rascunhos pendentes...
Concluído. 61 exercício(s) aprovado(s) na unidade 1.2.

[94/108] === Unidade 1.5 - Tarefas e Metas Concluídas (d53387eb-8268-42f2-a6a2-e07fc99111d7) ===
Unidade 1.5 — nível A2
Tipo 1 (medium) — meta 6, existentes 0, faltam 6
  Gerando lote de 6...
  Criados 6 rascunhos.
Tipo 2 (hard) — meta 2, existentes 0, faltam 2
  Gerando lote de 2...
  Criados 2 rascunhos.
Tipo 3 (hard) — meta 2, existentes 0, faltam 2
  Gerando lote de 2...
  Criados 2 rascunhos.
Tipo 4 (easy) — meta 12, existentes 0, faltam 12
  Gerando lote de 12...
  Criados 12 rascunhos.
Tipo 9 (hard) — meta 2, existentes 0, faltam 2
  Gerando lote de 2...
  Criados 2 rascunhos.
Tipo 10 (hard) — meta 2, existentes 0, faltam 2
  Gerando lote de 2...
  Criados 2 rascunhos.
Tipo 13 (medium) — meta 6, existentes 0, faltam 6
  Gerando lote de 6...
  Criados 6 rascunhos.
Tipo 11 (hard) — meta 2, existentes 0, faltam 2
  Gerando lote de 2...
  Criados 2 rascunhos.
Tipo 5 (easy) — meta 12, existentes 0, faltam 12
  Gerando lote de 12...
  Criados 12 rascunhos.
Tipo 7 (medium) — meta 6, existentes 0, faltam 6
  Gerando lote de 6...
  Criados 6 rascunhos.
Tipo 12 (medium) — meta 6, existentes 0, faltam 6
  Gerando lote de 6...
  Criados 6 rascunhos.
Tipo 8 (hard) — meta 2, existentes 0, faltam 2
  Gerando lote de 2...
  Criados 2 rascunhos.
Tipo 6 (hard) — meta 2, existentes 0, faltam 2
  Gerando lote de 2...
  Criados 2 rascunhos.
Geração concluída. Aprovando rascunhos pendentes...
Concluído. 62 exercício(s) aprovado(s) na unidade 1.5.

[95/108] === Unidade 4.5 - Redacción Ejecutiva: Cohesión y Fluidez en la Comunicación Corporativa (5cba9092-ffa9-4405-b8f7-1123db39770f) ===
Unidade 4.5 — nível B1
Tipo 1 (medium) — meta 6, existentes 0, faltam 6
  Gerando lote de 6...
  Criados 6 rascunhos.
Tipo 2 (hard) — meta 2, existentes 0, faltam 2
  Gerando lote de 2...
  Criados 2 rascunhos.
Tipo 3 (hard) — meta 2, existentes 0, faltam 2
  Gerando lote de 2...
  Criados 2 rascunhos.
Tipo 4 (easy) — meta 12, existentes 0, faltam 12
  Gerando lote de 12...
  Criados 12 rascunhos.
Tipo 9 (hard) — meta 2, existentes 0, faltam 2
  Gerando lote de 2...
  Criados 2 rascunhos.
Tipo 10 (hard) — meta 2, existentes 0, faltam 2
  Gerando lote de 2...
  Criados 2 rascunhos.
Tipo 13 (medium) — meta 6, existentes 0, faltam 6
  Gerando lote de 6...
  Criados 6 rascunhos.
Tipo 11 (hard) — meta 2, existentes 0, faltam 2
  Gerando lote de 2...
  Criados 2 rascunhos.
Tipo 5 (easy) — meta 12, existentes 0, faltam 12
  Gerando lote de 12...
  Criados 12 rascunhos.
Tipo 7 (medium) — meta 6, existentes 0, faltam 6
  Gerando lote de 6...
  Criados 6 rascunhos.
Tipo 12 (medium) — meta 6, existentes 0, faltam 6
  Gerando lote de 6...
  Criados 6 rascunhos.
Tipo 8 (hard) — meta 2, existentes 0, faltam 2
  Gerando lote de 2...
  Criados 2 rascunhos.
Tipo 6 (hard) — meta 2, existentes 0, faltam 2
  Gerando lote de 2...
  Criados 2 rascunhos.
Geração concluída. Aprovando rascunhos pendentes...
Concluído. 62 exercício(s) aprovado(s) na unidade 4.5.

[96/108] === Unidade 1.4 - A Cronologia Essencial: Relatando Eventos Precedentes no Contexto Profissional (e1a85965-a73d-4c79-ad86-f2fabff96c0f) ===
Unidade 1.4 — nível B1
Tipo 1 (medium) — meta 6, existentes 0, faltam 6
  Gerando lote de 6...
  Criados 6 rascunhos.
Tipo 2 (hard) — meta 2, existentes 0, faltam 2
  Gerando lote de 2...
  Criados 2 rascunhos.
Tipo 3 (hard) — meta 2, existentes 0, faltam 2
  Gerando lote de 2...
  Criados 4 rascunhos.
Tipo 4 (easy) — meta 12, existentes 0, faltam 12
  Gerando lote de 12...
  Criados 12 rascunhos.
Tipo 9 (hard) — meta 2, existentes 0, faltam 2
  Gerando lote de 2...
  Criados 2 rascunhos.
Tipo 10 (hard) — meta 2, existentes 0, faltam 2
  Gerando lote de 2...
  Criados 2 rascunhos.
Tipo 13 (medium) — meta 6, existentes 0, faltam 6
  Gerando lote de 6...
  Criados 6 rascunhos.
Tipo 11 (hard) — meta 2, existentes 0, faltam 2
  Gerando lote de 2...
  Criados 2 rascunhos.
Tipo 5 (easy) — meta 12, existentes 0, faltam 12
  Gerando lote de 12...
  Erro: Expected ',' or '}' after property value in JSON at position 4823 — aguardando e tentando de novo...
  Gerando lote de 12...
  Criados 12 rascunhos.
Tipo 7 (medium) — meta 6, existentes 0, faltam 6
  Gerando lote de 6...
  Criados 6 rascunhos.
Tipo 12 (medium) — meta 6, existentes 0, faltam 6
  Gerando lote de 6...
  Criados 6 rascunhos.
Tipo 8 (hard) — meta 2, existentes 0, faltam 2
  Gerando lote de 2...
  Criados 2 rascunhos.
Tipo 6 (hard) — meta 2, existentes 0, faltam 2
  Gerando lote de 2...
  Criados 2 rascunhos.
Geração concluída. Aprovando rascunhos pendentes...
Concluído. 64 exercício(s) aprovado(s) na unidade 1.4.

[97/108] === Unidade 1.2 - Como era o trabalho antes? — Evolução e práticas profissionais (e667d880-a70c-4920-986d-2328d845125a) ===
Unidade 1.2 — nível B1
Tipo 1 (medium) — meta 6, existentes 0, faltam 6
  Gerando lote de 6...
  Erro: Exercícios gerados, mas falha ao salvar rascunho. — aguardando e tentando de novo...
  Gerando lote de 6...
  Criados 6 rascunhos.
Tipo 2 (hard) — meta 2, existentes 0, faltam 2
  Gerando lote de 2...
  Criados 2 rascunhos.
Tipo 3 (hard) — meta 2, existentes 0, faltam 2
  Gerando lote de 2...
  Criados 2 rascunhos.
Tipo 4 (easy) — meta 12, existentes 0, faltam 12
  Gerando lote de 12...
  Criados 12 rascunhos.
Tipo 9 (hard) — meta 2, existentes 0, faltam 2
  Gerando lote de 2...
  Criados 2 rascunhos.
Tipo 10 (hard) — meta 2, existentes 0, faltam 2
  Gerando lote de 2...
  Criados 2 rascunhos.
Tipo 13 (medium) — meta 6, existentes 0, faltam 6
  Gerando lote de 6...
  Criados 6 rascunhos.
Tipo 11 (hard) — meta 2, existentes 0, faltam 2
  Gerando lote de 2...
  Criados 2 rascunhos.
Tipo 5 (easy) — meta 12, existentes 0, faltam 12
  Gerando lote de 12...
  Criados 12 rascunhos.
Tipo 7 (medium) — meta 6, existentes 0, faltam 6
  Gerando lote de 6...
  Criados 6 rascunhos.
Tipo 12 (medium) — meta 6, existentes 0, faltam 6
  Gerando lote de 6...
  Criados 6 rascunhos.
Tipo 8 (hard) — meta 2, existentes 0, faltam 2
  Gerando lote de 2...
  Criados 1 rascunhos.
Tipo 6 (hard) — meta 2, existentes 0, faltam 2
  Gerando lote de 2...
  Criados 2 rascunhos.
Geração concluída. Aprovando rascunhos pendentes...
Concluído. 61 exercício(s) aprovado(s) na unidade 1.2.

[98/108] === Unidade 1.5 - Retrospectiva Profissional: Dominando a Narrativa de Carreira e Projetos (7776a195-d636-4cc6-87f8-c9e65c8c9352) ===
Unidade 1.5 — nível B1
Tipo 1 (medium) — meta 6, existentes 0, faltam 6
  Gerando lote de 6...
  Criados 6 rascunhos.
Tipo 2 (hard) — meta 2, existentes 0, faltam 2
  Gerando lote de 2...
  Criados 2 rascunhos.
Tipo 3 (hard) — meta 2, existentes 0, faltam 2
  Gerando lote de 2...
  Criados 2 rascunhos.
Tipo 4 (easy) — meta 12, existentes 0, faltam 12
  Gerando lote de 12...
  Criados 12 rascunhos.
Tipo 9 (hard) — meta 2, existentes 0, faltam 2
  Gerando lote de 2...
  Criados 2 rascunhos.
Tipo 10 (hard) — meta 2, existentes 0, faltam 2
  Gerando lote de 2...
  Criados 2 rascunhos.
Tipo 13 (medium) — meta 6, existentes 0, faltam 6
  Gerando lote de 6...
  Criados 6 rascunhos.
Tipo 11 (hard) — meta 2, existentes 0, faltam 2
  Gerando lote de 2...
  Criados 2 rascunhos.
Tipo 5 (easy) — meta 12, existentes 0, faltam 12
  Gerando lote de 12...
  Criados 12 rascunhos.
Tipo 7 (medium) — meta 6, existentes 0, faltam 6
  Gerando lote de 6...
  Criados 6 rascunhos.
Tipo 12 (medium) — meta 6, existentes 0, faltam 6
  Gerando lote de 6...
  Criados 6 rascunhos.
Tipo 8 (hard) — meta 2, existentes 0, faltam 2
  Gerando lote de 2...
  Criados 2 rascunhos.
Tipo 6 (hard) — meta 2, existentes 0, faltam 2
  Gerando lote de 2...
  Criados 2 rascunhos.
Geração concluída. Aprovando rascunhos pendentes...
Concluído. 62 exercício(s) aprovado(s) na unidade 1.5.

[99/108] === Unidade 2.4 - Fatos Confirmados e Cenários Possíveis: Navegando na Realidade Corporativa (ddc3848d-0f39-4a5a-b748-dd6f7f56b2de) ===
Unidade 2.4 — nível B1
Tipo 1 (medium) — meta 6, existentes 0, faltam 6
  Gerando lote de 6...
  Criados 6 rascunhos.
Tipo 2 (hard) — meta 2, existentes 0, faltam 2
  Gerando lote de 2...
  Criados 2 rascunhos.
Tipo 3 (hard) — meta 2, existentes 0, faltam 2
  Gerando lote de 2...
  Criados 2 rascunhos.
Tipo 4 (easy) — meta 12, existentes 0, faltam 12
  Gerando lote de 12...
  Criados 12 rascunhos.
Tipo 9 (hard) — meta 2, existentes 0, faltam 2
  Gerando lote de 2...
  Criados 2 rascunhos.
Tipo 10 (hard) — meta 2, existentes 0, faltam 2
  Gerando lote de 2...
  Criados 2 rascunhos.
Tipo 13 (medium) — meta 6, existentes 0, faltam 6
  Gerando lote de 6...
  Criados 6 rascunhos.
Tipo 11 (hard) — meta 2, existentes 0, faltam 2
  Gerando lote de 2...
  Criados 2 rascunhos.
Tipo 5 (easy) — meta 12, existentes 0, faltam 12
  Gerando lote de 12...
  Criados 12 rascunhos.
Tipo 7 (medium) — meta 6, existentes 0, faltam 6
  Gerando lote de 6...
  Criados 6 rascunhos.
Tipo 12 (medium) — meta 6, existentes 0, faltam 6
  Gerando lote de 6...
  Criados 6 rascunhos.
Tipo 8 (hard) — meta 2, existentes 0, faltam 2
  Gerando lote de 2...
  Criados 2 rascunhos.
Tipo 6 (hard) — meta 2, existentes 0, faltam 2
  Gerando lote de 2...
  Criados 2 rascunhos.
Geração concluída. Aprovando rascunhos pendentes...
Concluído. 62 exercício(s) aprovado(s) na unidade 2.4.

[100/108] === Unidade 2.1 - Projetando o Futuro: Desejos e Expectativas Profissionais (114dc46b-aaed-4cf9-9a3b-acf4dafa46b1) ===
Unidade 2.1 — nível B1
Tipo 1 (medium) — meta 6, existentes 0, faltam 6
  Gerando lote de 6...
  Criados 6 rascunhos.
Tipo 2 (hard) — meta 2, existentes 0, faltam 2
  Gerando lote de 2...
  Criados 2 rascunhos.
Tipo 3 (hard) — meta 2, existentes 0, faltam 2
  Gerando lote de 2...
  Criados 2 rascunhos.
Tipo 4 (easy) — meta 12, existentes 0, faltam 12
  Gerando lote de 12...
  Criados 12 rascunhos.
Tipo 9 (hard) — meta 2, existentes 0, faltam 2
  Gerando lote de 2...
  Criados 2 rascunhos.
Tipo 10 (hard) — meta 2, existentes 0, faltam 2
  Gerando lote de 2...
  Criados 2 rascunhos.
Tipo 13 (medium) — meta 6, existentes 0, faltam 6
  Gerando lote de 6...
  Criados 6 rascunhos.
Tipo 11 (hard) — meta 2, existentes 0, faltam 2
  Gerando lote de 2...
  Criados 2 rascunhos.
Tipo 5 (easy) — meta 12, existentes 0, faltam 12
  Gerando lote de 12...
  Criados 12 rascunhos.
Tipo 7 (medium) — meta 6, existentes 0, faltam 6
  Gerando lote de 6...
  Criados 6 rascunhos.
Tipo 12 (medium) — meta 6, existentes 0, faltam 6
  Gerando lote de 6...
  Criados 6 rascunhos.
Tipo 8 (hard) — meta 2, existentes 0, faltam 2
  Gerando lote de 2...
  Criados 2 rascunhos.
Tipo 6 (hard) — meta 2, existentes 0, faltam 2
  Gerando lote de 2...
  Criados 2 rascunhos.
Geração concluída. Aprovando rascunhos pendentes...
Concluído. 62 exercício(s) aprovado(s) na unidade 2.1.

[101/108] === Unidade 2.2 - Meu Escritório, Minhas Ferramentas (6acfc080-62d4-4359-9110-0d17fe677fd0) ===
Unidade 2.2 — nível A1
Tipo 1 (medium) — meta 6, existentes 0, faltam 6
  Gerando lote de 6...
  Criados 6 rascunhos.
Tipo 2 (hard) — meta 2, existentes 0, faltam 2
  Gerando lote de 2...
  Erro: Unterminated string in JSON at position 28692 — aguardando e tentando de novo...
  Gerando lote de 2...
  Criados 1 rascunhos.
Tipo 3 (hard) — meta 2, existentes 0, faltam 2
  Gerando lote de 2...
  Criados 2 rascunhos.
Tipo 4 (easy) — meta 12, existentes 0, faltam 12
  Gerando lote de 12...
  Criados 12 rascunhos.
Tipo 9 (hard) — meta 2, existentes 0, faltam 2
  Gerando lote de 2...
  Criados 2 rascunhos.
Tipo 10 (hard) — meta 2, existentes 0, faltam 2
  Gerando lote de 2...
  Criados 2 rascunhos.
Tipo 13 (medium) — meta 6, existentes 0, faltam 6
  Gerando lote de 6...
  Criados 6 rascunhos.
Tipo 11 (hard) — meta 2, existentes 0, faltam 2
  Gerando lote de 2...
  Criados 2 rascunhos.
Tipo 5 (easy) — meta 12, existentes 0, faltam 12
  Gerando lote de 12...
  Criados 12 rascunhos.
Tipo 7 (medium) — meta 6, existentes 0, faltam 6
  Gerando lote de 6...
  Criados 6 rascunhos.
Tipo 12 (medium) — meta 6, existentes 0, faltam 6
  Gerando lote de 6...
  Criados 6 rascunhos.
Tipo 8 (hard) — meta 2, existentes 0, faltam 2
  Gerando lote de 2...
  Criados 2 rascunhos.
Tipo 6 (hard) — meta 2, existentes 0, faltam 2
  Gerando lote de 2...
  Criados 2 rascunhos.
Geração concluída. Aprovando rascunhos pendentes...
Concluído. 61 exercício(s) aprovado(s) na unidade 2.2.

[102/108] === Unidade 2.6 - Análise de Dados Numéricos: De Centenas a Milhares (30b171dc-8e83-4baf-a9a0-529cbf6c5783) ===
Unidade 2.6 — nível A1
Tipo 1 (medium) — meta 6, existentes 0, faltam 6
  Gerando lote de 6...
  Criados 6 rascunhos.
Tipo 2 (hard) — meta 2, existentes 0, faltam 2
  Gerando lote de 2...
  Criados 1 rascunhos.
Tipo 3 (hard) — meta 2, existentes 0, faltam 2
  Gerando lote de 2...
  Criados 1 rascunhos.
Tipo 4 (easy) — meta 12, existentes 0, faltam 12
  Gerando lote de 12...
  Criados 12 rascunhos.
Tipo 9 (hard) — meta 2, existentes 0, faltam 2
  Gerando lote de 2...
  Criados 2 rascunhos.
Tipo 10 (hard) — meta 2, existentes 0, faltam 2
  Gerando lote de 2...
  Criados 2 rascunhos.
Tipo 13 (medium) — meta 6, existentes 0, faltam 6
  Gerando lote de 6...
  Criados 6 rascunhos.
Tipo 11 (hard) — meta 2, existentes 0, faltam 2
  Gerando lote de 2...
  Criados 2 rascunhos.
Tipo 5 (easy) — meta 12, existentes 0, faltam 12
  Gerando lote de 12...
  Criados 12 rascunhos.
Tipo 7 (medium) — meta 6, existentes 0, faltam 6
  Gerando lote de 6...
  Criados 6 rascunhos.
Tipo 12 (medium) — meta 6, existentes 0, faltam 6
  Gerando lote de 6...
  Criados 6 rascunhos.
Tipo 8 (hard) — meta 2, existentes 0, faltam 2
  Gerando lote de 2...
  Criados 2 rascunhos.
Tipo 6 (hard) — meta 2, existentes 0, faltam 2
  Gerando lote de 2...
  Criados 2 rascunhos.
Geração concluída. Aprovando rascunhos pendentes...
Concluído. 60 exercício(s) aprovado(s) na unidade 2.6.

[103/108] === Unidade 2.5 - Localização no Contexto Profissional: Onde Estão os Recursos e a Equipe? (197056ce-b284-4616-b612-afc22a50322c) ===
Unidade 2.5 — nível A1
Tipo 1 (medium) — meta 6, existentes 0, faltam 6
  Gerando lote de 6...
  Criados 6 rascunhos.
Tipo 2 (hard) — meta 2, existentes 0, faltam 2
  Gerando lote de 2...
  Criados 2 rascunhos.
Tipo 3 (hard) — meta 2, existentes 0, faltam 2
  Gerando lote de 2...
  Criados 2 rascunhos.
Tipo 4 (easy) — meta 12, existentes 0, faltam 12
  Gerando lote de 12...
  Criados 12 rascunhos.
Tipo 9 (hard) — meta 2, existentes 0, faltam 2
  Gerando lote de 2...
  Criados 2 rascunhos.
Tipo 10 (hard) — meta 2, existentes 0, faltam 2
  Gerando lote de 2...
  Criados 2 rascunhos.
Tipo 13 (medium) — meta 6, existentes 0, faltam 6
  Gerando lote de 6...
  Criados 6 rascunhos.
Tipo 11 (hard) — meta 2, existentes 0, faltam 2
  Gerando lote de 2...
  Criados 2 rascunhos.
Tipo 5 (easy) — meta 12, existentes 0, faltam 12
  Gerando lote de 12...
  Criados 12 rascunhos.
Tipo 7 (medium) — meta 6, existentes 0, faltam 6
  Gerando lote de 6...
  Criados 6 rascunhos.
Tipo 12 (medium) — meta 6, existentes 0, faltam 6
  Gerando lote de 6...
  Criados 6 rascunhos.
Tipo 8 (hard) — meta 2, existentes 0, faltam 2
  Gerando lote de 2...
  Criados 2 rascunhos.
Tipo 6 (hard) — meta 2, existentes 0, faltam 2
  Gerando lote de 2...
  Criados 2 rascunhos.
Geração concluída. Aprovando rascunhos pendentes...
Concluído. 62 exercício(s) aprovado(s) na unidade 2.5.

[104/108] === Unidade 2.4 - Inventario y Descripción: Recursos, Colores y Cantidades en el Entorno Corporativo (530edc13-ebf2-4c7d-a1a0-ebf144cea6bd) ===
Unidade 2.4 — nível A1
Tipo 1 (medium) — meta 6, existentes 0, faltam 6
  Gerando lote de 6...
  Criados 6 rascunhos.
Tipo 2 (hard) — meta 2, existentes 0, faltam 2
  Gerando lote de 2...
  Criados 2 rascunhos.
Tipo 3 (hard) — meta 2, existentes 0, faltam 2
  Gerando lote de 2...
  Criados 2 rascunhos.
Tipo 4 (easy) — meta 12, existentes 0, faltam 12
  Gerando lote de 12...
  Criados 12 rascunhos.
Tipo 9 (hard) — meta 2, existentes 0, faltam 2
  Gerando lote de 2...
  Criados 2 rascunhos.
Tipo 10 (hard) — meta 2, existentes 0, faltam 2
  Gerando lote de 2...
  Criados 2 rascunhos.
Tipo 13 (medium) — meta 6, existentes 0, faltam 6
  Gerando lote de 6...
  Criados 6 rascunhos.
Tipo 11 (hard) — meta 2, existentes 0, faltam 2
  Gerando lote de 2...
  Criados 2 rascunhos.
Tipo 5 (easy) — meta 12, existentes 0, faltam 12
  Gerando lote de 12...
  Criados 12 rascunhos.
Tipo 7 (medium) — meta 6, existentes 0, faltam 6
  Gerando lote de 6...
  Criados 6 rascunhos.
Tipo 12 (medium) — meta 6, existentes 0, faltam 6
  Gerando lote de 6...
  Criados 6 rascunhos.
Tipo 8 (hard) — meta 2, existentes 0, faltam 2
  Gerando lote de 2...
  Criados 2 rascunhos.
Tipo 6 (hard) — meta 2, existentes 0, faltam 2
  Gerando lote de 2...
  Criados 2 rascunhos.
Geração concluída. Aprovando rascunhos pendentes...
Concluído. 62 exercício(s) aprovado(s) na unidade 2.4.

[105/108] === Unidade 2.1 - Mis Responsabilidades y Antigüedad Profesional (ad764e88-0f2a-462a-88a1-92a51c99be5e) ===
Unidade 2.1 — nível A1
Tipo 1 (medium) — meta 6, existentes 0, faltam 6
  Gerando lote de 6...
  Criados 6 rascunhos.
Tipo 2 (hard) — meta 2, existentes 0, faltam 2
  Gerando lote de 2...
  Criados 2 rascunhos.
Tipo 3 (hard) — meta 2, existentes 0, faltam 2
  Gerando lote de 2...
  Criados 2 rascunhos.
Tipo 4 (easy) — meta 12, existentes 0, faltam 12
  Gerando lote de 12...
  Criados 12 rascunhos.
Tipo 9 (hard) — meta 2, existentes 0, faltam 2
  Gerando lote de 2...
  Criados 2 rascunhos.
Tipo 10 (hard) — meta 2, existentes 0, faltam 2
  Gerando lote de 2...
  Criados 1 rascunhos.
Tipo 13 (medium) — meta 6, existentes 0, faltam 6
  Gerando lote de 6...
  Criados 6 rascunhos.
Tipo 11 (hard) — meta 2, existentes 0, faltam 2
  Gerando lote de 2...
  Criados 2 rascunhos.
Tipo 5 (easy) — meta 12, existentes 0, faltam 12
  Gerando lote de 12...
  Criados 12 rascunhos.
Tipo 7 (medium) — meta 6, existentes 0, faltam 6
  Gerando lote de 6...
  Criados 6 rascunhos.
Tipo 12 (medium) — meta 6, existentes 0, faltam 6
  Gerando lote de 6...
  Criados 6 rascunhos.
Tipo 8 (hard) — meta 2, existentes 0, faltam 2
  Gerando lote de 2...
  Criados 2 rascunhos.
Tipo 6 (hard) — meta 2, existentes 0, faltam 2
  Gerando lote de 2...
  Criados 2 rascunhos.
Geração concluída. Aprovando rascunhos pendentes...
Concluído. 61 exercício(s) aprovado(s) na unidade 2.1.

[106/108] === Unidade 3.4 - Cenários de Impacto: Se Houvesse, Faríamos (dc06104c-d785-4d2b-8ad7-383a7c54e784) ===
Unidade 3.4 — nível B1
Tipo 1 (medium) — meta 6, existentes 0, faltam 6
  Gerando lote de 6...
  Criados 6 rascunhos.
Tipo 2 (hard) — meta 2, existentes 0, faltam 2
  Gerando lote de 2...
  Criados 2 rascunhos.
Tipo 3 (hard) — meta 2, existentes 0, faltam 2
  Gerando lote de 2...
  Criados 2 rascunhos.
Tipo 4 (easy) — meta 12, existentes 0, faltam 12
  Gerando lote de 12...
  Criados 12 rascunhos.
Tipo 9 (hard) — meta 2, existentes 0, faltam 2
  Gerando lote de 2...
  Criados 2 rascunhos.
Tipo 10 (hard) — meta 2, existentes 0, faltam 2
  Gerando lote de 2...
  Criados 2 rascunhos.
Tipo 13 (medium) — meta 6, existentes 0, faltam 6
  Gerando lote de 6...
  Criados 6 rascunhos.
Tipo 11 (hard) — meta 2, existentes 0, faltam 2
  Gerando lote de 2...
  Criados 2 rascunhos.
Tipo 5 (easy) — meta 12, existentes 0, faltam 12
  Gerando lote de 12...
  Criados 12 rascunhos.
Tipo 7 (medium) — meta 6, existentes 0, faltam 6
  Gerando lote de 6...
  Criados 6 rascunhos.
Tipo 12 (medium) — meta 6, existentes 0, faltam 6
  Gerando lote de 6...
  Criados 6 rascunhos.
Tipo 8 (hard) — meta 2, existentes 0, faltam 2
  Gerando lote de 2...
  Criados 2 rascunhos.
Tipo 6 (hard) — meta 2, existentes 0, faltam 2
  Gerando lote de 2...
  Criados 2 rascunhos.
Geração concluída. Aprovando rascunhos pendentes...
Concluído. 62 exercício(s) aprovado(s) na unidade 3.4.

[107/108] === Unidade 3.1 - Na Empresa: Tarefas e Recursos (1ece899a-7ca3-4f30-96e9-8113c60a9d79) ===
Unidade 3.1 — nível A1
Tipo 1 (medium) — meta 6, existentes 0, faltam 6
  Gerando lote de 6...
  Criados 6 rascunhos.
Tipo 2 (hard) — meta 2, existentes 0, faltam 2
  Gerando lote de 2...
  Criados 2 rascunhos.
Tipo 3 (hard) — meta 2, existentes 0, faltam 2
  Gerando lote de 2...
  Criados 2 rascunhos.
Tipo 4 (easy) — meta 12, existentes 0, faltam 12
  Gerando lote de 12...
  Criados 12 rascunhos.
Tipo 9 (hard) — meta 2, existentes 0, faltam 2
  Gerando lote de 2...
  Criados 2 rascunhos.
Tipo 10 (hard) — meta 2, existentes 0, faltam 2
  Gerando lote de 2...
  Erro: Expected double-quoted property name in JSON at position 1459 — aguardando e tentando de novo...
  Gerando lote de 2...
  Criados 2 rascunhos.
Tipo 13 (medium) — meta 6, existentes 0, faltam 6
  Gerando lote de 6...
  Criados 6 rascunhos.
Tipo 11 (hard) — meta 2, existentes 0, faltam 2
  Gerando lote de 2...
  Criados 2 rascunhos.
Tipo 5 (easy) — meta 12, existentes 0, faltam 12
  Gerando lote de 12...
  Criados 12 rascunhos.
Tipo 7 (medium) — meta 6, existentes 0, faltam 6
  Gerando lote de 6...
  Criados 6 rascunhos.
Tipo 12 (medium) — meta 6, existentes 0, faltam 6
  Gerando lote de 6...
  Criados 6 rascunhos.
Tipo 8 (hard) — meta 2, existentes 0, faltam 2
  Gerando lote de 2...
  Criados 2 rascunhos.
Tipo 6 (hard) — meta 2, existentes 0, faltam 2
  Gerando lote de 2...
  Criados 2 rascunhos.
Geração concluída. Aprovando rascunhos pendentes...
Concluído. 62 exercício(s) aprovado(s) na unidade 3.1.

[108/108] === Unidade 4.7 - Modo Imperativo — Instruções e Solicitações no Ambiente de Trabalho (6add3958-f035-4f1a-a43d-0dafd67bb206) ===
Unidade 4.7 — nível A1
Tipo 1 (medium) — meta 6, existentes 0, faltam 6
  Gerando lote de 6...
  Criados 6 rascunhos.
Tipo 2 (hard) — meta 2, existentes 0, faltam 2
  Gerando lote de 2...
  Criados 2 rascunhos.
Tipo 3 (hard) — meta 2, existentes 0, faltam 2
  Gerando lote de 2...
  Criados 2 rascunhos.
Tipo 4 (easy) — meta 12, existentes 0, faltam 12
  Gerando lote de 12...
  Criados 12 rascunhos.
Tipo 9 (hard) — meta 2, existentes 0, faltam 2
  Gerando lote de 2...
  Criados 2 rascunhos.
Tipo 10 (hard) — meta 2, existentes 0, faltam 2
  Gerando lote de 2...
  Criados 2 rascunhos.
Tipo 13 (medium) — meta 6, existentes 0, faltam 6
  Gerando lote de 6...
  Criados 6 rascunhos.
Tipo 11 (hard) — meta 2, existentes 0, faltam 2
  Gerando lote de 2...
  Criados 2 rascunhos.
Tipo 5 (easy) — meta 12, existentes 0, faltam 12
  Gerando lote de 12...
  Criados 12 rascunhos.
Tipo 7 (medium) — meta 6, existentes 0, faltam 6
  Gerando lote de 6...
  Criados 6 rascunhos.
Tipo 12 (medium) — meta 6, existentes 0, faltam 6
  Gerando lote de 6...
  Criados 6 rascunhos.
Tipo 8 (hard) — meta 2, existentes 0, faltam 2
  Gerando lote de 2...
  Criados 2 rascunhos.
Tipo 6 (hard) — meta 2, existentes 0, faltam 2
  Gerando lote de 2...
  Criados 2 rascunhos.
Geração concluída. Aprovando rascunhos pendentes...
Concluído. 62 exercício(s) aprovado(s) na unidade 4.7.

=== FIM DO LOTE ===
Sucesso: 108  Falhas: 0
